"01000000","arts, culture and entertainment","Matters pertaining to the advancement and refinement of the human mind, of interests, skills, tastes and emotions "
"01001000","arts, culture and entertainment/archaeology","Probing the past through ruins and artefacts "
"01002000","arts, culture and entertainment/architecture","Designing of buildings, monuments and the spaces around them "
"01003000","arts, culture and entertainment/bullfighting","Classical contest pitting man against the bull "
"01004000","arts, culture and entertainment/festive event (including carnival)","Parades, parties, celebrations and the like not necessarily tied to a fixed occasion or date "
"01005000","arts, culture and entertainment/cinema","Cinema as art and entertainment "
"01005001","arts, culture and entertainment/cinema/film festival","National and international motion pictures festivals, selections, festival juries, nominations, awards etc. "
"01006000","arts, culture and entertainment/dance","The expression of emotion or message through movement "
"01007000","arts, culture and entertainment/fashion","The design of clothing and accessories "
"01007001","arts, culture and entertainment/fashion/jewelry","Accessories to clothing "
"01008000","arts, culture and entertainment/language","The means by which people communicate with each other "
"01009000","arts, culture and entertainment/library and museum","Edifices used to house collections of books, music, art, or objects from the past and present for public use and display "
"01010000","arts, culture and entertainment/literature","The use of pamphlets, books or other printed matter to convey ideas, stories or other messages for the public "
"01010001","arts, culture and entertainment/literature/fiction","Structured stories that are usually not based on fact but are the creation of the authors imagination "
"01010002","arts, culture and entertainment/literature/poetry","The art, structure, forms of poetic expression "
"01011000","arts, culture and entertainment/music","Expressing emotion or message through instruments or voice using different sounds, tones, harmonies and the like "
"01011001","arts, culture and entertainment/music/classical music","Music that follows classic structures of rhythm and harmony "
"01011002","arts, culture and entertainment/music/folk music","Music that developed from folk cultures, often based on story-telling "
"01011003","arts, culture and entertainment/music/jazz music","A music of diverse harmonics, often improvised "
"01011004","arts, culture and entertainment/music/popular music","The latest fad in music, generally aimed at the younger generation "
"01011005","arts, culture and entertainment/music/country music","Similar to folk but is unique to the United States and is less about story telling than about loves sought and lost "
"01011006","arts, culture and entertainment/music/rock and roll music","Popular dance music developed in the 1950s "
"01011007","arts, culture and entertainment/music/hip-hop","A contemporary urban music originating in the 1970s. "
"01012000","arts, culture and entertainment/painting","Using the mediums of oils, watercolour, pastel, pencils, chalk, crayon etc on various grounds to express emotion or message "
"01013000","arts, culture and entertainment/photography","Mechanical means of creating images of objects by use of light and light sensitive materials with chemicals or by digitals means "
"01014000","arts, culture and entertainment/radio","Radio as art and entertainment "
"01015000","arts, culture and entertainment/sculpture","Representation of forms in clays, stone, woods, metals or other materials "
"01015001","arts, culture and entertainment/sculpture/plastic art","Forms of hand created art including installations "
"01016000","arts, culture and entertainment/television","Television as art and entertainment "
"01016001","arts, culture and entertainment/television/soap opera","Episodic TV drama or saga, normally aired during daytime "
"01017000","arts, culture and entertainment/theatre","Telling of a story or idea through dialogue, music and physical expression in a space or building designed for it "
"01017001","arts, culture and entertainment/theatre/music theatre","Opera, operetta, music revues etc "
"01018000","arts, culture and entertainment/monument and heritage site","Areas containing commemorative objects for historical people or events "
"01018001","arts, culture and entertainment/monument and heritage site/institution-DEPRECATED","NA"
"01019000","arts, culture and entertainment/customs and tradition","A particular way of behaving, or observances that have developed over time by a group of people "
"01020000","arts, culture and entertainment/arts (general)","The collective expression of message or emotion through music, literature, painting, theatre or other means "
"01021000","arts, culture and entertainment/entertainment (general)","The collective use of television, radio, theatre, music and the like for the amusement of people "
"01021001","arts, culture and entertainment/entertainment (general)/entertainment award","Awards for achievement in the entertainment industry, such as the Oscars for film, the Booker Prize for Literature, the Grammys for music, or induction into halls of fame. "
"01022000","arts, culture and entertainment/culture (general)","The ideas, customs, arts, skills of a particular group "
"01022001","arts, culture and entertainment/culture (general)/cultural development","The history of the development of art and culture such as the rise of cave paintings, pre-Colombian art, Chinese paper-making, anything non-political "
"01023000","arts, culture and entertainment/nightclub","A commercial establishment providing music, or other entertainment along with food and drink to selected clientele "
"01024000","arts, culture and entertainment/cartoon","Still images such as editorial cartoons and comic strips "
"01025000","arts, culture and entertainment/animation","Animation, including full-length and short cinema, artists and merchandising of goods featuring animation characters. "
"01026000","arts, culture and entertainment/mass media","Television, radio, magazines, newspapers etc "
"01026001","arts, culture and entertainment/mass media/periodicals","Written material that is usually published weekly, bi-weekly, monthly or annually for a long time "
"01026002","arts, culture and entertainment/mass media/news media","Television, wire services, radio that collect facts about incidents, developing and presenting them to audiences as a whole story "
"01026003","arts, culture and entertainment/mass media/newspapers","Daily or weekly publications that present the day to day history of the world, as well as features, comics etc "
"01026004","arts, culture and entertainment/mass media/reviews","A critical look at someone else's work, whether film, theatre or writing "
"01027000","arts, culture and entertainment/internet","Internet as art and entertainment "
"01028000","arts, culture and entertainment/history","Issues connected with the past; discoveries, repair, conservation or display of artifacts; anniversaries of historic events "
"02000000","crime, law and justice","Establishment and/or statement of the rules of behaviour in society, the enforcement of these rules, breaches of the rules and the punishment of offenders. Organizations and bodies involved in these activities. "
"02001000","crime, law and justice/crime","Violation of established laws by individuals, companies or organizations "
"02001001","crime, law and justice/crime/homicide","Killing of one person by another "
"02001002","crime, law and justice/crime/computer crime","Theft or destructive behaviour using a computer "
"02001003","crime, law and justice/crime/theft","Unlawful taking "
"02001004","crime, law and justice/crime/drug trafficking","Dealing in illicit often harmful substances "
"02001005","crime, law and justice/crime/sexual assault","Sexual battery of one sex against another "
"02001006","crime, law and justice/crime/assault (general)","Battery, slugfests, brawls and threatening behaviour "
"02001007","crime, law and justice/crime/kidnapping","To seize and detain or carry away a person against that person's will by unlawful threat, force or fraud "
"02001008","crime, law and justice/crime/arson","Intentional setting of fires with criminal intent "
"02001009","crime, law and justice/crime/gang activity","Criminal activities by groups of individuals, usually in urban areas, who are allied by common territories, languages, ethnic backgrounds but generally are loosely organized. "
"02001010","crime, law and justice/crime/terrorism","Violence against people to create fear in order to achieve political or ideological objectives "
"02002000","crime, law and justice/judiciary (system of justice)","The system set up to deal with crime and those who do them "
"02002001","crime, law and justice/judiciary (system of justice)/lawyer","Anyone legally able to represent another person or entity in a legal matter, such as a lawyer, solicitor, barrister, procurator, notary. "
"02002002","crime, law and justice/judiciary (system of justice)/judge","Members of the bench that sit in judgement "
"02002003","crime, law and justice/judiciary (system of justice)/court administration","Court clerks, bailiffs, stenographers etc. "
"02003000","crime, law and justice/police","Agents of the legal system set up enforce the laws "
"02003001","crime, law and justice/police/law enforcement","Agencies involved in attempts to prevent disobedience to established laws, or to bring to justice those that disobey those laws "
"02003002","crime, law and justice/police/investigation","Process of inquiry of a possible crime up to the point of arrest "
"02003003","crime, law and justice/police/arrest","Detention of a suspect of a crime "
"02004000","crime, law and justice/punishment","The retribution handed out to those who break the laws "
"02004001","crime, law and justice/punishment/fine","Monetary punishment "
"02004002","crime, law and justice/punishment/execution","The carrying out of executions by a government or state, not by extralegal groups/organisations "
"02005000","crime, law and justice/prison","Also know as jails, lockups, calaboose, etc. for keeping law breakers from society "
"02006000","crime, law and justice/laws","The codification of rules of behaviour "
"02006001","crime, law and justice/laws/criminal","The criminal code system "
"02006002","crime, law and justice/laws/civil","The civil code system "
"02007000","crime, law and justice/justice and rights","The equitable administration of laws and regulations "
"02007001","crime, law and justice/justice and rights/civil rights","Rights of individuals under civil law "
"02008000","crime, law and justice/trials","The process by which guilt or innocence, or right or wrong is determined and adjudged "
"02008001","crime, law and justice/trials/litigation","Taking disputed issues to court for settlement by judge and/or jury "
"02008002","crime, law and justice/trials/arbitration","Resolution of disputed issues by a neutral panel "
"02008003","crime, law and justice/trials/court preliminary","Pre-trial events including pleas, bail, motions, discovery, depositions. "
"02009000","crime, law and justice/prosecution","Stories regarding activities and investigations by public prosecutors. "
"02009001","crime, law and justice/prosecution/defendant","The person on trial "
"02009002","crime, law and justice/prosecution/witness","A person who testifies "
"02010000","crime, law and justice/organized crime","Crimes committed by gangs or criminal groups. "
"02011000","crime, law and justice/international law","The system of laws embraced by all nations, such as the Geneva Convention, the International Law of the Seas, etc. "
"02011001","crime, law and justice/international law/international court or tribunal","The activities of international tribunals such as European court for human rights, Hague tribunal, International Court of Justice etc "
"02011002","crime, law and justice/international law/extradition","Legal transfer of criminals or suspects between countries "
"02012000","crime, law and justice/corporate crime","Misdeeds of corporations and corporate officers "
"02012001","crime, law and justice/corporate crime/fraud","Intentional deception that causes others to give up rights or property "
"02012002","crime, law and justice/corporate crime/embezzlement","The intentional theft of money left in one's care "
"02012003","crime, law and justice/corporate crime/restraint of trade","Interference in free competition in business and trade "
"02012004","crime, law and justice/corporate crime/breach of contract","Rupture of legal agreements between companies, and with customers "
"02012005","crime, law and justice/corporate crime/anti-trust crime","Violations of laws against monopolies "
"02012006","crime, law and justice/corporate crime/corruption","General business misbehaviour "
"02012007","crime, law and justice/corporate crime/bribery","Payments or benefits to influence the outcome of a legal case "
"02013000","crime, law and justice/war crime","Crimes committed during a war or armed conflict, usually against civilians or POW's, including the prosecution of such crimes "
"02014000","crime, law and justice/inquest","Formal investigation of sudden or unexpected death and the hearing to decide cause of death. "
"02015000","crime, law and justice/inquiry","Formal hearing involving a disaster, political event etc. Eg rail crash, drug prescription scandal. "
"02016000","crime, law and justice/tribunal","Formal hearing usually involving employment issues, property etc. "
"03000000","disaster and accident","Man made and natural events resulting in loss of life or injury to living creatures and/or damage to inanimate objects or property. "
"03001000","disaster and accident/drought","A severe lack of water over a period of time "
"03002000","disaster and accident/earthquake","The shifting of the tectonic plates of the Earth, creating in some cases damage to structures "
"03003000","disaster and accident/famine","Severe lack of food for a large population "
"03004000","disaster and accident/fire","Ignition and consumption of materials through a combination of high heat and oxygen "
"03005000","disaster and accident/flood","Surfeit of water, caused by heavy rains or melting snow, usually in places where it's not wanted "
"03006000","disaster and accident/industrial accident","A mishap in a factory, a shop or an office, potentially harmful to humans "
"03006001","disaster and accident/industrial accident/structural failures","When a building, bridge or other structures collapse because of unexpected forces or poor design "
"03007000","disaster and accident/meteorological disaster","A weather-related disaster "
"03007001","disaster and accident/meteorological disaster/windstorms","A storm of high velocity but non-hurricane force movements of air with little or no rain or hail. Often highly destructive "
"03008000","disaster and accident/nuclear accident","A mishap involving radioactive materials "
"03009000","disaster and accident/pollution","Emissions of unwanted materials in areas where it can be harmful "
"03010000","disaster and accident/transport accident","An accident involving one or more vehicles "
"03010001","disaster and accident/transport accident/road accident","Accidents on roads. "
"03010002","disaster and accident/transport accident/railway accident","Accidents involving trains. "
"03010003","disaster and accident/transport accident/air and space accident","Accidents involving craft in air or space. "
"03010004","disaster and accident/transport accident/maritime accident","Accidents involving marine vessels. "
"03011000","disaster and accident/volcanic eruption","A rupture in the skin of the Earth allowing molten material to escape to the surface "
"03012000","disaster and accident/relief and aid organisation","Organizations set up to provide help to those in need because of lack of food, water or shelter "
"03013000","disaster and accident/accident (general)","Any unplanned event that causes unwanted consequences "
"03014000","disaster and accident/emergency incident","A sudden, unexpected event that requires immediate action "
"03014001","disaster and accident/emergency incident/explosion","Sudden eruptions, usually of chemical substances "
"03015000","disaster and accident/disaster (general)","Serious or sudden misfortune "
"03015001","disaster and accident/disaster (general)/natural disasters","Destructive incidents caused by the very nature of nature -- hurricanes, earthquakes, floods etc "
"03015002","disaster and accident/disaster (general)/avalanche/landslide","Sudden dislodging of massive amounts of snow or soil. "
"03016000","disaster and accident/emergency planning","Planning for actions to deal with sudden, unplanned events "
"03017000","disaster and accident/rescue","An operation to save people, animals or property from harm or danger. "
"04000000","economy, business and finance","All matters concerning the planning, production and exchange of wealth. "
"04001000","economy, business and finance/agriculture","The process of producing natural materials for consumption "
"04001001","economy, business and finance/agriculture/arable farming","Production of food in the ground "
"04001002","economy, business and finance/agriculture/fishing industry","Raising or gathering of fish "
"04001003","economy, business and finance/agriculture/forestry and timber","Production and collection and preparation of wood products for future use "
"04001004","economy, business and finance/agriculture/livestock farming","Raising of animals for food "
"04001005","economy, business and finance/agriculture/viniculture","Production of wines from the vines to the finish products "
"04001006","economy, business and finance/agriculture/aquaculture","Growing plants or animals in water for human consumption "
"04002000","economy, business and finance/chemicals","Natural or manmade materials used to produce other materials "
"04002001","economy, business and finance/chemicals/biotechnology","The business of using engineering technology to study and solved problems of living organisms "
"04002002","economy, business and finance/chemicals/fertiliser","Natural or manmade materials used to encourage the growth of plants "
"04002003","economy, business and finance/chemicals/health and beauty product","Compilation of chemicals and other substances for use in enhancing ones looks or smell "
"04002004","economy, business and finance/chemicals/inorganic chemical","The branch of chemistry dealing with minerals and metals "
"04002005","economy, business and finance/chemicals/organic chemical","The branch of chemistry dealing with human, animal or carbon-based substances "
"04002006","economy, business and finance/chemicals/pharmaceutical","The production of medicines from various chemicals and natural substances "
"04002007","economy, business and finance/chemicals/synthetic and plastic","Chemicals used to produce plastics and other artificial substances to be used in manufacturing "
"04003000","economy, business and finance/computing and information technology","Anything to do with the computing and/or transmission of information from one point to another. "
"04003001","economy, business and finance/computing and information technology/hardware","The physical devices used to provide computer services, such as monitors, hard drives, keyboards etc. but can also be used for equipment such as routers, servers and other network devices. "
"04003002","economy, business and finance/computing and information technology/networking","The interconnectivity between hardware that provides the medium for the transmission of data. "
"04003003","economy, business and finance/computing and information technology/satellite technology","Hardware and software that enables groundbased devices to send signals to each other via an orbiting satellite. "
"04003004","economy, business and finance/computing and information technology/semiconductors and active components","The basic components that together create working electronic devices such as computers "
"04003005","economy, business and finance/computing and information technology/software","Programming sets that, when installed on hardware, perform specified functions. "
"04003006","economy, business and finance/computing and information technology/telecommunication equipment","Devices such as telephone sets, voice/data switches, modems etc that facilitate point-to-point voice/data transmissions "
"04003007","economy, business and finance/computing and information technology/telecommunication service","Services provided by commercial companies that facilitate connections between telephones, pagers, computers "
"04003008","economy, business and finance/computing and information technology/security","To encompass technical developments in hardware and software, basic research and related areas such as cyber security "
"04003009","economy, business and finance/computing and information technology/wireless technology","Transmission of information through means other than point-to-point wired hookups "
"04004000","economy, business and finance/construction and property","All items pertaining to the construction and sale of property "
"04004001","economy, business and finance/construction and property/heavy construction","Large scale construction projects, construction of roads, dams, office/factory buildings, offshore and onshore structures, large sport stadiums "
"04004002","economy, business and finance/construction and property/house building","Construction of residences, for private use "
"04004003","economy, business and finance/construction and property/real estate","The buying and selling of properties of all types "
"04004004","economy, business and finance/construction and property/farms","Agricultural areas for the production of foodstuffs, including dairy products, fruits and livestock, such as cattle and fish "
"04004005","economy, business and finance/construction and property/land price","The price of land in specific zoned areas such as commercial, residential arable as provided by a responsible body "
"04004006","economy, business and finance/construction and property/renovation","Restoring properties/structures to a former better state by cleaning, repairing or rebuilding. "
"04004007","economy, business and finance/construction and property/design and engineering","Design and planning by Engineers, Architects etc. of roads, offices, factories, dams , offshore structures, "
"04005000","economy, business and finance/energy and resource","Production of electrical power, and the water, air, sunlight, and fuels used to produce them "
"04005001","economy, business and finance/energy and resource/alternative energy","Alternative energy business "
"04005002","economy, business and finance/energy and resource/coal","Production and mining of anthracite and bituminous products for use in power production "
"04005003","economy, business and finance/energy and resource/oil and gas - downstream activities","All matters concerning oil and gas, typically refining and distribution activities "
"04005004","economy, business and finance/energy and resource/oil and gas - upstream activities","All matters concerning oil and gas, typically supply chain activities from the reservoir to the refinery gate "
"04005005","economy, business and finance/energy and resource/nuclear power","Use of radioactive materials for power production "
"04005006","economy, business and finance/energy and resource/electricity production and distribution","Primarily concerning the power line distribution system, but also the sale of electrical power at wholesale and retail levels "
"04005007","economy, business and finance/energy and resource/waste management and pollution control","The business of waste management and pollution control "
"04005008","economy, business and finance/energy and resource/water supply","The business of providing water for human use "
"04005009","economy, business and finance/energy and resource/natural resources (general)","The general use of natural resources for business purposes, not focused on specific resources such as coal, oil, gas or water "
"04005010","economy, business and finance/energy and resource/energy (general)","Energy industry, not focused on any specific sector "
"04005011","economy, business and finance/energy and resource/natural gas","A natural resource, mainly methane in an flammable gaseous state, from the ground "
"04005012","economy, business and finance/energy and resource/petrol","Distilled petroleum product used for automotive fuel, with or without additives "
"04005013","economy, business and finance/energy and resource/diesel fuel","A distilled petroleum product heavier than gasoline used not only for trucks, marine engines, but in certain forms for home heating "
"04005014","economy, business and finance/energy and resource/kerosene/paraffin","A light petroleum distillate used for cooking fuel, aircraft jet engines, lamps, heating and cleaning "
"04006000","economy, business and finance/financial and business service","Services that transmit, safeguard, keep track of money or provide backup to commercial enterprises "
"04006001","economy, business and finance/financial and business service/accountancy and auditing","Services provide balance sheet, budgets reconciliation and examine accuracy of financial statements "
"04006002","economy, business and finance/financial and business service/banking","Services for storing, transmitting, receiving and delivery of cash moneys "
"04006003","economy, business and finance/financial and business service/consultancy service","Providers of expert knowledge in a wide range of fields usually on a temporary, contract basis "
"04006004","economy, business and finance/financial and business service/employment agency","A service helping people find jobs, and companies to find workers "
"04006005","economy, business and finance/financial and business service/healthcare provider","Providers of medical services at all levels, including doctors, hospitals etc "
"04006006","economy, business and finance/financial and business service/insurance","A risk taking venture that allows individuals to pay small amounts periodically to guard financially against unexpected events "
"04006007","economy, business and finance/financial and business service/legal service","Lawyers and others who help companies and individuals deal with state, federal and local laws "
"04006008","economy, business and finance/financial and business service/market research","A service that tries to determine what people want to buy "
"04006009","economy, business and finance/financial and business service/stock broking","The buying and selling of company shares on behalf of individuals or other entities "
"04006010","economy, business and finance/financial and business service/personal investing","Personal finance and investment "
"04006011","economy, business and finance/financial and business service/market trend","Statistically significant consumer behaviour. "
"04006012","economy, business and finance/financial and business service/shipping service","Companies that prepare and transport packages and documents for individuals or companies by any means, including postal services. "
"04006013","economy, business and finance/financial and business service/personal service","Consumer service that is intangible e.g. beauty care as in hairdressing "
"04006014","economy, business and finance/financial and business service/janitorial service","Companies that provide cleaning and similar services for homes and businesses. "
"04006015","economy, business and finance/financial and business service/funeral parlour and crematorium","Companies that provide services for disposal of the dead "
"04006016","economy, business and finance/financial and business service/rental service","Companies which provide rentals, including motor vehicles, tuxedos, tools, heavy equipment, and other supplies "
"04006017","economy, business and finance/financial and business service/wedding service","Services and products related to the wedding industry "
"04006018","economy, business and finance/financial and business service/personal finance","An individual's income and expenses "
"04006019","economy, business and finance/financial and business service/personal income","Money that a person earns and is his/hers to keep or spend "
"04006020","economy, business and finance/financial and business service/auction service","Sales by bidding "
"04006021","economy, business and finance/financial and business service/printing/promotional service","Production of printed matter such as flyers, ads, signs etc "
"04006022","economy, business and finance/financial and business service/investment service","Financial advisers, as opposed to stock dealers or consultants "
"04007000","economy, business and finance/consumer goods","Items produced for and sold to individuals "
"04007001","economy, business and finance/consumer goods/clothing","Items of apparel to wear "
"04007002","economy, business and finance/consumer goods/department store","Stores largely devoted to the sale of clothing to individuals "
"04007003","economy, business and finance/consumer goods/food","Fruits, vegetables, breads, meats for human consumption "
"04007004","economy, business and finance/consumer goods/mail order","Items sold through and delivered by mail "
"04007005","economy, business and finance/consumer goods/retail","The last stage in the sales chain "
"04007006","economy, business and finance/consumer goods/speciality store","Retail outlets that specialize in categories such as shoes, coats, power tools, etc "
"04007007","economy, business and finance/consumer goods/wholesale","The first link in the sales chain after production "
"04007008","economy, business and finance/consumer goods/beverage","Liquid consumables, both alcoholic and non-alcoholic "
"04007009","economy, business and finance/consumer goods/electronic commerce","Buying and selling items through the Internet "
"04007010","economy, business and finance/consumer goods/luxury good","Leather bags, jewellery, haute couture, accessories etc "
"04007011","economy, business and finance/consumer goods/non-durable good","Lighters, pens and stationery, tableware, watches, glasses etc "
"04007012","economy, business and finance/consumer goods/toy","Children's plaything "
"04008000","economy, business and finance/macro economics","Broad scale economics and the world or national level "
"04008001","economy, business and finance/macro economics/central bank","A country's major bank that sets interest rates, and provides transfer of funds between commercial banks "
"04008002","economy, business and finance/macro economics/consumer issue","Those issues, such as prices, inflation/deflation, quality of goods, at the retail sales level "
"04008003","economy, business and finance/macro economics/debt market","Market for trading debt instruments such as bonds, CDs, bankers acceptances, T bills, notes, IOUs etc "
"04008004","economy, business and finance/macro economics/economic indicator","Certain indexes, such as company inventories, the movement of prices that show whether the economy is improving or declining "
"04008005","economy, business and finance/macro economics/emerging market","Those markets that are struggling to enter the world economies and those requiring financial help from international lenders "
"04008006","economy, business and finance/macro economics/foreign exchange market","The trading of shekels, dinars, euros dollars etc around the world through regulated markets "
"04008007","economy, business and finance/macro economics/government aid","Supply of financial and other help by one government, usually to another "
"04008008","economy, business and finance/macro economics/government debt","The amount a government owes on bonds, services and for goods and services for which it has no ready cash "
"04008009","economy, business and finance/macro economics/interest rate","The amount of money one must pay to borrow money "
"04008010","economy, business and finance/macro economics/international economic institution","Entities such as UNIDO, World Bank, World Trade Organization, the Import-Expert Bank etc that deals at a world level "
"04008011","economy, business and finance/macro economics/international (foreign) trade","Trade of goods and services between nations "
"04008012","economy, business and finance/macro economics/loan market","The market where money is available to borrow, at certain rates of interest "
"04008013","economy, business and finance/macro economics/economic organization","Business, industrial and trade associations, societies and other private-sector groups. "
"04008014","economy, business and finance/macro economics/consumer confidence","Reports on consumer confidence in the economy. "
"04008015","economy, business and finance/macro economics/trade dispute","International dispute over trade barriers, cartels, dumping etc. "
"04008016","economy, business and finance/macro economics/inflation and deflation","An increase in the amount of money in circulation and thereby a rise in prices; deflation, tighter monetary policy causing lower prices "
"04008017","economy, business and finance/macro economics/prices","The monetary value of goods, services or stocks and bonds "
"04008018","economy, business and finance/macro economics/currency values","The value of one currency as measured against another "
"04008019","economy, business and finance/macro economics/budgets and budgeting","A method of balancing revenues against expenses "
"04008020","economy, business and finance/macro economics/credit and debt","Credit: the amount of money available to you, often by loan. Debt, the amount you owe. "
"04008021","economy, business and finance/macro economics/loans","An agreement by one individual or institution to temporarily disperse money to another, with an agreed rate and time for its return "
"04008022","economy, business and finance/macro economics/mortgages","The loan of money for the purpose of purchasing a property, whether land or building. Or, for homeowners to repair or maintain properties, often based on owner equity in a property "
"04008023","economy, business and finance/macro economics/financial markets","Institutions set up to trade the shares or other financial paper of companies or other organizations, can also include currency trading "
"04008024","economy, business and finance/macro economics/commodity markets","The bartering or trading of goods such as cotton, oil, coal, metals, etc "
"04008025","economy, business and finance/macro economics/investments","Speculative purchases of corporate instruments, of commodities, currencies, or parts thereof "
"04008026","economy, business and finance/macro economics/stocks","Corporate paper that gives an individual an ownership right to a part of a company's earnings "
"04008027","economy, business and finance/macro economics/bonds","Corporate or governmental paper representing the loan of money at a fixed rate and for a fixed time to that company or government "
"04008028","economy, business and finance/macro economics/mutual funds","Pools of shares or bonds for sale often grouped by investment intention, such as growth, income or security "
"04008029","economy, business and finance/macro economics/derivative securities","Financial instruments such as futures, swaps and options, used for risk management, whose characteristics and value depend upon the characteristics and value of an underlying instrument, such as a commodity, bond, equity or currency. "
"04008030","economy, business and finance/macro economics/imports","What is bought abroad and brought into a country for resale "
"04008031","economy, business and finance/macro economics/exports","What is produced or manufactured in your country and sent and sold elsewhere "
"04008032","economy, business and finance/macro economics/trade agreements","Government level agreements between countries for the sale and purchase of goods and services "
"04008033","economy, business and finance/macro economics/trade policy","Governmental decisions on tariffs, shipping, embargoes, and the types or kinds of goods and services to be imported and exported "
"04008034","economy, business and finance/macro economics/business enterprises","Organizations set up usually for profit-making purposes by creating and selling a product or service "
"04008035","economy, business and finance/macro economics/tariff","Fees placed on goods imported or exported, often punitive "
"04008036","economy, business and finance/macro economics/trade balance","The difference between the financial value of imports and exports "
"04009000","economy, business and finance/market and exchange","Organized entities for buying and selling stocks, currencies, commodities and other goods "
"04009001","economy, business and finance/market and exchange/energy","Stories related to energy trading and markets "
"04009002","economy, business and finance/market and exchange/metal","Markets for trading base metals such as copper, aluminium, steel, zinc etc "
"04009003","economy, business and finance/market and exchange/securities","Markets for trading types of company paper such as stocks and bonds "
"04009004","economy, business and finance/market and exchange/soft commodity","Trading in commodities such as cotton, sugar, sorghum, soybeans etc. "
"04010000","economy, business and finance/media","The various means of disseminating news and information to the public "
"04010001","economy, business and finance/media/advertising","Methods of promoting goods and service to consumers through video, graphics, print text etc "
"04010002","economy, business and finance/media/book","The business of producing and selling bound media, whether fiction or non-fiction "
"04010003","economy, business and finance/media/cinema industry","The business of cinema "
"04010004","economy, business and finance/media/news agency","Commercial agencies for production and distribution of newsworthy events through print, broadcast, video or electronic media "
"04010005","economy, business and finance/media/newspaper and magazine","The business of producing bound and unbound printed paper products for periodic distribution of news items "
"04010006","economy, business and finance/media/online","The business of distributing news and information through computer networks for public consumption "
"04010007","economy, business and finance/media/public relation","The job of promoting products and services through advertising campaigns and/or through person-to-person contact or through news releases "
"04010008","economy, business and finance/media/radio industry","Business of radio "
"04010009","economy, business and finance/media/satellite and cable service","The business of transmitting of news, entertainment and information via satellite or cable television services "
"04010010","economy, business and finance/media/television industry","Business of television "
"04010011","economy, business and finance/media/music industry","Recording, production, marketing of music "
"04011000","economy, business and finance/manufacturing and engineering","Manufacturers of electrical, electronic and mechanical equipment but does not cover civil engineering. "
"04011001","economy, business and finance/manufacturing and engineering/aerospace","Companies that assemble or manufacture components for airplanes and space ships. "
"04011002","economy, business and finance/manufacturing and engineering/automotive equipment","Companies that produce components for automobiles "
"04011003","economy, business and finance/manufacturing and engineering/defence equipment","Manufacturers of guns, tanks, cannons, ships etc for the military and non-military protection services "
"04011004","economy, business and finance/manufacturing and engineering/electrical appliance","Makers of large and small electrical goods for use in homes or business "
"04011005","economy, business and finance/manufacturing and engineering/heavy engineering","Manufacturers of cranes, bulldozers and the like for use in major construction projects "
"04011006","economy, business and finance/manufacturing and engineering/industrial component","Manufacturers of mechanical, electrical, electronic items needed in the manufacture of other items "
"04011007","economy, business and finance/manufacturing and engineering/instrument engineering","Manufacturers of instruments for calibration, measurement of things like speed, pressure, distance "
"04011008","economy, business and finance/manufacturing and engineering/shipbuilding","Manufacturers of ships, submarines, barges. "
"04011009","economy, business and finance/manufacturing and engineering/machine manufacturing","Manufacturers of turbines, engines, fans , pumps , motors and components for powered equipment. "
"04012000","economy, business and finance/metal and mineral","Production and refining of ores into metals "
"04012001","economy, business and finance/metal and mineral/building material","Manufacture of materials like wallboard, lumber wiring for the building industry "
"04012002","economy, business and finance/metal and mineral/gold and precious material","Mining, refining and sales of gold and other precious metals "
"04012003","economy, business and finance/metal and mineral/iron and steel","Mining, refining and sales of iron-based metals "
"04012004","economy, business and finance/metal and mineral/non ferrous metal","Mining, refining and sales of copper, zinc, aluminium, and other metals not based on iron "
"04012005","economy, business and finance/metal and mineral/mining","The industry of digging for metals, raw materials such as coal, or precious gems such as diamonds "
"04013000","economy, business and finance/process industry","The business of turning raw materials into useable products "
"04013001","economy, business and finance/process industry/distiller and brewer","Manufacture of alcoholic beverages "
"04013002","economy, business and finance/process industry/food","The business of processing, distributing and selling for basic human consumption "
"04013003","economy, business and finance/process industry/furnishings and furniture","Manufacture of furniture, wallpaper, paints and fabrics for interior decoration "
"04013004","economy, business and finance/process industry/paper and packaging product","Production of paper material for writing, wrapping, printing, or packaging "
"04013005","economy, business and finance/process industry/rubber product","Production of rubber based materials for gloves, protective coatings, hoses and the like "
"04013006","economy, business and finance/process industry/soft drinks","Production of non-alcoholic drinks "
"04013007","economy, business and finance/process industry/textile and clothing","Production of fabrics for furnishings and fixtures, and for clothing of various types "
"04013008","economy, business and finance/process industry/tobacco","Growing, producing and sale of tobacco products "
"04014000","economy, business and finance/tourism and leisure","Tourism and leisure industries "
"04014001","economy, business and finance/tourism and leisure/casino and gambling","The business of providing outlets for various games of chance using cards, dice, spinning wheels to betting on animal races "
"04014002","economy, business and finance/tourism and leisure/hotel and accommodation","The business of providing food and shelter to travellers "
"04014003","economy, business and finance/tourism and leisure/recreational and sporting goods","Manufacture of goods for leisure activities "
"04014004","economy, business and finance/tourism and leisure/restaurant and catering","The business of providing prepared foods for customers in groups large and small "
"04014005","economy, business and finance/tourism and leisure/tour operator","Operators of trips either locally, as around town, or to other countries "
"04015000","economy, business and finance/transport","The means of getting from one place to the other without walking "
"04015001","economy, business and finance/transport/air transport","Airplane and airport operations "
"04015002","economy, business and finance/transport/railway","The business of transporting people or cargo by rail "
"04015003","economy, business and finance/transport/road transport","The business of transport goods by trucks and highways "
"04015004","economy, business and finance/transport/waterway and maritime transport","Commercial movement of people or goods via boats, ships and water "
"04016000","economy, business and finance/company information","Information about individual companies or business entities "
"04016001","economy, business and finance/company information/accounting and audit","Changes in choice of auditing firm. Reports on impact of changes in GAAP. "
"04016002","economy, business and finance/company information/annual and special corporate meeting","Announcements of upcoming meetings. Reports on meetings. "
"04016003","economy, business and finance/company information/annual report","Availability or contents of annual company reports. "
"04016004","economy, business and finance/company information/antitrust issue","Antitrust activities, monopoly regulation, etc. "
"04016005","economy, business and finance/company information/merger, acquisition and takeover","News on mergers, takeovers or acquisitions. "
"04016006","economy, business and finance/company information/analysts' comment","Stock analyst comments, analysis and recommendations. "
"04016007","economy, business and finance/company information/bankruptcy","Actual bankruptcy filings. "
"04016008","economy, business and finance/company information/board of directors (appointment and change)","Appointments to or changes in the board of directors for a company. "
"04016009","economy, business and finance/company information/buyback","Stock buyback programs. This should be kept distinct from Stock Activity (see below). "
"04016010","economy, business and finance/company information/C.E.O. interview","Interviews with Chief Executive Officers. "
"04016011","economy, business and finance/company information/corporate officer","Appointments or changes in corporate officers. "
"04016012","economy, business and finance/company information/corporate profile","Descriptive profiles of companies. "
"04016013","economy, business and finance/company information/contract","Commercial contracts. "
"04016014","economy, business and finance/company information/defence contract","The award of government contracts for defence related activity. "
"04016015","economy, business and finance/company information/dividend announcement","Announcements regarding the disbursement of dividends. "
"04016016","economy, business and finance/company information/earnings forecast","Analyst prediction of company earnings. "
"04016017","economy, business and finance/company information/financially distressed company","Aa company is financially distressed - not yet having filed for bankruptcy. "
"04016018","economy, business and finance/company information/earnings","Any increase of earnings results. "
"04016019","economy, business and finance/company information/financing and stock offering","New offerings of equity including initial public offerings. "
"04016020","economy, business and finance/company information/government contract","The award of government contracts not related to defence activity "
"04016021","economy, business and finance/company information/global expansion","Planned or actual openings of offices in countries for the first time. "
"04016022","economy, business and finance/company information/insider trading","The purchase or sales of stock by corporate officers or board members. "
"04016023","economy, business and finance/company information/joint venture","Joint ventures between companies. (Not marketing related - see Marketing.) "
"04016024","economy, business and finance/company information/leveraged buyout","Leveraged buyouts. "
"04016025","economy, business and finance/company information/layoffs and downsizing","Planned or actual reductions in the labour force. "
"04016026","economy, business and finance/company information/licensing agreement","Licensing agreements between companies. "
"04016027","economy, business and finance/company information/litigation and regulation","Corporate law including litigation and regulations. "
"04016028","economy, business and finance/company information/management change","Major appointments or changes in management below the level of corporate officer. "
"04016029","economy, business and finance/company information/marketing","Includes news regarding joint marketing agreements between companies, adoption of new product marketing strategies, etc. "
"04016030","economy, business and finance/company information/new product","Announcements of new products. "
"04016031","economy, business and finance/company information/patent, copyright and trademark","News related to patents, copyright and trademarks. "
"04016032","economy, business and finance/company information/plant closing","Announcements of planned or actual plant closings. "
"04016033","economy, business and finance/company information/plant opening","Announcements of planned or actual plant openings. "
"04016034","economy, business and finance/company information/privatisation","Privatisation (privatisation) of state run companies. "
"04016035","economy, business and finance/company information/proxy filing","Filings with regulatory agencies of proxy statements for upcoming shareholder votes. "
"04016036","economy, business and finance/company information/rating","Corporate and sovereign debt and credit ratings (e.g. SandP or Moody's) "
"04016037","economy, business and finance/company information/research and development","Research and expenditure on new product development. "
"04016038","economy, business and finance/company information/quarterly or semiannual financial statement","Availability or contents of quarterly or semi-annual corporate reports. "
"04016039","economy, business and finance/company information/restructuring and recapitalisation","Sale of company units, splits of existing companies into units under a holding company, etc. "
"04016040","economy, business and finance/company information/spin-off","Creation of new companies being spun off from existing companies. "
"04016041","economy, business and finance/company information/stock activity","Announcements of major stock events: splits, block trades, new highs or lows, etc. "
"04016042","economy, business and finance/company information/industrial production","Manufacture of durable and non-durable goods "
"04016043","economy, business and finance/company information/productivity","The cost of labour to produce an item of value, often measured as output per hour per person "
"04016044","economy, business and finance/company information/inventories","Goods not sold and held by the producer, wholesaler or retailer "
"04016045","economy, business and finance/company information/sales","Either the exchange of goods for money, or the practice of discounting prices to increase the amount of goods sold, or to get rid of outdated merchandise "
"04016046","economy, business and finance/company information/corporations","Business enterprises formally licensed with boards of directors and hierarchical structures of governance "
"04016047","economy, business and finance/company information/shareholders","Anyone holding a piece of paper issued by a company which changes in value and entitles them to dividends depending on the performance of the company "
"04016048","economy, business and finance/company information/corporate performance","How well a company performs, measured by its net earnings, its dividends its earnings per share and price/earnings ratio "
"04016049","economy, business and finance/company information/losses","When expenses exceed revenue "
"04016050","economy, business and finance/company information/credit ratings","Formal statements by certain rating agencies such as Standard and Poor's on the investment risk of a company, a country or enterprise "
"04016051","economy, business and finance/company information/stock splits","Issuing multiple shares for one share of stock. Usually occurs when the price of a stock has increased so much that its purchase price is not attractive. A reverse split is when one share is issued for multiple shares, to raise the per share value. "
"04016052","economy, business and finance/company information/stock options","An agreement to either buy or sell a stock when it meets a certain price "
"04016053","economy, business and finance/company information/recalls (products)","A decision by a company to take back or repair a defective product "
"04016054","economy, business and finance/company information/globalization","Doing business around the world "
"04016055","economy, business and finance/company information/consumers","Buyers of goods and services "
"04016056","economy, business and finance/company information/purchase","Items that companies buy, such as raw materials, office supplies etc. "
"04016057","economy, business and finance/company information/new service","New services added by a company, such as new flight routes, etc. "
"04017000","economy, business and finance/economy (general)","Content of a general nature about trade and the economy "
"04017001","economy, business and finance/economy (general)/economic policy","Government directed policy on production, taxes, tariffs and things that affect the direction and health of the economy "
"04018000","economy, business and finance/business (general)","Content of a general nature about business "
"04018001","economy, business and finance/business (general)/institution","Either an established law, practice or system or an organization having a social, religious, educational or similar purpose such as hospital, school, prison "
"04019000","economy, business and finance/finance (general)","Content of a general nature about finance "
"04019001","economy, business and finance/finance (general)/money and monetary policy","Government bank directed policy on the amount of money in circulation and the rate at which it can be loaned "
"05000000","education","All aspects of furthering knowledge of human individuals from birth to death. "
"05001000","education/adult education","Education provided for older students outside the usual age groups of 5-25 "
"05002000","education/further education","Any form of education beyond basic education of several levels "
"05003000","education/parent organisation","Groups of parents set up to support schools "
"05004000","education/preschool","Education for children under the national compulsory education age "
"05005000","education/school","A building or institution in which education of various sorts is provided "
"05005001","education/school/elementary schools","Schools usually of a level from kindergarten through 11 or 12 years of age "
"05005002","education/school/middle schools","Transitional school between elementary and high school, 12 through 13 years of age "
"05005003","education/school/high schools","Pre-college/ university level education, 14 to 17 or 18 years of age, called freshman, sophomore, junior and senior "
"05006000","education/teachers union","Organization of teachers for collective bargaining and other purposes "
"05007000","education/university","Institutions of higher learning capable of providing doctorate degrees "
"05008000","education/upbringing","Lessons learned from parents and others as one grows up "
"05009000","education/entrance examination","Exams for entering colleges, universities, junior and senior high schools, and all other higher and lower education institutes, including cram schools, which help students prepare for exams for entry to prestigious schools. "
"05010000","education/teaching and learning","Either end of the education equation "
"05010001","education/teaching and learning/students","People of any age in a structured environment, not necessarily a classroom, in order to learn something "
"05010002","education/teaching and learning/teachers","People with knowledge who can impart that knowledge to others "
"05010003","education/teaching and learning/curriculum","The courses offered by a learning institution and the regulation of those courses "
"05010004","education/teaching and learning/test/examination","A measurement of student accomplishment "
"05011000","education/religious education","Instruction by any faith, in that faith or about other faiths, usually, but not always, conducted in schools run by religious bodies "
"05011001","education/religious education/parochial school","A school run by the Roman Catholic faith "
"05011002","education/religious education/seminary","A school of any faith specifically designed to train ministers "
"05011003","education/religious education/yeshiva","A school for training rabbis "
"05011004","education/religious education/madrasa","A school for teaching Islam "
"06000000","environmental issue","All aspects of protection, damage, and condition of the ecosystem of the planet earth and its surroundings. "
"06001000","environmental issue/renewable energy","Environmental impact of renewable energy, including solar, wind, hydro, biomass and geothermal "
"06002000","environmental issue/conservation","Preservation of wilderness areas, flora and fauna, including species extinction "
"06002001","environmental issue/conservation/endangered species","Those species of wildlife in danger of disappearing, largely because of changes in environment, hunting, or weather "
"06002002","environmental issue/conservation/ecosystem","A system of plants, animals and bacteria interrelated in its physical/chemical environment "
"06003000","environmental issue/energy saving","Conservation of electrical, and other power sources "
"06004000","environmental issue/environmental politics","The debate on environmental policy "
"06005000","environmental issue/environmental pollution","Corruption of air, water, land etc. by harmful substances "
"06005001","environmental issue/environmental pollution/air pollution","Solid or gaseous matter affecting the quality of air that we breathe "
"06005002","environmental issue/environmental pollution/water pollution","Solids or liquids that corrupt the quality of water that could be used for drinking or irrigation "
"06006000","environmental issue/natural resources","Stories about the environmental issues related to the exploitation of natural resources for human use "
"06006001","environmental issue/natural resources/land resources","That portion of a nation or state that is above water and available for development either for profit or for the general good of the public "
"06006002","environmental issue/natural resources/parks","Areas set aside and developed for public enjoyment and recreation, including commercial development such as theme parks "
"06006003","environmental issue/natural resources/forests","Open areas of trees either available for public enjoyment, or for commercial purposes "
"06006004","environmental issue/natural resources/wetlands","Areas generally marshy and not either under water or dry land. Often related to aquifers for water quality and/or wildlife "
"06006005","environmental issue/natural resources/mountains","Elevated land masses formed over the ages either by erosion, volcanic eruption, or movement of massive geographical formations called plates "
"06006006","environmental issue/natural resources/rivers","Moving water areas bounded by land that extend from earth sources and meander through land areas to join with other water areas. In smaller forms they are creeks, rivulets, streams etc "
"06006007","environmental issue/natural resources/oceans","Salt water masses separating continents or other major geographical masses. smaller forms are seas or lakes or ponds "
"06006008","environmental issue/natural resources/wildlife","All forms of animal life that have not been domesticated "
"06006009","environmental issue/natural resources/energy resources","Such resources as coal, gas, wind, sunlight etc., used to generate heat, electricity and power "
"06007000","environmental issue/nature","Taken as a whole the natural environment of flora and fauna "
"06007001","environmental issue/nature/invasive species","Non-native plants, animals and other organisms that tend to take over native species "
"06008000","environmental issue/population","People and their growth and development within a natural setting "
"06009000","environmental issue/waste","Environmental impact of waste, including recycling efforts "
"06010000","environmental issue/water","Environmental issues about bodies of water, including oceans, lakes, streams and reservoirs, as well as ice, glaciers and forms of precipitation "
"06011000","environmental issue/global warming","All issues relating to global warming including temperature research, remote sensing on temperature trends, debate on global warming, ways to reduce emissions and carbon trading. "
"06012000","environmental issue/hazardous materials","Materials that are harmful to humans or animals if they are exposed to them. Includes radiation, poison gases, chemicals, heavy metals, PCBs, and certain plant products "
"06013000","environmental issue/environmental cleanup","Processes whereby contaminated areas are cleaned of hazardous materials so they can be inhabited again by either people or animals. "
"07000000","health","All aspects pertaining to the physical and mental welfare of human beings. "
"07001000","health/disease","Any harmful or destructive condition "
"07001001","health/disease/communicable diseases","Diseases that can be transmitted from one person or animal to another "
"07001002","health/disease/virus diseases","Diseases caused by infection within cells by viruses "
"07001003","health/disease/virus diseases/AIDS","Acquired Immunity Deficiency Syndrome, an incurable disease caused by the human immunodeficiency virus "
"07001004","health/disease/cancer","A serious and often fatal disease caused when normal cells mutate into tumours "
"07001005","health/disease/heart disease","A degenerative and serious disease caused by narrowing of the arteries feeding the heart "
"07001006","health/disease/alzheimer's disease","A disorder of the brain leading to dementia "
"07001007","health/disease/animal diseases","Disorders affecting animals that do not necessarily endanger humans "
"07001008","health/disease/plant diseases","Disorders affecting plants caused either by parasites or environmental factors "
"07001009","health/disease/retrovirus","A family of RNA viruses such as those causing leukaemia and AIDS "
"07002000","health/epidemic and plague","An epidemic is a rapidly spreading condition in a community and a plague is usually a deadly disease of epidemic proportions "
"07003000","health/health treatment","In general treatment of diseases and other conditions to produce wellness "
"07003001","health/health treatment/prescription drugs","Drugs that can be purchased only with a doctor's authorization "
"07003002","health/health treatment/dietary supplements","Nutrients taken in addition to food to bolster health "
"07003003","health/health treatment/diet","Controlled food consumption "
"07003004","health/health treatment/medical procedure/test","Any of a variety of treatments such as stress tests, catheterization, blood tests, computerised axial tomography scan or magnetic resonance imaging "
"07003005","health/health treatment/therapy","Treatment of physical, mental or medical conditions by non-surgical means "
"07004000","health/health organisations","Includes stories about specific health organizations, including professional associations, non-profits and international groups "
"07005000","health/medical research","Investigation into the causes and cures of diseases "
"07006000","health/medical staff","Doctors, nurses, interns and others in a medical facility "
"07006001","health/medical staff/primary care physician","Patient's basic health care doctor - first point of call for all health related problems "
"07006002","health/medical staff/health-workers union","Issues involving industry groups for doctors, nurses, health workers etc. "
"07007000","health/medicine","A substance used with the expectation that it will eliminate disease or illness "
"07007001","health/medicine/herbal","Treatment based on the use of herbs and other plants to cure or alleviate disease symptoms "
"07007002","health/medicine/holistic","Treatment of the whole person including mental and social factors rather than just the symptoms of the disease. "
"07007003","health/medicine/western","The practice of diagnosis, treatment and prevention of disease based on modern scientific research in the western hemisphere. "
"07007004","health/medicine/traditional Chinese","The practice of diagnosis, treatment and prevention of disease based on traditional methods developed in the orient. "
"07008000","health/preventative medicine","Substances used to prevent diseases or illnesses "
"07008001","health/preventative medicine/vaccines","Medications designed to create immunity to diseases "
"07009000","health/injury","A traumatic condition of the human body caused usually by outside forces "
"07010000","health/hospital and clinic","Medical facilities for the treatment of illnesses and injury "
"07011000","health/government health care","Health care provided by national governments "
"07011001","health/government health care/medicare","A program of the U.S. government to provide health care to senior citizens "
"07011002","health/government health care/medicaid","A program of the U.S. government to provide health care to needy citizens of all ages "
"07012000","health/private health care","Health care provided by privately funded or insured organizations "
"07013000","health/healthcare policy","Health-related policy decisions including what different countries are doing regarding prescription drug policies, AIDS, psychiatric care, health care funding and related topics. "
"07013001","health/healthcare policy/food safety","Issues relating to food cleanliness and contamination "
"07014000","health/medical specialisation","The different medical specialist areas. "
"07014001","health/medical specialisation/geriatric","Research into aging and age-related issues including age-related illnesses, medical research, trends, geriatric medicine and related topics like age discrimination and health insurance for an ageing population. "
"07014002","health/medical specialisation/pediatrics","Research and medicine specifically for the young - includes premature babies, infant care, childhood disease and treatment - also teen-related health and behaviour problems. "
"07014003","health/medical specialisation/reproduction","Reproductive technologies like invitro fertilization and cloning as well as related debates. Sexual development matters and sexually transmitted diseases would also fall under this category. "
"07014004","health/medical specialisation/genetics","The science and research into genetic-base disease and cures for disease. This would include proteomics (the study of what proteins are produced by which genes and what those proteins do), general genetics and stem-cell research. "
"07014005","health/medical specialisation/obstetrics/gynecology","Specialty of female reproductive organs "
"07015000","health/medical service","Medical support for doctors, including blood tests and other medical tests on individuals, X-rays CAT scans MRIs etc. "
"07016000","health/physical fitness","The condition of a person's cardio-vascular and muscular health. "
"07017000","health/illness","Non-specific maladies such as stomach aches, headaches, flat feet, lumbago "
"07017001","health/illness/mental illness","Those illnesses affecting the mind "
"07017002","health/illness/eating disorder","Anorexia, bulimia, overeating and similar illnesses "
"07017003","health/illness/obesity","A condition of body weight generally considered 20 percent above the norm for gender, age, height and bone structure "
"07018000","health/medical conditions","Various stages of disease, illness or injury "
"07019000","health/patient","Issues which affect population in general as attendees at hospitals or doctors' surgeries. "
"08000000","human interest","Lighter items about individuals, groups, animals or objects. "
"08001000","human interest/animal","Animals of all types "
"08002000","human interest/curiosity","Content of an unusual nature that can raise questions or amuse "
"08003000","human interest/people","Unusual content about people of all levels "
"08003001","human interest/people/advice","Letters and answers about personal problems that are publishable "
"08003002","human interest/people/celebrity","Celebrity news, i.e. Madonna has a baby, Elton John sues his accountants etc. "
"08003003","human interest/people/accomplishment","Achievements by individuals or groups, such as charitable fundraising, winning a competitive contest etc "
"08003004","human interest/people/human mishap","Stories arising from silly/stupid human errors e.g. like forgetting to tie one end of a bungee cord "
"08003005","human interest/people/fortune-telling","The forecasting of future events or the delineation of character by methods not ordinarily considered to have a rational basis "
"08004000","human interest/mystery","Something unexplained or unknown "
"08005000","human interest/society","Stories of well-known people "
"08005001","human interest/society/ceremony","Rituals of a non-religious nature such as dedications, wreath layings, ship launchings etc "
"08005002","human interest/society/death","The human interest aspects of the demise of a person "
"08005003","human interest/society/funeral","The ceremony to intern the remains of a person "
"08005004","human interest/society/estate bestowal","The distribution of the estate of a person according to their will and any disagreements between the heirs "
"08005005","human interest/society/memorial","Commemorative ceremony or object - plaque, statue etc - in remembrance of a person. "
"08006000","human interest/award and prize","Decorations, awards and prizes, including those given by the government. "
"08006001","human interest/award and prize/record","Non-sport achievement by an individual or group that sets a new record, such as most books read, holding your breath longest "
"08007000","human interest/imperial and royal matters","Imperial and royal family members, including matters on legal systems. "
"08008000","human interest/plant","An organism of the kind exemplified by trees, shrubs, grasses, ferns, and mosses, typically growing in a permanent site "
"09000000","labour","Social aspects, organizations, rules and conditions affecting the employment of human effort for the generation of wealth or provision of services and the economic support of the unemployed. "
"09001000","labour/apprentices","People who are in the work force at a learning level, serving under a master "
"09002000","labour/collective contract","Usually written contracts covering a specific class of worker "
"09002001","labour/collective contract/contract issue-wages","Element of contracts and contract discussions centring on remuneration "
"09002002","labour/collective contract/contract issue-healthcare","Element of contracts and contract discussions centring on health care issues "
"09002003","labour/collective contract/contract issue-work rules","Element of contracts and contract discussions centring on rules affecting issues such as lunch and other breaks, work shifts, vacation scheduling, seniority, sick leave etc. "
"09003000","labour/employment","Paid labour "
"09003001","labour/employment/labor market","A pool of people who are working or are seeking work "
"09003002","labour/employment/job layoffs","The reduction of a company's work force through dismissal because of changing economic factors "
"09003003","labour/employment/child labor","Employment of children, usually under the age of 18 "
"09003004","labour/employment/occupations","Generally one's trade, profession or business although professions are usually such things as lawyers and doctors, and occupations are such as clerks or truckers "
"09004000","labour/labour dispute","Differences of opinion about work conditions, pay, etc "
"09005000","labour/labour legislation","Laws governing work and labour "
"09006000","labour/retirement","The years after work "
"09007000","labour/retraining","Providing a worker training in new skills when his old skills are no longer applicable "
"09008000","labour/strike","A job action involving cessation of work "
"09009000","labour/unemployment","Lack of paid work "
"09010000","labour/unions","Groups established to represent bodies of workers "
"09011000","labour/wage and pension","Parts of a salary divided for current income and future income "
"09011001","labour/wage and pension/employee benefits","Either benefits provided to an employee by a company, such as pensions, health insurance; or monetary compensation paid by a government to the jobless usually called unemployment benefits "
"09011002","labour/wage and pension/social security","FICA. Money paid by individual and companies into a government account to be paid out when that individual reaches a certain age "
"09012000","labour/work relations","The give and take between management and labour "
"09013000","labour/health and safety at work","Rules and procedures for guaranteeing the health of workers "
"09014000","labour/advanced training","Additional training to enhance current skills "
"09015000","labour/employer","The person who employs workers and pays the salaries and other benefits to workers "
"09016000","labour/employee","A person who trades his time and talent for money and other benefits "
"10000000","lifestyle and leisure","Activities undertaken for pleasure, relaxation or recreation outside paid employment, including eating and travel. "
"10001000","lifestyle and leisure/game","Contests generally for ones amusement "
"10001001","lifestyle and leisure/game/Go","A strategic, deterministic Chinese board game played by alternately placing stones on a grid "
"10001002","lifestyle and leisure/game/chess","A game played on a chequered board with 16 pieces to each side with specific ranges of movement depending on their identity "
"10001003","lifestyle and leisure/game/bridge","A card game of four players who bet on the hands of each other, developed from Russian whist "
"10001004","lifestyle and leisure/game/shogi","A strategic board games which is native to Japan and is often called Japanese chess "
"10002000","lifestyle and leisure/gaming and lottery","Gambling, often involving selection of sets of numbers one expects to come up "
"10003000","lifestyle and leisure/gastronomy","The art of good eating "
"10003001","lifestyle and leisure/gastronomy/organic foods","Food which is grown using no artificial fertilizers or chemical compounds "
"10004000","lifestyle and leisure/hobby","Various types of activities for amusement, such as collecting stamps, building models, quilting, crafts "
"10004001","lifestyle and leisure/hobby/DIY","DIY - do it yourself. Normally the construction, repair or maintenance of residential property by an amateur "
"10004002","lifestyle and leisure/hobby/shopping","Consumer purchasing and related trends, but not the business aspects of retailing "
"10004003","lifestyle and leisure/hobby/gardening","The non-commercial aspects of landscaping, growing plants, trees and other vegetation that gives pleasure to the gardener and others "
"10005000","lifestyle and leisure/holiday or vacation","Leisure travel to a single location and/or country over a short period of time "
"10006000","lifestyle and leisure/tourism","Leisure travel involving visits to a number of locations and/or countries over an extended period of time, often as part of an organized group "
"10007000","lifestyle and leisure/travel and commuting","Transport options, travel networks, commuting, car pooling and business travel "
"10007001","lifestyle and leisure/travel and commuting/traffic","Traffic reports and/or warnings "
"10008000","lifestyle and leisure/club and association","Organizations joined by individuals because of similar interests "
"10009000","lifestyle and leisure/lifestyle (house and home)","Unique culture of ones own home "
"10010000","lifestyle and leisure/leisure (general)","Activities carried out in ones' spare time "
"10011000","lifestyle and leisure/public holiday","A day or days set off for celebration "
"10012000","lifestyle and leisure/hunting","An activity involving the use of weapons or traps for the capturing of animals "
"10013000","lifestyle and leisure/fishing","An activity involving the use of baits, lures, weapons and traps for the capture of aquatic species "
"10014000","lifestyle and leisure/auto trends","The evolution of the automobile "
"10015000","lifestyle and leisure/adventure","Expeditions, daring feats, exploration, record-breaking, risk-associated events "
"10016000","lifestyle and leisure/beauty","Issues relating to improving one's appearance and attractiveness, including reviews of beauty products "
"10017000","lifestyle and leisure/consumer issue","Shopping, products for the home, relevant surveys, product recalls "
"10018000","lifestyle and leisure/wedding","The marriage ceremony and the events that surround it - showers, rehearsal, parties, honeymoon, etc. "
"11000000","politics","Local, regional, national and international exercise of power, or struggle for power, and the relationships between governing bodies and states. "
"11001000","politics/defence","Anything involving the defence of one's own country "
"11001001","politics/defence/veterans affairs","Care and provision for those who served in the military "
"11001002","politics/defence/national security","The philosophy of securing a nation and its borders, as well as the well being of its citizens "
"11001003","politics/defence/security measures","Means of making a nation, a state, a building or a person secure from harm and outside interference. "
"11001004","politics/defence/armed Forces","Those employed by a government to conduct war, or to enforce the security of a nation "
"11001005","politics/defence/military equipment","Equipment issued to members of the armed forces "
"11001006","politics/defence/firearms","Anything that uses an explosive in a directed manner to propel an object that can maim or kill "
"11001007","politics/defence/biological and chemical weapons","Devices using biological agents, or chemical mixtures to disable, maim or kill an opponent "
"11001008","politics/defence/missile systems","Anything that propels an inert, explosive, biological or chemical object through the air with the aim of disabling, maiming or killing an opponent. "
"11001009","politics/defence/nuclear weapons","Weapons that use controlled radioactivity from the decay of certain elements to disable, maim or kill an opponent "
"11002000","politics/diplomacy","The use of verbal and written skills for persuading others to your point of view "
"11002001","politics/diplomacy/summit","Includes meetings of leaders, foreign and finance ministers from the Group of Eight major nations and Group of Seven industrialized nations. "
"11002002","politics/diplomacy/international relations","Non-violent relations between nations through negotiation, treaty, or personal meetings "
"11002003","politics/diplomacy/peace negotiations","Negotiations intended to bring an end to a conflict "
"11002004","politics/diplomacy/alliances","Coalitions of like-minded groups formed to present a stronger force against any challenges "
"11003000","politics/election","The selection of representatives by the casting of votes "
"11003001","politics/election/political candidates","Individuals who are chosen to stand for office "
"11003002","politics/election/political campaigns","Campaigns for public office "
"11003003","politics/election/campaign finance","The money that makes campaigns for public office possible "
"11003004","politics/election/national elections","Choosing individuals for government at a national level "
"11003005","politics/election/regional elections","Choosing individuals for government at a regional level "
"11003006","politics/election/local elections","Choosing individuals for government at the basic level, whether city, village or county "
"11003007","politics/election/voting","The act of selecting an individual you would like to represent your interests in government "
"11003008","politics/election/poll","Periodic measurement of a political candidate's standing with the public "
"11003009","politics/election/european elections","Choosing individuals for a body which is at a higher level than national government, e.g. European parliament "
"11003010","politics/election/primary","Preliminary elections on a local or regional basis leading up to a regional or national election "
"11004000","politics/espionage and intelligence","Covert collection of information "
"11005000","politics/foreign aid","Help provided by one nation to another "
"11005001","politics/foreign aid/economic sanction","Punitive actions taken by one country against another including trade restrictions, embargoes etc. "
"11006000","politics/government","The system for ruling a country "
"11006001","politics/government/civil and public service","The paid service by civilians for the government, and the often non-paid service of individuals for the benefit of others (public service) "
"11006002","politics/government/safety of citizens","Government policies to protect the well being of its citizens "
"11006003","politics/government/think tank","Group that undertakes political research and issue position papers, recommendations etc "
"11006004","politics/government/national government","The ruling body of a nation "
"11006005","politics/government/executive (government)","That portion of a ruling body involving the overall operation of government "
"11006006","politics/government/heads of state","Symbolic or actual chief representative of a nation, such as royalty, or president or emir, for example "
"11006007","politics/government/government departments","Divisions of a government that concentrate on specific areas such as health, welfare, economy or war "
"11006008","politics/government/public officials","Individuals, usually elected, who are in public service or commonly in the public eye. "
"11006009","politics/government/ministers (government)","Heads of various government departments at one level, also known as secretaries. At another level they form a legislative body. The chief minister is either prime minister or premier. "
"11006010","politics/government/public employees","People employed by a government at all levels "
"11006011","politics/government/privatisation","The privatisation of state-owned companies or property "
"11006012","politics/government/nationalisation","State takeover of private companies or property "
"11006013","politics/government/impeachment","The process of bringing a public official before a tribunal to answer charges of wrongdoing "
"11007000","politics/human rights","Rights entitled to be enjoyed by all citizens universally "
"11008000","politics/local authority","Authorities at city, county state or borough level "
"11009000","politics/parliament","The collective body of elected officials representing the people "
"11009001","politics/parliament/upper house","Senior chamber of a legislative body "
"11009002","politics/parliament/lower house","The lower chamber of a legislative body "
"11010000","politics/parties and movements","Covers both formally recognized and informal political associations "
"11010001","politics/parties and movements/non government organizations (NGO)","Groups officially outside of government that lobby, demonstrate or campaign on a wide range of issues such as economics, environment healthcare etc. "
"11011000","politics/refugee","A person seeking shelter in another country because of some fear of persecution in his own country "
"11012000","politics/regional authority","Government bodies at levels encompassing more than one jurisdiction, e.g. the Delaware River Basin Commission "
"11013000","politics/state budget and tax","The national budget as promulgated by the government "
"11013001","politics/state budget and tax/public finance","The money of government used for paying for public programs and services and public debt "
"11014000","politics/treaty and international organisation-DEPRECATED","NA"
"11014001","politics/treaty and international organisation-DEPRECATED/international relations-DEPRECATED","NA"
"11014002","politics/treaty and international organisation-DEPRECATED/peace negotiations-DEPRECATED","NA"
"11014003","politics/treaty and international organisation-DEPRECATED/alliances-DEPRECATED","NA"
"11015000","politics/constitution","Usually a written document setting forth the operations of a government and the rights of the citizens therein "
"11016000","politics/interior policy","Government policies affecting internal affairs of a country "
"11016001","politics/interior policy/data protection","Efforts to protect personal information in either written, oral or electronic form "
"11016002","politics/interior policy/housing and urban planning","Systematic planning of urban and suburban areas and the housing within those areas "
"11016003","politics/interior policy/pension and welfare","Government policies affecting the well being of its citizens through unemployment benefits, state pensions and other similar payments "
"11016004","politics/interior policy/personal weapon control","Government control of personal ownership of firearms and other offensive weapons, including control of weapons used for sports through licenses and other means "
"11016005","politics/interior policy/indigenous people","Government policies toward indigenous peoples "
"11016006","politics/interior policy/personal data collection","The collection, by government or other entities of information on individuals "
"11016007","politics/interior policy/planning inquiries","Public hearings or planning inquiries on proposed constructions, e.g. Construction of water driven power station in a National Park. "
"11017000","politics/migration","Movement of one body of persons from one place to another "
"11018000","politics/citizens initiative and recall","Political suggestions by non-government officials for corrective action, or for changes in existing rules and regulations "
"11019000","politics/referenda","Political proposals, laws and actions suggested by non-government officials to be voted on by the entire voting body "
"11020000","politics/nuclear policy","Government policies as regards to use of nuclear fuels for power production or weapons "
"11021000","politics/lobbying","The attempt by non-government bodies and individual to affect the outcome of legislation through verbal, or other, persuasion "
"11022000","politics/regulatory policy and organisation","The rules and bodies, both national and international, that govern conflict of interest and good practice regulations. "
"11023000","politics/censorship","Attempts by any group to control freedoms of speech, religion, and ideas distributed in print, graphics, cyberspace and other ways. Does not include official standards such as cinema ratings, advertising and broadcast standards. "
"11024000","politics/politics (general)","The art or science of participating in the affairs of government, a state of political party "
"11024001","politics/politics (general)/political systems","Systems designed to provide order to government "
"11024002","politics/politics (general)/democracy","Government in which the people hold the power either directly, or through elected officials. "
"11024003","politics/politics (general)/political development","The creation and rise of political systems and the history of the people and nations that are associated with those systems. "
"11025000","politics/freedom of the press","Mass media rights and freedoms, pressure and intimidation of the journalists, censorship in mass media, activities of government bodies, journalistic associations and/or organizations and other NGOs in regards to press freedom "
"11026000","politics/freedom of religion","Religious rights and freedoms, pressure and intimidation of the believers, censorship in mass media, activities of government bodies, journalistic associations and/or organizations and other NGOs in regards to freedom of belief and practice "
"11027000","politics/treaty","A treaty (as defined by the Vienna Convention on the Law of Treaties) is a written agreement between international entities that is binding under international law. "
"11028000","politics/international organisation","Includes organisations with members and functions that cross international borders, and may include intergovernmental organisations of sovereign nations. "
"12000000","religion and belief","All aspects of human existence involving theology, philosophy, ethics and spirituality. "
"12001000","religion and belief/cult and sect","Offshoots of established religious bodies, or small narrow-focused group promulgated by one or two individuals "
"12002000","religion and belief/belief (faith)","The established beliefs of an individuals religion "
"12002001","religion and belief/belief (faith)/unificationism","The belief system of members of the Unification Church established by the Rev. Sun Myung Moon. "
"12002002","religion and belief/belief (faith)/scientology","Believe that man is a spiritual being endowed with abilities well beyond those which he normally envisages; he's able to solve his own problems, accomplish his goals and gain lasting happiness. "
"12003000","religion and belief/freemasonry","A secret international society based on the principles of brotherhood, charity and mutual aid "
"12004000","religion and belief/religion-DEPRECATED","NA"
"12004001","religion and belief/religion-DEPRECATED/christianity-DEPRECATED","NA"
"12004002","religion and belief/religion-DEPRECATED/islam-DEPRECATED","NA"
"12004003","religion and belief/religion-DEPRECATED/judaism-DEPRECATED","NA"
"12004004","religion and belief/religion-DEPRECATED/buddhism-DEPRECATED","NA"
"12004005","religion and belief/religion-DEPRECATED/hinduism-DEPRECATED","NA"
"12005000","religion and belief/church (organisation)-DEPRECATED","NA"
"12005001","religion and belief/church (organisation)-DEPRECATED/religious facilities-DEPRECATED","NA"
"12006000","religion and belief/values","Personal levels of social behaviour "
"12006001","religion and belief/values/ethics","A system of beliefs about acceptable behaviour "
"12006002","religion and belief/values/corrupt practices","Any action which is harmful to others "
"12007000","religion and belief/church and state relations","The legal and social division between religious institutions and the affairs of state "
"12008000","religion and belief/philosophy","Different thoughts about the way the world works "
"12009000","religion and belief/christianity","Those that use Jesus Christ and his teachings as their centre of belief "
"12009001","religion and belief/christianity/protestant","General term for christian churches and religious communities which developed through the reformation in the 16th century "
"12009002","religion and belief/christianity/protestant/lutheran","Christians who follow the teaching of reformer Martin Luther "
"12009003","religion and belief/christianity/protestant/reformed","Christians who follow the teaching of reformers Johannes Calvin and Ulrich Zwingli "
"12009004","religion and belief/christianity/protestant/anglican","Members of the worldwide anglican communion which started in the 16th century in England as a breakaway church from the roman catholic church "
"12009005","religion and belief/christianity/protestant/methodist","Followers of John and Charles Wesley who tried to reform the Church of England in the 18th century and turned into a separate church "
"12009006","religion and belief/christianity/protestant/baptist","Members of a christian church which only baptises adults who truly believe in Christ "
"12009007","religion and belief/christianity/protestant/mennonite","Members of a 16th century christian church which is against military service and baptising infants "
"12009009","religion and belief/christianity/protestant/mormon","Members of a religious community which believes in the Book of Mormon"" and the revelations of founder M.J. Smith ""","Mormon"
"12009010","religion and belief/christianity/roman catholic","Biggest christian church worldwide tracing its origins back to Jesus Christ "
"12009011","religion and belief/christianity/old catholic","Members of a catholic church which started in 1870 and denies the dogma of the infallibility of the pope "
"12009012","religion and belief/christianity/orthodoxy","Eastern rite churches which are characterised by their continuity with the apostolic church, their liturgy and their territorial churches, mainly in eastern and south-eastern Europe and the Middle East "
"12009013","religion and belief/christianity/salvation army","Christian community organised in a military fashion which does missionary and social work "
"12010000","religion and belief/islam","Those who use Allah and his teachings as their centre of belief "
"12011000","religion and belief/judaism","A group believing in one god, basing their beliefs on written scriptures and the Talmud, including the first coming of the Messiah "
"12012000","religion and belief/buddhism","A major Asian religion founded by Buddha in the 6th century BC in India and preaching that right thinking and self denial will lead to a divine state without desire "
"12013000","religion and belief/hinduism","A religious and social system, believing in a caste system with the Brahmans the highest and untouchables the lowest. "
"12014000","religion and belief/religious festival or holiday","Holy day or day of observance in a religion which sometimes is a public holiday as well "
"12014001","religion and belief/religious festival or holiday/christmas","Christian festival in commemorating the birth of Jesus Christ "
"12014002","religion and belief/religious festival or holiday/easter","Christian festival in commemorating the resurrection of Jesus Christ "
"12014003","religion and belief/religious festival or holiday/pentecost","Christian festival, celebrated on the 50th day after Easter commemorating the descent of the Holy Spirit "
"12014004","religion and belief/religious festival or holiday/ramadan","Holy month of fasting in Islam "
"12014005","religion and belief/religious festival or holiday/yom kippur","Most solemn of Jewish religious holidays, observed on the 10th day of the lunar month of tishri (in the course of September and October, when Jews seek reconciliation with god "
"12015000","religion and belief/religious leader","Person or persons who have a ritual, juridical or otherwise leading role in their respective church or religion "
"12015001","religion and belief/religious leader/pope","Head of the roman catholic church worldwide "
"12016000","religion and belief/nature religion","Worship of natural elements like fire, water, trees, mountains "
"12017000","religion and belief/taoism","Indigenous religio-philosophical tradition that has shaped Chinese life for more than 2000 years "
"12018000","religion and belief/shintoism","Indigenous religious beliefs and practices of Japan. The word Shinto came into use in order to distinguish indigenous Japanese beliefs from Buddhism. "
"12019000","religion and belief/sikhism","The religion of an Indian group, combining Hindu and Islamic elements, founded in the Punjab (or Panjab) in the late 15th century AD by Guru Nanak. "
"12020000","religion and belief/jainism","A religion of India that teaches a path to spiritual purity and enlightenment through a disciplined mode of life founded upon the tradition of ahimsa, non-violence to all living creatures. It began in the 7th-5th century BC. "
"12021000","religion and belief/parsasm","A religion in India following the Iranian prophet Zoroaster, mainly in Bombay, but also in Karachi (Pakistan). "
"12022000","religion and belief/confucianism","The way of life propagated by Confucius in the 6th-5th century BC and followed by the Chinese people for more than 2000 years. Its influence has extended to Korea, Japan, and Vietnam. "
"12023000","religion and belief/religious text","Scriptures holy or important for a church or religion "
"12023001","religion and belief/religious text/bible","Sacred scriptures of Christianity consisting of the old and new testament "
"12023002","religion and belief/religious text/qur'an","Holy book of Islam "
"12023003","religion and belief/religious text/torah","Holy scriptures of Judaism "
"12024000","religion and belief/interreligious dialogue","Any form of communication between religions "
"12025000","religion and belief/religious event","News regarding a religious event but not a festival or holiday "
"12025001","religion and belief/religious event/catholic convention","A catholic convention "
"12025002","religion and belief/religious event/protestant convention","A protestant convention "
"12025004","religion and belief/religious event/ritual","Established religious rituals such as mass, baptism, prayer meetings "
"12026000","religion and belief/concordat","Treaty between the Holy See and another country for the regulation of ecclesiastical affairs in the territory of the latter "
"12027000","religion and belief/ecumenism","Relations between christian churches "
"13000000","science and technology","All aspects pertaining to human understanding of nature and the physical world and the development and application of this knowledge "
"13001000","science and technology/applied science","Stories about putting scientific knowledge to practical uses in the fields of the medical sciences, agriculture, domestic sciences as well as trades and crafts "
"13001001","science and technology/applied science/physics","The study of the properties and changes of matter "
"13001002","science and technology/applied science/chemistry","The study of the composition and reaction of substances "
"13001003","science and technology/applied science/cosmology","Study of the organization and structure of the universe "
"13001004","science and technology/applied science/particle physics","The study of elementary particles and atomic nuclei through the use of high-energy particles "
"13002000","science and technology/engineering","Stories about putting scientific knowledge to practical uses in the fields of civil, electrical, mechanical and chemical engineering "
"13002001","science and technology/engineering/material science","The study of materials used in manufacturing "
"13003000","science and technology/human science","Sociology, psychology, anthropology and political science "
"13003001","science and technology/human science/social sciences","The study of people living in groups, as families, tribes and communities "
"13003002","science and technology/human science/history","The study of human events of the past "
"13003003","science and technology/human science/psychology","The study of the human mind and mental and emotional processes "
"13003004","science and technology/human science/sociology","The study of human social relations, organization and change "
"13003005","science and technology/human science/anthropology","The study of human beings in groups or societies "
"13004000","science and technology/natural science","Astronomy, astrophysics, physics, chemistry, earth sciences, palaeontology, biological sciences, botany and zoology, as well as mathematics "
"13004001","science and technology/natural science/geology","The study of Earth's physical processes "
"13004002","science and technology/natural science/paleontology","The study of ancient animals "
"13004003","science and technology/natural science/geography","The study of the surface of Earth and its political divisions "
"13004004","science and technology/natural science/botany","The study of plants "
"13004005","science and technology/natural science/zoology","The study of animals "
"13004006","science and technology/natural science/physiology","The study of vital processes of living organisms "
"13004007","science and technology/natural science/astronomy","The study of the stars and planets "
"13004008","science and technology/natural science/biology","The study of living organisms "
"13005000","science and technology/philosophical science","Philosophy, logic and ethics, among others "
"13006000","science and technology/research","Methodical investigation of events, procedures etc to explain why they occur, or to find solutions for problems "
"13006001","science and technology/research/survey","Examination of public attitudes on various subjects or issues, such as the quality of goods, the value of services etc. "
"13007000","science and technology/scientific exploration","Methodical land, sea and space journeys to discover new information about them "
"13008000","science and technology/space programme","The government's organized effort for the exploration of outer space and the bodies therein "
"13009000","science and technology/science (general)","Establishing and systematizing information about nature and the physical world through observation, experimentation and hypothesis "
"13010000","science and technology/technology (general)","The study of the practical or industrial arts, and applied sciences such as physics, hydrodynamics and thermodynamics "
"13010001","science and technology/technology (general)/rocketry","The development of rockets "
"13010002","science and technology/technology (general)/laser","The development and use of light amplification by stimulated emission of radiation "
"13011000","science and technology/standards","The rules, national and international, that govern science and technology. These might include international standards setting for equipment and interference standards. "
"13012000","science and technology/animal science","Science involving animals "
"13013000","science and technology/micro science","The multi-disciplinary areas of nanotechnology and Micro-Electrical Mechanical Systems. "
"13014000","science and technology/marine science","The multi-disciplinary research areas involving the worlds' waterways and oceans. This could include hyper-spectral sensing of ice flows, fisheries studies and underwater research. "
"13015000","science and technology/weather science","All scientific aspects of the weather and climate. "
"13016000","science and technology/electronics","The branch of engineering or physics concerned with the controlled flow of electrons or other carriers of electric charges, especially in semiconductor devices, including the design, manufacture, and maintenance of electronic devices "
"13017000","science and technology/identification technology","Includes biometrics, new computer-based identification cards, retinal scans, face scanning and mobile augmented reality systems (MARS) and other ways technology can identify individuals. Also technology vs. the privacy of personal information. "
"13018000","science and technology/mathematics","The study of quantities and shapes and their symbolic relationships. "
"13019000","science and technology/biotechnology","Manipulating natural organisms for scientific, medical or agricultural purposes "
"13020000","science and technology/agricultural research and technology","Pertaining to the growing of crops and management of farm animals "
"13021000","science and technology/nanotechnology","Manipulating objects at the molecular scale "
"13022000","science and technology/IT/computer sciences","The study and design of computer systems and networks. "
"13023000","science and technology/scientific institutions","Institutions that carry out or govern scientific work (e.g. National Academy of Arts and Sciences ) "
"14000000","social issue","Aspects of the behaviour of humans affecting the quality of life. "
"14001000","social issue/addiction","The habitual and often uncontrollable use of harmful substances such as alcohol, tobacco and pharmaceuticals or drugs "
"14002000","social issue/charity","Philanthropic giving "
"14003000","social issue/demographics","The study of people and here they live and how they interact "
"14003001","social issue/demographics/population and census","Population is the number of people in a geographical region and census is the process of counting them "
"14003002","social issue/demographics/immigration","Movement of individuals from one country to the other "
"14003003","social issue/demographics/illegal immigrants","Movement of individuals from one country to the other by illicit means "
"14003004","social issue/demographics/emigrants","People who leave their country of origin, their relationship with their country of origin and their association with fellow emigrants "
"14004000","social issue/disabled","Being incapacitated either physically, emotionally or mentally "
"14005000","social issue/euthanasia (also includes assisted suicide)","Voluntary death with the aid of another "
"14005001","social issue/euthanasia (also includes assisted suicide)/suicide","Death by one's own hand "
"14006000","social issue/family","A group of individuals related by blood or marriage "
"14006001","social issue/family/parent and child","Two or more individuals with a hierarchical familial relationship "
"14006002","social issue/family/adoption","A legal process of bringing a child with no supporting parents into a supportive union "
"14006003","social issue/family/marriage","The union of two individuals who pledge fidelity, respect and support for each other "
"14006004","social issue/family/divorce","The process by which a marriage is dissolved "
"14006005","social issue/family/sex","The classification of individuals as either male or female. Or conjugal relationship between two individuals. "
"14006006","social issue/family/courtship","Preliminaries of wooing and winning a partner "
"14007000","social issue/family planning","Conscious decisions and efforts involving reproduction "
"14008000","social issue/health insurance","Insurance covering extraordinary medical costs "
"14009000","social issue/homelessness","Lacking a fixed place of residence "
"14010000","social issue/minority group","A group of people classified by race, language, religion or other characteristic numerically smaller than others of the same classification "
"14010001","social issue/minority group/gays and lesbians","Those that consider themselves attracted to their same gender in an erotic or sensual or similar way. "
"14010002","social issue/minority group/national or ethnic minority","Groups of people that form a minority on ethnic or national basis, their status, problems and relations to the majority "
"14011000","social issue/pornography","Audio or visual depictions of various sex related acts considered outside accepted community standards "
"14012000","social issue/poverty","Having insufficient resources to provide for basic services to oneself or family "
"14013000","social issue/prostitution","Sex for sale, either male or female, and those who profit from it "
"14014000","social issue/racism","Harmful attitudes toward another group based on racial differences "
"14015000","social issue/welfare","Generally government help for those in need of food, housing health and other services "
"14016000","social issue/abortion","Usually the planned disruption of the process of reproduction of human life "
"14017000","social issue/missing person","A person who is not where they are expected to be for a period of time "
"14017001","social issue/missing person/missing due to hostilities","People, both civilian and military, missing during or after hostilities "
"14018000","social issue/long term care","Extensive health care because of serious illness or disability "
"14019000","social issue/juvenile delinquency","Incidents involving perpetrators who are minors. "
"14020000","social issue/nuclear radiation victims","Includes antinuclear movements and compensation for atomic blast victims. "
"14021000","social issue/slavery","The involuntary servitude, outside of legal incarceration for statuary criminal offences, of men, women and children, including involuntary unpaid labour, coerced actions, child labour "
"14022000","social issue/abusive behaviour","The maltreatment of one or more individuals by others through dehumanizing treatment including sexual or mental abuse, deprivation of sensory abilities, deprivation of physical needs, physical mistreatment including beatings, and other forms of torture "
"14023000","social issue/death and dying","Dying is the route to death. Death is the state you are in when there are no signs that you can function as a human being either physically or mentally "
"14024000","social issue/people","Individuals as a whole, sometimes broken down into various classes, such as indigenous people, people of class etc "
"14024001","social issue/people/children","Immature people, usually up to the age of puberty "
"14024002","social issue/people/infants","Those people from birth until ages of one or two, usually when they begin walking "
"14024003","social issue/people/teen-agers","People aged 13 to 19 years of age "
"14024004","social issue/people/adults","People aged 20 and above "
"14024005","social issue/people/senior citizens","People aged 60 or 65 and older "
"14025000","social issue/social issues (general)","Issues affecting a number of individuals in their daily lives like housing, food, education, personal relationships "
"14025001","social issue/social issues (general)/social conditions","Conditions under which people live in terms of housing, water supply, availability of education "
"14025002","social issue/social issues (general)/social problems","Issues affecting the lives of individuals such as housing, education nutrition, communication etc "
"14025003","social issue/social issues (general)/discrimination","Denial of services to one or more people because of race, colour, sexual identity, religion, political beliefs etc "
"14025004","social issue/social issues (general)/social services","Government supported programs to improve the well-being of individuals or groups of individuals "
"14025005","social issue/social issues (general)/death penalty policies","National or international polices regarding death sentences "
"14026000","social issue/ordnance clearance","The removal or neutralization of ordnance such as landmines or cluster bombs, remaining after a war or armed conflict "
"14027000","social issue/reconstruction","The reconstruction of economy, infrastructure and property, as well as life in general, after a war or natural disaster "
"15000000","sport","Competitive exercise involving physical effort. Organizations and bodies involved in these activities. "
"15001000","sport/aero and aviation sport","Parachuting, freefall (parapente, delta-plane), gliding, aerostat, motorised flight (airplane, ultra light craft, helicopter) "
"15001001","sport/aero and aviation sport/parachuting","Parachuting competitions: precision landings, voltige, individual and team "
"15001002","sport/aero and aviation sport/sky diving","Parachuting competitions involving sky-diving "
"15002000","sport/alpine skiing","Skiing downhill on snow-covered slopes as fast as possible. The slopes contain intermediate gates which are spaced according to the discipline involved "
"15002001","sport/alpine skiing/downhill","Skiing at top speed down a steep slope with interspersed turns but no gates. The fastest wins. "
"15002002","sport/alpine skiing/giant slalom","Skiing down a slope, but with more turns and bends than in super-G skiing. The fastest wins. "
"15002003","sport/alpine skiing/super G","Skiing down a steep slope, but with more turns and bends than in the downhill. The fastest wins. "
"15002004","sport/alpine skiing/slalom","Skiers must zig-zag their way down a slope with closely positioned gates which they must negotiate. It is run over two legs with the combined fastest winning. "
"15002005","sport/alpine skiing/combined","Race, usually competed over two days that combines a downhill leg and a slalom leg rewarding the most complete skiers. Combined fastest time wins. "
"15003000","sport/American football","Team ball game that opposes two teams that have attack sections and defence sections. Each attack goes up against the other defence and attempts to move an oval-shaped ball down the field and into the end-zone to mark a touchdown and earn points. "
"15003001","sport/American football/(US) National Football League (NFL) (North American)","The association of professional American football teams "
"15003002","sport/American football/CFL","The Canadian Football League (CFL), also known as Ligue Canadienne de Football (LCF), is a professional league located entirely in Canada that plays Canadian football. "
"15003003","sport/American football/AFL-DEPRECATED","The American Football League (AFL) was a professional league of American football that operated from 1960 to 1969. In 1970, the AFL merged with the National Football League. "
"15004000","sport/archery","Archers use bows and arrows to aim at targets 1.22 metres in diameter which are on average 70 metres distant. "
"15004001","sport/archery/FITA / Outdoor target archery","The competition is held outdoors on an open (flat) field, at various fixed distances. The archery competition in the Olympic Games is a part of the FITA outdoor target archery program. "
"15004002","sport/archery/crossbow shooting","Shooting with crossbow on targets from different distances "
"15005000","sport/athletics, track and field","Competitions involving foot races, jumping and throwing which can be on a track inside a stadium or on outside roads "
"15005001","sport/athletics, track and field/100 m","Running over a distance of 100 metres with the fastest time winning "
"15005002","sport/athletics, track and field/200 m","Running over a distance of 200 metres with the fastest time winning "
"15005003","sport/athletics, track and field/400 m","Running over a distance of 400 metres with the fastest time winning "
"15005004","sport/athletics, track and field/800 m","Running over a distance of 800 metres with the fastest time winning "
"15005005","sport/athletics, track and field/1000 m","Running over a distance of 1000 metres with the fastest time winning "
"15005006","sport/athletics, track and field/1500 m","Running over a distance of 1000 metres with the fastest time winning "
"15005007","sport/athletics, track and field/mile","Running over a distance of one mile with the fastest time winning "
"15005008","sport/athletics, track and field/2000 m","Running over a distance of 2000 metres with the fastest time winning "
"15005009","sport/athletics, track and field/3000 m","Running over a distance of 3000 metres with the fastest time winning "
"15005010","sport/athletics, track and field/5000 m","Running over a distance of 5000 metres with the fastest time winning "
"15005011","sport/athletics, track and field/10,000 m","Running over a distance of 10,000 metres with the fastest time winning "
"15005012","sport/athletics, track and field/20 km","Walking over a distance of 20 km on public roads with the fastest time winning "
"15005013","sport/athletics, track and field/one hour","Walking as far as possible in the time of one hour "
"15005014","sport/athletics, track and field/25000","Walking over a distance of 25km with the fastest time winning "
"15005015","sport/athletics, track and field/30000","Walking over a distance of 30kms with the fastest time winning "
"15005016","sport/athletics, track and field/110 m hurdles","Race consisting of covering 110 metres as fast as possible while jumping over 10 hurdles placed on the track "
"15005017","sport/athletics, track and field/400 m hurdles","Race consisting of covering 400 metres as fast as possible while jumping over 10 hurdles placed on the track "
"15005018","sport/athletics, track and field/3000 m steeplechase","Race consisting of covering 3000 metres as fast as possible while jumping over 28 hurdles which are 91/4 centimetres high and seven water obstacles "
"15005019","sport/athletics, track and field/high jump","Competitors jump as high as possible over a bar which is raised each time they clear the height. The highest clearance wins. "
"15005020","sport/athletics, track and field/pole vault","Competitors use a flexible pole to propel themselves feet-first into the air and clear a bar which is raised higher at each round of jumps. "
"15005021","sport/athletics, track and field/long jump","Competitors build up speed over a short sprint and them attempt to jump as far forward as they can from a given point into sand trap. The longest jump wins. "
"15005022","sport/athletics, track and field/triple jump","Competitors build up speed over a short sprint and then attempt to jump as far forward as they can using a hop, skip and a jump technique. The longest jump wins. "
"15005023","sport/athletics, track and field/shot put","Competitors stand in a circle with a 2.13 metres diameter and attempt to throw a metal ball weighing 7.26 kg for men and 4kg for women as far as possible. The longest throw wins. "
"15005024","sport/athletics, track and field/discus throw","Competitors stand in a netted circle with a 2.50 metres diameter and with a turning motion attempt to throw a discus weighing 2kg for men and 1kg for women as far as possible. The longest throw wins. "
"15005025","sport/athletics, track and field/hammer throw","Competitors throw a hammer consisting of a metal ball, chain and handle as far as they can from a netted circle which is 2.13 metres in diameter. The hammer weighs 7.26 kg for men and 4 kg for women. "
"15005026","sport/athletics, track and field/javelin throw","Competitors in a specially-designated throwing area attempt to fling a spear-like javelin as far as possible. The javelin weighs 800 grammes for men and 600 grammes for women. "
"15005027","sport/athletics, track and field/decathlon","Individual men's competition which involves accumulating points in 10 different disciplines over two days: 1st day - 100m, long-jump, shot-putt, high-jump, 400m. 2nd day - 110m hurdles, discus, pole-vault, javelin and 1,500 metres. "
"15005028","sport/athletics, track and field/4x100 m","Team race involving four runners each covering 100 metres. "
"15005029","sport/athletics, track and field/4x200 m","Team race involving four runners each covering 200 metres. "
"15005030","sport/athletics, track and field/4x400 m","Team race involving four runners each covering 400 metres. "
"15005031","sport/athletics, track and field/4x800 m","Team race involving four runners each covering 800 metres. "
"15005032","sport/athletics, track and field/4x1500 m","Team race involving four runners each covering 1500 metres. "
"15005033","sport/athletics, track and field/walk 1 h","One-hour long race where competitors must maintain at least one foot in contact with the ground and are not allowed to run. "
"15005034","sport/athletics, track and field/walk 2 h","Two-hour long walking race where competitors must maintain at least one foot in contact with the ground and are not allowed to run. "
"15005035","sport/athletics, track and field/10 km walk","Walking race over 10 kilometres where competitors must maintain at least one foot in contact with the ground and are not allowed to run. "
"15005036","sport/athletics, track and field/15 km walk","Walking race over 15 kilometres where competitors must maintain at least one foot in contact with the ground and are not allowed to run. "
"15005037","sport/athletics, track and field/20 km walk","Walking race over 20 kilometres where competitors must maintain at least one foot in contact with the ground and are not allowed to run. "
"15005038","sport/athletics, track and field/30 km walk","Walking race over 30 kilometres where competitors must maintain at least one foot in contact with the ground and are not allowed to run. "
"15005039","sport/athletics, track and field/50 km walk","Walking race over 50 kilometres where competitors must maintain at least one foot in contact with the ground and are not allowed to run. "
"15005040","sport/athletics, track and field/100 m hurdles","Sprint over a distance of 110 metres with competitors having to clear 10 hurdles placed in their way. "
"15005041","sport/athletics, track and field/5 km walk","Walking race over 5 kilometres where competitors must maintain at least one foot in contact with the ground and are not allowed to run. "
"15005042","sport/athletics, track and field/heptathlon","Individual women's competition involving seven separate disciplines over two days. 1st day - 100m hurdles, high-jump, shot-putt, 200 metres. 2nd day - long-jump, javelin, 800 metres. "
"15005043","sport/athletics, track and field/1500 m walk","Walking race over 1500 metres where competitors must maintain at least one foot in contact with the ground and are not allowed to run. "
"15005044","sport/athletics, track and field/2000 m walk","Walking race over 2000 metres where competitors must maintain at least one foot in contact with the ground and are not allowed to run. "
"15005045","sport/athletics, track and field/3000 m walk","Walking race over 3000 metres where competitors must maintain at least one foot in contact with the ground and are not allowed to run. "
"15005046","sport/athletics, track and field/50 m","Short sprint race over 50 metres with the fastest time winning. "
"15005047","sport/athletics, track and field/50 m hurdles","Short sprint race over 50 metres interspersed with hurdles. "
"15005048","sport/athletics, track and field/50 yards","Short sprint race over 50 yards with the fastest time winning. "
"15005049","sport/athletics, track and field/50 yard hurdles","Short sprint race over 50 yards interspersed with hurdles. "
"15005050","sport/athletics, track and field/60 m","Short sprint race over 60 metres with the fastest time winning. "
"15005051","sport/athletics, track and field/60 m hurdles","Short sprint race over 60 metres interspersed with hurdles. "
"15005052","sport/athletics, track and field/60 yards","Short sprint race over 60 yards with the fastest time winning. "
"15005053","sport/athletics, track and field/60 yard hurdles","Short sprint race over 60 yards interspersed with hurdles. "
"15005054","sport/athletics, track and field/100 yards","Sprint race over 100 yards with the fastest time winning. "
"15005055","sport/athletics, track and field/100 yard hurdles","Sprint race over 100 yards interspersed with hurdles. "
"15005056","sport/athletics, track and field/300 m","Race over 300 metres with the fastest time winning. "
"15005057","sport/athletics, track and field/300 yards","Race over 300 yards with the fastest time winning. "
"15005058","sport/athletics, track and field/440 yards","Race over 440 yards with the fastest time winning. "
"15005059","sport/athletics, track and field/500 m","Race over 500 metres with the fastest time winning. "
"15005060","sport/athletics, track and field/500 yards","Race over 500 yards with the fastest time winning. "
"15005061","sport/athletics, track and field/600 m","Race over 600 metres with the fastest time winning. "
"15005062","sport/athletics, track and field/600 yards","Race over 600 yards with the fastest time winning. "
"15005063","sport/athletics, track and field/880 yards","Race over 880 yards with the fastest time winning. "
"15005064","sport/athletics, track and field/1000 yards","Race over 1000 yards with the fastest time winning. "
"15005065","sport/athletics, track and field/2 miles","Race over two miles with the fastest time winning. "
"15005066","sport/athletics, track and field/3 miles","Race over three miles with the fastest time winning. "
"15005067","sport/athletics, track and field/6 miles","Race over six miles with the fastest time winning. "
"15005068","sport/athletics, track and field/4x1 mile","Team Relay race with four runners on each team running for one mile. "
"15005069","sport/athletics, track and field/pentathlon","Only indoor, 60m hurdles, high jump, shot put, long jump, 800 m "
"15006000","sport/badminton","Two players or two teams of two compete by hitting a shuttlecock weighing approximately five grams over a high net. The aim for each player/team is to prevent the shuttlecock landing on their side of the court. "
"15007000","sport/baseball","A game between two teams of nine played on an enclosed ground. The team which scores the most points wins. A point is scored when a player runs around the ground marked out by four bases. "
"15007001","sport/baseball/Major League Baseball (North American Professional) - American League","Baseball league comprising 14 teams. "
"15007002","sport/baseball/Major League Baseball (North American Professional) - National League","Baseball league comprising 16 teams. "
"15007003","sport/baseball/Major League Baseball (North American Professional) - Special (e.g. All-Star, World Series)","Baseball competition other than the World Series. "
"15007004","sport/baseball/rubberball baseball","Sometimes called ''soft baseball,'' the game is played with a rubber baseball of varying degrees of hardness depending upon the age and level of the players. "
"15007005","sport/baseball/Major League Baseball Playoffs","Consists of several rounds of play to determine representatives to the U.S.-based World Series "
"15007006","sport/baseball/World Series","U.S.-based annual series of games between the top two teams of Major League Baseball to determine the overall champion "
"15008000","sport/basketball","Game played between two teams of five - points are scored by placing the large inflated ball into a net fixed on a ring 3.05m above the ground. "
"15008001","sport/basketball/National Basketball Association (North American Professional)","The NBA is the umbrella organisation running professional basketball in the United States. The NBA is made up of two conferences (east and west), four divisions (Atlantic and Central for the East, and Midwest and Pacific for the west). "
"15008002","sport/basketball/professional - Women general","Women's professional league "
"15008003","sport/basketball/Swiss netball","Similar to Basketball. Basket without a board. Mainly executed by women "
"15008004","sport/basketball/German netball","Same as Swiss Netball, but with specific German rules "
"15008005","sport/basketball/Dutch netball","Same as Swiss Netball, but with specific Dutch rule "
"15009000","sport/biathlon","A combination of cross country skiing and target shooting in a pursuit format. "
"15009001","sport/biathlon/7.5 km","Timed cross country skiing race. Competitors set off at 30sec intervals for three circuits totalling 7.5km. "
"15009002","sport/biathlon/10 km","Sprint races for men, pursuit for women. "
"15009003","sport/biathlon/15 km","Individual women's race in sprint format staged over three laps with competitors setting off at intervals of a minute. "
"15009004","sport/biathlon/20 km","Individual men's race in sprint format staged over five laps with competitors setting off at intervals of a minute. "
"15009005","sport/biathlon/4x7.5 km relay","Teams consisting of four biathletes with each team covering a distance of 7.5km with two rounds of target shooting. "
"15009006","sport/biathlon/12.5 km pursuit","The start is determined by the results from the sprint. A race held over five laps with target shooting (standing or prone) "
"15010000","sport/billiards, snooker and pool","A game played on a flat table covered with a cloth (baize) where players hit balls according to specific rules using a wooden cue. "
"15010001","sport/billiards, snooker and pool/8 ball","A game using 15 balls and a white. The first player aims to pot the balls numbered 1-7 (solids) with the second player potting balls 9-15 (stripes). After that the first player to pot the black wins. "
"15010002","sport/billiards, snooker and pool/9 ball","A game played with nine balls numbered 1-9, and a white. On each turn the player must hit the lowest numbered ball. "
"15010003","sport/billiards, snooker and pool/14/01/2013","A player nominates the ball he is attempting to pot and into which pocket. He collects points for each successful hit. He continues until he makes a mistake. Before hitting the 15th ball, the 14 reds are set up again in the triangle. "
"15010004","sport/billiards, snooker and pool/continuous-DEPRECATED","NA"
"15010005","sport/billiards, snooker and pool/other-DEPRECATED","NA"
"15010006","sport/billiards, snooker and pool/snooker","Two players using a cue and a white ball to sink"" other coloured balls in a correct order on a baize table and to cause an opponent to miss-hit by positioning the white ball in an inappropriate place - snookering. """," "
"15011000","sport/bobsleigh","In bobsleigh two or four persons race down a course sitting in a sled that consists of a main hull, a frame, two axles and sets of runners. The total time of all heats in a competition is added together to determine the winner. "
"15011001","sport/bobsleigh/two-man sled","race consisting of a team of two competitors "
"15011002","sport/bobsleigh/four-man sled","race consisting of a team of four competitors "
"15012000","sport/bowling","A game in which a player scores points by trying to knock down ten 'pins' using a ball - if unsuccessful the player has a second attempt. A game consists of ten frames. "
"15013000","sport/bowls and petanque","A game in which players throw bowls at a target, the winner being the player who lands closest. "
"15014000","sport/boxing","Combat sport in which two men/women fight using only their fists covered by padded gloves in a square ring measuring 6m a side. The fight is usually split into 12 rounds of three minutes each. "
"15014001","sport/boxing/super-heavyweight","Weight category in boxing which varies according to the federation"
"15014002","sport/boxing/heavyweight","Weight category in boxing which varies according to the federation"
"15014003","sport/boxing/cruiserweight","Weight category in boxing which varies according to the federation"
"15014004","sport/boxing/light-heavyweight","Weight category in boxing which varies according to the federation"
"15014005","sport/boxing/super-middleweight","Weight category in boxing which varies according to the federation"
"15014006","sport/boxing/middleweight","Weight category in boxing which varies according to the federation"
"15014007","sport/boxing/light-middleweight","Weight category in boxing which varies according to the federation"
"15014008","sport/boxing/welterweight","Weight category in boxing which varies according to the federation"
"15014009","sport/boxing/light-welterweight","Weight category in boxing which varies according to the federation"
"15014010","sport/boxing/lightweight","Weight category in boxing which varies according to the federation"
"15014011","sport/boxing/super-featherweight","Weight category in boxing which varies according to the federation"
"15014012","sport/boxing/featherweight","Weight category in boxing which varies according to the federation"
"15014013","sport/boxing/super-bantamweight","Weight category in boxing which varies according to the federation"
"15014014","sport/boxing/bantamweight","Weight category in boxing which varies according to the federation"
"15014015","sport/boxing/super-flyweight","Weight category in boxing which varies according to the federation"
"15014016","sport/boxing/flyweight","Weight category in boxing which varies according to the federation"
"15014017","sport/boxing/light flyweight","Weight category in boxing which varies according to the federation"
"15014018","sport/boxing/straw","Weight category in boxing which varies according to the federation"
"15014019","sport/boxing/IBF","International boxing federation "
"15014020","sport/boxing/WBA","World boxing association "
"15014021","sport/boxing/WBC","World boxing council "
"15014022","sport/boxing/WBO","World boxing organisation "
"15014023","sport/boxing/French boxing","Combat sport in which kicking with all parts of the feet are permitted and punching with the front of the fist is also allowed "
"15014024","sport/boxing/Thai boxing","Form of boxing involving punches with fists, feet, knees, elbows and legs. "
"15015000","sport/canoeing and kayaking","races in either 'white' or 'dead' water "
"15015001","sport/canoeing and kayaking/Slalom","White water course set out with gates consisting of two poles suspended vertically over the water. Competitors must negotiate the gates or face penalties "
"15015002","sport/canoeing and kayaking/200 m","race held over 200m "
"15015003","sport/canoeing and kayaking/500 m","race held over 500m "
"15015004","sport/canoeing and kayaking/1000 m","race held over 1000m "
"15015005","sport/canoeing and kayaking/K1","an enclosed boat with the competitor sitting on a fixed seat for one person using a double bladed paddle "
"15015006","sport/canoeing and kayaking/K2","an enclosed boat with the competitor sitting on a fixed seat for two people using double bladed paddles. "
"15015007","sport/canoeing and kayaking/K4","an enclosed boat with the competitor sitting on a fixed seat for four people using double bladed paddles. "
"15015008","sport/canoeing and kayaking/C1","One-seater canoe (open boat with competitor using a single bladed paddle. "
"15015009","sport/canoeing and kayaking/C2","Two-seater canoe (open boat) - competitors use a single bladed paddle. "
"15015010","sport/canoeing and kayaking/C4","Four-seater canoe (open boat) with each competitor using a single bladed paddle. "
"15015011","sport/canoeing and kayaking/canoe sailing","A race involving a canoe equipped with a sail. "
"15015012","sport/canoeing and kayaking/pontoniering","Team sport, military tradition, similar to canoe regatta, in boats "
"15016000","sport/climbing","mountain sports "
"15016001","sport/climbing/mountaineering","Alpine climbing "
"15016002","sport/climbing/sport climbing","Sport climbing as a special category: individual competition, on an artificial wall with time measurement "
"15017000","sport/cricket","Ball sport involving two teams of 11 players, balls, bats and wickets. The aim is to score as many runs as possible, and to get the opposing team 'out'. A 'run' involves a player running between two wickets. The opposing team try to get their rivals 'out' "
"15018000","sport/curling","A game played on ice with large flat round stones. A player throws the stone, aiming at a target. Team mates of the player who has thrown the stone can sweep the ice in front of the stone to help smooth its path towards the target. "
"15018001","sport/curling/icestock sport","Similar to curling, played on targets on ice, different stones with straight handle and different rules, played in alpine countries "
"15019000","sport/cycling","A race over a given distance on bicycles. "
"15019001","sport/cycling/track","A race staged on a track in a velodrome "
"15019002","sport/cycling/pursuit","Two cyclists or teams set off from midway down opposite straights and try to make up the gap between them. "
"15019003","sport/cycling/Olympic sprint","Qualifying race held over 200m. From the quarter-finals two cyclists go head-to-heads. By teams races consist of three cyclists from different countries. "
"15019004","sport/cycling/sprint","Races between two cyclists over two or three laps, with a timed sprint finish over the last 200m. "
"15019005","sport/cycling/Keirin","Sprint between six cyclists where a pacemaker on a moped gradually increases the pace over the first 1400m. When the pacemaker leaves the track the race develops into a sprint finish over the final 6-700m. "
"15019006","sport/cycling/points race","Cyclists aim to complete the highest number of laps. Bonus points are picked up in intermediate sprints held every 2500m. "
"15019007","sport/cycling/Madison race","A points race by teams comprising two cyclists in relay-format. "
"15019008","sport/cycling/500 m time trial","Individual race against the clock over 500m for women. "
"15019009","sport/cycling/1 km time trial","Individual race over 1000m against the clock for men. "
"15019010","sport/cycling/one hour","Competitors aim to complete as many kilometres as possible in one hour. "
"15019011","sport/cycling/road race","Road race with all the competitor starting en masse. "
"15019012","sport/cycling/road time trial","A race or stage against the clock with each cyclist setting off individually. "
"15019013","sport/cycling/staging race","A race disputed by teams with the classifications determined by the combined times over a day. "
"15019014","sport/cycling/cyclo-cross","Staged on various surfaces - earth, grass, sand or tarmac. "
"15019015","sport/cycling/Vtt","Mountain bikes "
"15019016","sport/cycling/Vtt-cross","An endurance race on mountain bikes around a 10km circuit over various terrain and with different degrees of slopes. Competitors are not allowed any exterior help. "
"15019017","sport/cycling/Vtt-downhill","Individual mountain bike race against the clock staged on a downhill circuit featuring obstacles. "
"15019018","sport/cycling/bi-crossing","A race where competitors have to cover a circuit with obstacles as quickly as possible. "
"15019019","sport/cycling/trial","A timed race in which competitors on mountain bikes must negotiate tricky terrain and obstacles without putting their feet down. "
"15019020","sport/cycling/artistic cycling","Individual or teams on one or two bicycles in an arena. Points are awarded by a jury. "
"15019021","sport/cycling/cycle ball","Competitive team sport using bicycles. One team against another with two persons per team. The aim is for competitors to move the ball using the front and rear wheels without letting their feet touch the ground. "
"15020000","sport/dancing","Dancing competition where couples are judged on technique and interpretation. "
"15021000","sport/diving","Competitors dive off a fixed or spring board and are assessed by seven judges giving marks up to ten for their acrobatic moves. "
"15021001","sport/diving/10 m platform","Divers take off from a ten metre high platform. "
"15021002","sport/diving/10 m platform synchronised","Two competitors from the same team dive off at the same time from separate platforms. As well as being judged on the standard criteria they are also awarded marks for synchronisation. "
"15021003","sport/diving/3 m springboard","Divers dive from a three-metre high springboard. "
"15021004","sport/diving/3 m springboard synchronised","Two competitors from the same team dive off at the same time from separate three-metre high springboards. As well as being judged on the standard criteria they are also awarded marks for synchronisation. "
"15021005","sport/diving/subaquatics","Sports like hockey held under water "
"15021006","sport/diving/scuba diving","Diving into different depths, with time measurement "
"15022000","sport/equestrian","Sport involving a horse and rider. "
"15022001","sport/equestrian/three-day event","Equestrian event involving three disciplines - Dressage, cross-country and show jumping. "
"15022002","sport/equestrian/dressage","A rider is judged on a series of moves at three different paces - walk, trot and gallop. "
"15022003","sport/equestrian/jumping","A rider and horse attempt to jump a series of obstacles in an enclosed arena against the clock. "
"15022004","sport/equestrian/cross country","Equestrian event held on a designated circuit in the countryside featuring artificial and natural obstacles. "
"15023000","sport/fencing","Combat sport using a sword or foil. "
"15023001","sport/fencing/epee","category of fencing using a weapon with a triangular cross-section blade and a large bell guard. "
"15023002","sport/fencing/foil","category of fencing using a weapon with a rectangular cross-section blade and a small bell guard. "
"15023003","sport/fencing/sabre","a fencing weapon with a flat blade and knuckle guard used with cutting or thrusting moves. "
"15024000","sport/field Hockey","A ball sport involving two teams of 11 players using curved sticks. The aim is to score as many goals as possible. "
"15024001","sport/field Hockey/roll hockey","Team sport similar to ice hockey, executed on 4 wheel roller skates with sticks and a ball "
"15025000","sport/figure Skating","To obtain the best marks possible from nine judges who award scores after two prepared sections - both skated to music - during which competitors must attempt to achieve the greatest possible harmony between artistic flair and technical precision. "
"15025001","sport/figure Skating/singles","The individual events comprise a short program which counts for 33.3% of the score, and the free skate which is worth 66.7%. "
"15025002","sport/figure Skating/pairs","The pairs event comprise a short program which counts for 33.3% of the score, and the free skate which is worth 66.7%. "
"15025003","sport/figure Skating/ice dance","Takes place over three days with, in order, two compulsory dances, the original dance (2min 30sec) and the free dance (4min). "
"15026000","sport/freestyle Skiing","Competitors perform a series of breathtaking acrobatic leaps from a prepared jump. Combined with moguls, jumps and ski ballet. "
"15026001","sport/freestyle Skiing/moguls","Contestants attack a heavily moguled slope, performing technically challenging turns and jumps, while maintaining the most direct line from the top to the bottom of the hill. "
"15026002","sport/freestyle Skiing/aerials","Competitors perform a series of aerial twists and turns from a prepared jump. "
"15026003","sport/freestyle Skiing/artistic skiing","Competitors perform a series of artistic moves (jumps and twists) all set to music. The use of ski poles is permitted. "
"15027000","sport/golf","Competitors attempt to hit a small white ball with different clubs around a course of 18 holes varying in distance. The object is to make the fewest strokes possible. "
"15028000","sport/gymnastics","A sport consisting of a variety of disciplines in which gymnasts perform artistic and acrobatic moves on different apparatus. There are 6 disciplines for men and 4 for women. "
"15028001","sport/gymnastics/floor exercise","A gymnastics floor exercise on a 12m/sq matt. "
"15028002","sport/gymnastics/vault","gymnasts propel themselves by jumping on a trampoline after running quickly down a 25m lane "
"15028003","sport/gymnastics/pommel horse","Gymnasts perform an uninterrupted swing motion over a handled horse using balance and strength. "
"15028004","sport/gymnastics/uneven bars","Gymnasts run through an airborne routine swinging around and between the uneven bars. "
"15028005","sport/gymnastics/parallel bars","Gymnasts swing and turn with guile and grace around the parallel bars. "
"15028006","sport/gymnastics/horizontal bar","Gymnasts turn, spin and perform pirouettes around the horizontal bar. "
"15028007","sport/gymnastics/rings","Gymnasts perform feats of balance and strength from two suspended rings. "
"15028008","sport/gymnastics/beam","Gymnasts perform leaps and flips from the much feared balance beam just 10 cm wide. "
"15028009","sport/gymnastics/rhythmic","A mixture of dance and gymnastic moves. "
"15028010","sport/gymnastics/clubs","Dance and gymnastic moves whilst juggling clubs. "
"15028011","sport/gymnastics/hoop","A hoop is rolled and thrown whilst performing a dance routine. "
"15028012","sport/gymnastics/ribbon","Gymnasts work through a pre-arranged routine whilst manipulating a spectacular length of ribbon. "
"15028013","sport/gymnastics/rope","Jump and figure movements are performed while a rope is manipulated. "
"15028014","sport/gymnastics/ball","An exercise based on suppleness of the body using a ball. "
"15028015","sport/gymnastics/trampoline","Competitors perform complicated twists and turns whilst bouncing on the trampoline. "
"15029000","sport/handball (team)","A ball game using the hands contested by two teams of seven trying to throw the ball into the opponents goal. "
"15030000","sport/horse racing, harness racing","Mounted horse races. "
"15030001","sport/horse racing, harness racing/flat racing","A horse race over a flat course. "
"15030002","sport/horse racing, harness racing/steeple chase","A mounted horse race over at least eight classic obstacles, four of which must be different, such as the water jump, spruce fences, mud walls etc. "
"15030003","sport/horse racing, harness racing/trotting","Horses pitched to a jockeyed buggy race in a trot round a flat course. "
"15030004","sport/horse racing, harness racing/cross country","A long distance race including rustic obstacles such as real fences, streams and fallen trees. "
"15031000","sport/ice hockey","Two teams of six heavily padded skaters try and outscore each other by hitting a puck into the opponents goal. "
"15031001","sport/ice hockey/National Hockey League (North American)","Teams from the US and Canada make up the North American continents top league. "
"15031002","sport/ice hockey/sledge hockey","Like ice hockey but instead of skates small sledges are used. Competitors move by pushing with the arms "
"15032000","sport/Jai Alai (Pelota)","Because of the game organization, the proper identification of a specific game may require the combination of 2 subject details "
"15032001","sport/Jai Alai (Pelota)/fronton","The fronton"" known as ""Fronton Place Libre"" consists of a rectangular outdoor court plus a large pink shaped wall at one end. The two sides and the other end are left opened. """," "
"15032002","sport/Jai Alai (Pelota)/jai-alai","A Jaï-Alai"" is an indoor fronton with a 56 meters long court which is used exclusively to play ""chistera-ancha"". Three walls are used in the game: the front, the back and the left hand wall. """," "
"15032003","sport/Jai Alai (Pelota)/left wall","A fronton with left hand wall"" is an indoor fronton with a 36 meters long court where Pala or Main Nue are played. Three walls are used in the game: the front, the back and the left hand wall. """," "
"15032004","sport/Jai Alai (Pelota)/trinquet","A Trinquet"" is an indoor fronton with a 28.5 meters long court surrounded by four walls. The four walls are used in the game. """," "
"15032005","sport/Jai Alai (Pelota)/rebot","The rebot"" is the game played in a fronton ""place libre"" with 5 players in each team. They use a ""chistera"" (56 cm long and 12 cm large) or bare hands. """," "
"15032006","sport/Jai Alai (Pelota)/chistera ancha","The chistera-ancha"" also called the ""cesta punta"" is the game played in a ""jaï alai"" with 1 or 2 players in each team. The players use a long curved basket called the ""chistera"" (68 cm long and 13 cm wide). """," "
"15032007","sport/Jai Alai (Pelota)/chistera corta","The chistera-corta"" is the game played in a fronton ""place libre"" with left hand wall and 3 players in each team. The players use a long curved basket called the ""chistera"" (56 cm long and 12 cm wide). """," "
"15032008","sport/Jai Alai (Pelota)/bare hand","The Main Nue"" (bare hand) is the ancestor of all Basque sports. """," "
"15032009","sport/Jai Alai (Pelota)/pala-ancha","The pala-ancha"" is the game played in a fronton ""place libre"" with 2 players in each team. The players use a heavy wooden bat ""the pala"" (50 cm long and 20 cm wide). """," "
"15032010","sport/Jai Alai (Pelota)/pala-corta","The pala-corta"" is the game played in a fronton with left hand wall and 2 players in each team. The players use a heavy wooden bat the ""pala-corta"" (50 cm long and 10 cm wide). The ""pala"" is the name for a heavy wooden bat. """," "
"15032011","sport/Jai Alai (Pelota)/pasaka","The pasaka"" is the name of the game played in a trinquet by teams of 2 players facing each other on each side of a net where the pelota is hit between opponents. """," "
"15032012","sport/Jai Alai (Pelota)/xare","The xare"", is the name of the game played in a trinquet by teams of 2 players. The players use a ""xare"" (or the Argentina bat) 55 cm long and 16 cm wide. """," "
"15033000","sport/judo","A defensive martial art. "
"15033001","sport/judo/heavyweight","Weight categoriy in Judo: open but usually over 100kg for men and over 78kg for women "
"15033002","sport/judo/half-heavyweight","Weight categoriy in Judo: up to 100kg for men and 78kg for women. "
"15033003","sport/judo/middleweight","Weight categoriy in Judo: up to 90kg for men and 70kg for women. "
"15033004","sport/judo/half-middleweight","Weight categoriy in Judo: up to 81kg for men and 63kg for women. "
"15033005","sport/judo/half-lightweight","Weight categoriy in Judo: up to 73kg for men and 57kg for women. "
"15033006","sport/judo/lightweight","Weight categoriy in Judo: up to 66kg for men and 52kg for women. "
"15033007","sport/judo/extra lightweight","Weight categoriy in Judo: up to 60kg for men and 48kg for women. "
"15034000","sport/karate","A martial art where chops, punches, kicks and throws are used to defeat an opponent. "
"15034001","sport/karate/sparring","Boxing without competition, with padded helmets "
"15034002","sport/karate/formal exercise-DEPRECATED","NA"
"15035000","sport/lacrosse","Two teams of helmeted and padded players try and outscore each other using a netted stick and hard ball. "
"15036000","sport/luge","Luge (French word for sled) is competed in singles or doubles. The competitor(s) lay on their back(s) on an open sled and race down a course. The competitor(s) and the sled must be in contact when passing the finishing line. "
"15036001","sport/luge/singles","individual time trial event in a one seater luge "
"15036002","sport/luge/doubles","time trial for a twin berth luge "
"15037000","sport/marathon","A road race where competitors run 42.195km, generally through city streets "
"15038000","sport/modern pentathlon","The Modern Pentathlon comprises five events run over a single day in the following order: shooting, fencing, swimming, horse riding and running. "
"15038001","sport/modern pentathlon/running","Pentathlon event "
"15038002","sport/modern pentathlon/shooting","Pentathlon event "
"15038003","sport/modern pentathlon/swimming","Pentathlon event "
"15038004","sport/modern pentathlon/fencing","Pentathlon event "
"15038005","sport/modern pentathlon/showjumping","Pentathlon event "
"15039000","sport/motor racing","Motor racing where speed and trusty mechanics are key "
"15039001","sport/motor racing/Formula One","Single cockpit car racing where 20 or so competitors race head to head over varied circuits around the world to win Grand Prix points in an individual and constructors championship "
"15039002","sport/motor racing/F3000","Using less powerful motors than the Formula One, designated construction teams race over varied circuits the world over in speed races for individual and team honours over a season. "
"15039003","sport/motor racing/endurance","Endurance races for a driver and co-pilot using specially built cars. "
"15039004","sport/motor racing/Indy","North American top range professional league speed racing over circuits. "
"15039005","sport/motor racing/CART","North American professional league speed racing. "
"15039006","sport/motor racing/NHRA","North American professional league speed racing. "
"15039007","sport/motor racing/NASCAR","North American professional league speed racing. "
"15039008","sport/motor racing/TRUCKI","North American professional league speed racing. "
"15040000","sport/motor rallying","A season of endurance races over closed circuits including dirt tracks, roads and even snowy conditions featuring specials using adapted road cars with a driver and co-pilot. "
"15040001","sport/motor rallying/rallying","Stage races "
"15040002","sport/motor rallying/pursuit","Cross-country race with mass start, first half of the distance in classic and the other half in free style. "
"15040003","sport/motor rallying/rallycross","Stage races over dirt tracks "
"15041000","sport/motorcycling","Races with 2, 3 or 4 wheels vehicles with a saddle and handlebars "
"15041001","sport/motorcycling/speed-Grand-Prix","A fast and furious race where every second counts "
"15041002","sport/motorcycling/enduro","A race of speed, endurance and regularity over varied surfaces such as through forests and on dirt tracks "
"15041003","sport/motorcycling/grass-track","A race competed on turf "
"15041004","sport/motorcycling/moto-ball","Team sport where drivers play a ball "
"15041005","sport/motorcycling/moto-cross","Raced over dirt tracks featuring severe mounds "
"15041006","sport/motorcycling/rallying","Races run over regular roads "
"15041007","sport/motorcycling/trial","A race of consistency and endurance over varied terrain "
"15041008","sport/motorcycling/endurance","A road race of consistency and endurance "
"15041009","sport/motorcycling/superbike","Engine size "
"15041010","sport/motorcycling/125 cm3","Engine size "
"15041011","sport/motorcycling/250 cm3","Engine size "
"15041012","sport/motorcycling/500 cm3","Engine size "
"15041013","sport/motorcycling/side-cars","Of different engine sizes but attached to a side car featuring a passenger "
"15041014","sport/motorcycling/motoGP","Capacity class 1000ccm "
"15042000","sport/netball","A woman's sport similar to basketball without a board behind the basket "
"15043000","sport/nordic skiing","Practiced in snowy countryside and based on power and endurance. There are classic and free style events with mass or staggered starts. "
"15043001","sport/nordic skiing/cross-country","Nordic ski race "
"15043002","sport/nordic skiing/5 km classical time","A 5km classic race in that the competitor keeps his skis parallel except on steep inclines where the scissor move is used "
"15043003","sport/nordic skiing/10 km classical style","A 10km classic race in that the competitor keeps his skis parallel except on steep inclines where the scissor move is used "
"15043004","sport/nordic skiing/10 km pursuit free style","Staggered start depending on positions with competitors using a skating like technique on skis "
"15043005","sport/nordic skiing/15 km classical style","A 15km race using the classical style of keeping skies parallel "
"15043006","sport/nordic skiing/15 km pursuit free style","15km race with staggered start using free style technique similar to a skating motion "
"15043007","sport/nordic skiing/10 km + 15 km combined","10km classic followed by 15km free-style race "
"15043008","sport/nordic skiing/30 km classical style","A 30km classic race in that the competitor keeps his skis parallel except on steep inclines where the scissor move is used "
"15043009","sport/nordic skiing/30km free style","A 30km free-style race where the most common style is the skate style where competitors slide and the skis do not need to be parallel "
"15043010","sport/nordic skiing/50 km free style","A 50km free style race where the most common style is the skate style where competitors slide and the skis do not need to be parallel "
"15043011","sport/nordic skiing/4x5 km relay","Teams of four competitors ski 5km each in relay fashion "
"15043012","sport/nordic skiing/4x10 km relay","Teams of four competitors ski 10km each in relay fashion "
"15043013","sport/nordic skiing/nordic combined","A two day competition combining the ski jump and a cross-country race. "
"15043014","sport/nordic skiing/raid","NA"
"15043015","sport/nordic skiing/5 km pursuit free style","Cross-country skiing over a 5km course in a pursuit format "
"15043016","sport/nordic skiing/1.5 km sprint free","Cross-country skiing over a 1.5km course in a sprint format "
"15043017","sport/nordic skiing/50 km classic style","Cross-country skiing over a 50km course in a classic style format "
"15044000","sport/orienteering","An individual time-trial over a route marked out by beacons. The competitor has to search out and find in a specific order. The contestant makes his way with the help of a compass and map "
"15044001","sport/orienteering/ski orienteering","An individual ski time-trial over a route marked out by beacons, that the competitor has to search out and find in a specific order. The contestant makes his way with the help of a compass and map "
"15045000","sport/polo","With the aid of a mallet two teams of four horsemen try and knock a bamboo ball into the opponents goal over a pitch 250m long and 150m wide. The game is divided into 4, 6, or 8 time periods of 7min 30sec called chukkas. "
"15046000","sport/power boating","Races between motor boats on rivers or lakes "
"15046001","sport/power boating/F1","Sprint race "
"15046002","sport/power boating/F2","Long distance race "
"15047000","sport/rowing","Boat racing usually on flat calm waters with boats for 1, 2, 4 or 8 rowers "
"15047001","sport/rowing/single sculls","Single person boats with two oars "
"15047002","sport/rowing/double sculls","Two person boats with two oars each "
"15047003","sport/rowing/quadruple sculls","Four person boats with two oars each and without a team mate to give directions "
"15047004","sport/rowing/coxless pair","Two person boats with just one oar each and without a team mate to give directions "
"15047005","sport/rowing/coxless four","Four person boats with just one oar each and without a team mate to give directions "
"15047006","sport/rowing/eight","Eight person boats with just one oar each and without a team mate to give directions "
"15047007","sport/rowing/lightweight","Where a weight category is imposed on competitors "
"15048000","sport/rugby league","Two teams of 13 compete on a pitch where they score tries and penalties by running with and passing an oval ball to be touched down behind the goal line or kicked between goal posts in a tough physical contest "
"15049000","sport/rugby union","Two teams of 15 compete on a pitch where they score tries and penalties by running with and passing an oval ball to be touched down behind the goal line or kicked between goal posts in a tough physical contest "
"15049001","sport/rugby union/rugby 7","A more fun and exciting variety where two teams of 7 compete on a pitch where they score tries and penalties by running with and passing an oval ball to be touched down behind the goal line or kicked between goal posts in a tough physical contest "
"15050000","sport/sailing","Sail boat racing over a route marked by buoys. "
"15050001","sport/sailing/Tornado","Boat Category: two man catamaran (21m/sq mainsail) Olympic sport "
"15050002","sport/sailing/soling","Boat Category: three man keel boat "
"15050003","sport/sailing/49er","Boat Category: two man dinghy (8.23m/sq mainsail) Olympic sport "
"15050004","sport/sailing/Europe","Boat Category: one man dinghy (4.57m/sq mainsail) Olympic sport "
"15050005","sport/sailing/Laser","Boat Category: one man dinghy (4.6m/sq mainsail) Olympic sport "
"15050006","sport/sailing/470","Boat Category: two man dinghy (7.10m/sq mainsail) Olympic sport "
"15050007","sport/sailing/Finn","Boat Category: one man dinghy (10m/sq mainsail) Olympic sport "
"15050008","sport/sailing/Star","Boat Category: two man keel boat (7.10m/sq mainsail) Olympic sport "
"15050009","sport/sailing/flying dutchmann","Boat Category: two man dinghy "
"15050010","sport/sailing/505","Boat Category: two man dinghy "
"15050011","sport/sailing/staging race","Sea racing "
"15050012","sport/sailing/around the world","Open seas racing "
"15050013","sport/sailing/monohull","Single hull craft "
"15050014","sport/sailing/multihulls","Multi hull craft "
"15050015","sport/sailing/yngling","Olympic boat-class. A race around different courses in a boat of 6.35 metres (20ft 10in) long and 1.73 metres (5ft 8in) wide, crewed in Olympic competition only by women. The number of races and the length of the courses varies. "
"15050016","sport/sailing/mistral","Olympic boat class. A staged race using boats of the mistral type, which are 4.24 metres (13ft 11in) long and 1.3 metres (4ft 3in) wide. The number of races and the length of the courses varies. "
"15051000","sport/shooting","Precision sport using a hand gun, rifle or shotgun "
"15051001","sport/shooting/10 m air rifle","Shooting event "
"15051002","sport/shooting/10 m air pistol","Shooting event "
"15051003","sport/shooting/10 m running target","Shooting event "
"15051004","sport/shooting/25 m rapid fire pistol","Shooting event "
"15051005","sport/shooting/25 m sport pistol","Shooting event "
"15051006","sport/shooting/50 m free pistol","Shooting event "
"15051007","sport/shooting/50 m free rifle prone","Shooting event "
"15051008","sport/shooting/50 m free rifle 3x40","Shooting event "
"15051009","sport/shooting/50 m sport rifle 3x20","Shooting event "
"15051010","sport/shooting/trap","Shooting event with moving targets "
"15051011","sport/shooting/double trap","Shooting event with two moving targets launched at the same time "
"15051012","sport/shooting/skeet","Shooting event with moving targets, competitor shoots from a series of positions "
"15052000","sport/ski jumping","Competitors descend a snow covered elevated ramp on skis and try to fly off it as far as possible, receiving marks for distance, style of flight and landing "
"15052001","sport/ski jumping/K90 jump","Competitors jump from 70m and must clear 90m distance in their jump before scoring points for it "
"15052002","sport/ski jumping/K120 jump","Competitors jump from 90m and must clear 120m distance in their jump before scoring points for it "
"15052003","sport/ski jumping/K180 (flying jump)","Competitors jump from 180m and must clear 180m in their jump before scoring points for it "
"15053000","sport/snow boarding","Practiced with a single board (rather than two skis) "
"15053001","sport/snow boarding/giant slalom","Knock-out head-to-head downhill racing "
"15053002","sport/snow boarding/half-pipe","Over a semi-cylindrical tube of 100m competitors must perform a series of moves that are marked for style by 5 judges "
"15054000","sport/soccer","Two teams of eleven try to kick or head a ball into the opponents goal over a match usually of 90 minutes "
"15055000","sport/softball","Similar to baseball but with a larger and softer ball, a thinner bat, shorter gaps between bases and less innings "
"15056000","sport/speed skating","Timed races competed by two skaters at a time on an oval ice track "
"15056001","sport/speed skating/500 m","Speed skating race over 500m "
"15056002","sport/speed skating/1000 m","Speed skating race over 1000m "
"15056003","sport/speed skating/1500 m","Speed skating race over 1500m "
"15056004","sport/speed skating/3000 m","Speed skating race over 3000m "
"15056005","sport/speed skating/5000 m","Speed skating race over 5000m "
"15056006","sport/speed skating/10000 m","Speed skating race over 10000m "
"15056007","sport/speed skating/Short-track","Races of four or more skaters on an oval ice track. Qualifying, semi-finals and finals determine winners. "
"15056008","sport/speed skating/Short-track/st 500 m","Short track speed skate race over 500m "
"15056009","sport/speed skating/Short-track/st 1000m","Short track speed skate race over 1000m "
"15056010","sport/speed skating/Short-track/st 1500m","Short track speed skate race over 1500m "
"15056011","sport/speed skating/Short-track/st 3000m","Short track speed skate race over 3000m "
"15056012","sport/speed skating/Short-track/st 3000m relay","Short track relay speed skate race over 3000m "
"15056013","sport/speed skating/Short-track/st 5000m","Short track speed skate race over 5000m "
"15056014","sport/speed skating/Short-track/st 5000m relay","Short track relay speed skate race over 5000m "
"15057000","sport/speedway","Fast track "
"15058000","sport/sports organisations","Organisations responsible for a specific sport "
"15058001","sport/sports organisations/IOC","International Olympic Committee "
"15058002","sport/sports organisations/international federation","A body responsible for the international coordination of a specific sport "
"15058003","sport/sports organisations/continental federation","A body responsible for the continental coordination of a specific sport "
"15058004","sport/sports organisations/national federation","A body responsible for the national coordination of a specific sport "
"15058005","sport/sports organisations/GAISF","General Association of International Sports Federations "
"15059000","sport/squash","A racket sport of strategy and endurance played by singles or doubles teams in a walled court with a small rubber ball "
"15060000","sport/sumo wrestling","A combat sport of speed and rapidity with much ceremony where two contestants try to throw or slap a competitor out of a marked area. Generally practiced in Japan by large men. "
"15061000","sport/surfing","Water sport where contestants catch and ride waves upright on a surfboard "
"15062000","sport/swimming","A water sport where contestants swim as fast as possible in a given style and win races by being the first to touch home "
"15062001","sport/swimming/50 m freestyle","Competitors cover 50m in any style, though front crawl is universally employed "
"15062002","sport/swimming/100 m freestyle","Competitors cover 100m in any style, though front crawl is universally employed "
"15062003","sport/swimming/200 m freestyle","Competitors cover 200m in any style, though front crawl is universally employed "
"15062004","sport/swimming/400 m freestyle","Competitors cover 400m in any style, though front crawl is universally employed "
"15062005","sport/swimming/800 m freestyle","Competitors cover 800m in any style, though front crawl is universally employed "
"15062006","sport/swimming/1500 m freestyle","Competitors cover 1500m in any style, though front crawl is universally employed "
"15062007","sport/swimming/relay 4x50 m freestyle","Teams of four swimmers cover 50m freestyle in a 200m race "
"15062008","sport/swimming/relay 4x100 m freestyle","Teams of four swimmers cover 100m freestyle in a 400m race "
"15062009","sport/swimming/relay 4x200 m freestyle","Teams of four swimmers cover 200m freestyle in a 800m race "
"15062010","sport/swimming/50 m backstroke","Competitors cover 50m in the backstroke style "
"15062011","sport/swimming/100 m backstroke","Competitors cover 100m in the backstroke style "
"15062012","sport/swimming/200 m backstroke","Competitors cover 200m in the backstroke style "
"15062013","sport/swimming/50 m breaststroke","A 50m race in the breaststroke style, on the front, effecting forward and outward push movements with the arms and backward and outward pushes with the legs "
"15062014","sport/swimming/100 m breaststroke","A 100m race in the breaststroke style, on the front, effecting forward and outward push movements with the arms and backward and outward pushes with the legs "
"15062015","sport/swimming/200 m breaststroke","A 200m race in the breaststroke style, on the front, effecting forward and outward push movements with the arms and backward and outward pushes with the legs "
"15062016","sport/swimming/50 m butterfly","A 50m butterfly race, swum on the front with the shoulders remaining parallel to the water both arms moving in simultaneous windmill fashion, the legs remain together and are moved in a flapping motion. The most physical of all styles. "
"15062017","sport/swimming/100 m butterfly","A 100m butterfly race, swum on the front with the shoulders remaining parallel to the water both arms moving in simultaneous windmill fashion, the legs remain together and are moved in a flapping motion. The most physical of all styles "
"15062018","sport/swimming/200 m butterfly","A 200m butterfly race, swum on the front with the shoulders remaining parallel to the water both arms moving in simultaneous windmill fashion, the legs remain together and are moved in a flapping motion. The most physical of all styles "
"15062019","sport/swimming/100 m medley","Swimmers complete four laps, each in a different style and in this order: butterfly, backstroke, breaststroke and freestyle, covering a total of 100m. "
"15062020","sport/swimming/200 m medley","Swimmers complete four laps, each in a different style and in this order: butterfly, backstroke, breaststroke and freestyle, covering a total of 200m. "
"15062021","sport/swimming/400 m medley","Swimmers complete eight laps, two in each style and in this order: butterfly, backstroke, breaststroke and freestyle, covering a total of 400m. "
"15062022","sport/swimming/relay 4x50 m medlay","A relay team of four, each of whom completes a single lap and each in a different style in this order: backstroke, breaststroke, butterfly and freestyle in a race of 200m total. "
"15062023","sport/swimming/relay4x100 m medley","A relay team of four, each of whom completes two laps and each in a different style in this order: backstroke, breaststroke, butterfly and freestyle in a race of 400m total. "
"15062024","sport/swimming/short course","Races competed in a 25m length pool "
"15062025","sport/swimming/synchronised technical routine","Contestants obtain points from 10 sitting judges by executing certain synchronised artistic shapes and movements in the water. In the technical programme, competitors must execute a range of specific moves in a given order. "
"15062026","sport/swimming/synchronised free routine","In the free programme, music, movements and their order of execution are not restricted. "
"15063000","sport/table tennis","A racket sport for two or four (in doubles), who compete at a table divided by a net using a small bat to play a lightweight ball "
"15064000","sport/Taekwon-Do","A martial art of Korean origin "
"15064001","sport/Taekwon-Do/under 49 kg","Weight category in Taekwon-Do"
"15064002","sport/Taekwon-Do/under 58 kg","Weight category in Taekwon-Do"
"15064003","sport/Taekwon-Do/49-57 kg","Weight category in Taekwon-Do"
"15064004","sport/Taekwon-Do/58-68 kg","Weight category in Taekwon-Do"
"15064005","sport/Taekwon-Do/57-67 kg","Weight category in Taekwon-Do"
"15064006","sport/Taekwon-Do/68-80 kg","Weight category in Taekwon-Do"
"15064007","sport/Taekwon-Do/over 67 kg","Weight category in Taekwon-Do"
"15064008","sport/Taekwon-Do/over 80 kg","Weight category in Taekwon-Do"
"15065000","sport/tennis","A sport where two players, four in doubles, equipped with a racket compete by hitting the ball over a net into the opponent's side of the court with the aim of putting it out of reach within the regulation lines, thus winning points. "
"15065001","sport/tennis/soft tennis","Tennis with a soft rubber ball. (Programme of National Sports Festival in Japan) "
"15066000","sport/triathlon","An endurance multi-sport where competitors first swim, then cycle and then run a road race. Distances vary according to the competition, the Olympic version being 1.5, 40 and 10km respectively. "
"15066001","sport/triathlon/triathlon swimming","Triathlon event "
"15066002","sport/triathlon/triathlon cycling","Triathlon event "
"15066003","sport/triathlon/triathlon run","Triathlon event "
"15067000","sport/volleyball","Two teams of six record points by hitting a ball over a net into the opponent's half of the court, keeping it in the air at all times. Points are won when opponents fail to return the ball. "
"15067001","sport/volleyball/beach volleyball","Two teams of two players compete on a sand court. Unlike indoor volleyball, points are scored only when the serving team wins a rally or forces an error. The sand surface makes it more physically demanding than volleyball. "
"15068000","sport/water polo","Played in a pool between two teams of 7, who must stay afloat and can only use one hand to pass the ball or swim with it before trying to throw it into the opponents net to score goals. "
"15069000","sport/water skiing","On one or two skis contestants are pulled by a power boat along the water's surface "
"15069001","sport/water skiing/slalom","Speed event where contestants round a course marked out by buoys "
"15069002","sport/water skiing/trick","Skiers perform a maximum of figures in a limited time period "
"15069003","sport/water skiing/jump","Skiers perform as long a jump as possible from a ramp in the water "
"15069004","sport/water skiing/combined","A combined event made up of the slalom, jump and trick "
"15070000","sport/weightlifting","A strength test where competitors lift as heavy a weight as possible "
"15070001","sport/weightlifting/snatch","The bar must be lifted from floor to above the head in one movement "
"15070002","sport/weightlifting/clean and jerk","The bar is first lifted to the shoulders and then jerk it above the head and keep it there while maintaining straight legs "
"15070003","sport/weightlifting/48 kg","Competitor weight category in weightlifting"
"15070004","sport/weightlifting/53 kg","Competitor weight category in weightlifting"
"15070005","sport/weightlifting/63 kg","Competitor weight category in weightlifting"
"15070006","sport/weightlifting/75 kg","Competitor weight category in weightlifting"
"15070007","sport/weightlifting/over 75 kg","Competitor weight category in weightlifting"
"15070008","sport/weightlifting/56 kg","Competitor weight category in weightlifting"
"15070009","sport/weightlifting/62 kg","Competitor weight category in weightlifting"
"15070010","sport/weightlifting/69 kg","Competitor weight category in weightlifting"
"15070011","sport/weightlifting/77 kg","Competitor weight category in weightlifting"
"15070012","sport/weightlifting/85 kg","Competitor weight category in weightlifting"
"15070013","sport/weightlifting/94 kg","Competitor weight category in weightlifting"
"15070014","sport/weightlifting/105 kg","Competitor weight category in weightlifting"
"15070015","sport/weightlifting/over 105 kg","Competitor weight category in weightlifting"
"15070016","sport/weightlifting/powerlifting","A strength test where competitors lift as heavy a weight as possible "
"15071000","sport/windsurfing","Contestants must complete a marked out course as fast as possible on a windsurf board "
"15071001","sport/windsurfing/ocean","Races on the open seas "
"15071002","sport/windsurfing/lake","Races competed on lakes "
"15071003","sport/windsurfing/river","Races competed on rivers "
"15071004","sport/windsurfing/land","Races competed on land with a board equipped with wheels "
"15072000","sport/wrestling","Combat sport where each wrestler attempts to win over his adversary, by holding both shoulders on the ground (fall) long enough to be in control. Points can also be decisive. "
"15072001","sport/wrestling/freestyle","A style where leg holds are allowed "
"15072002","sport/wrestling/greco-roman","A style where the only holds allowed are those between the head and the belt "
"15072003","sport/wrestling/over 130 kg","Competitor weight category in wrestling"
"15072004","sport/wrestling/130 kg","Competitor weight category in wrestling"
"15072005","sport/wrestling/97 kg","Competitor weight category in wrestling"
"15072006","sport/wrestling/85 kg","Competitor weight category in wrestling"
"15072007","sport/wrestling/76 kg","Competitor weight category in wrestling"
"15072008","sport/wrestling/69 kg","Competitor weight category in wrestling"
"15072009","sport/wrestling/63 kg","Competitor weight category in wrestling"
"15072010","sport/wrestling/58 kg","Competitor weight category in wrestling"
"15072011","sport/wrestling/54 kg","Competitor weight category in wrestling"
"15072012","sport/wrestling/Swiss wrestling","Traditional Swiss sport similar to wrestling with specific rules "
"15073000","sport/sports event","Sports meeting "
"15073001","sport/sports event/Summer Olympics","Summer Olympics "
"15073002","sport/sports event/Winter Olympics","Winter Olympics "
"15073003","sport/sports event/Summer universiade","Summer universiade "
"15073004","sport/sports event/Winter Universiade","Winter Universiade "
"15073005","sport/sports event/Commonwealth Games","Commonwealth Games "
"15073006","sport/sports event/Winter Goodwill Games","Winter Goodwill Games "
"15073007","sport/sports event/Summer Asian Games","Summer Asian Games "
"15073008","sport/sports event/Winter Asian Games","Winter Asian Games "
"15073009","sport/sports event/Panamerican Games","Panamerican Games "
"15073010","sport/sports event/African Games","African Games "
"15073011","sport/sports event/Mediterranean Games","Mediterranean Games "
"15073012","sport/sports event/SouthEast Asiatic Games","SouthEast Asiatic Games "
"15073013","sport/sports event/PanPacific Games","PanPacific Games "
"15073014","sport/sports event/SouthPacific Games","SouthPacific Games "
"15073015","sport/sports event/PanArabic Games","PanArabic Games "
"15073016","sport/sports event/Summer Goodwill Games","Summer Goodwill Games "
"15073017","sport/sports event/World games","A competition featuring world class athletes "
"15073018","sport/sports event/World Cup","Sports meeting with competitors from the five continents "
"15073019","sport/sports event/intercontinental cup","Sports meeting bringing together competitors from different continents "
"15073020","sport/sports event/continental cup","Sports meeting where competitors come from a single continent "
"15073021","sport/sports event/international cup","Sports meeting where competitors come from several nations "
"15073022","sport/sports event/National Cup","Sports meeting where competitors come from a single nation "
"15073023","sport/sports event/interregional cup","Sports meeting where competitors come from several regions "
"15073024","sport/sports event/regional cup","Sports meeting where competitors come from a single region "
"15073025","sport/sports event/league cup","A competition within a sports league "
"15073026","sport/sports event/world championship","A championship where competitors from the five continents take part "
"15073027","sport/sports event/intercontinental championship","A championship where competitors from the different continents take part "
"15073028","sport/sports event/continental championship 1st level","A championship where top level competitors from a single continent take part "
"15073029","sport/sports event/continental championship 2nd level","A championship where second string competitors from a single continent take part "
"15073030","sport/sports event/continental championship 3rd level","A championship where third string competitors from a single continent take part "
"15073031","sport/sports event/national championship 1st level","A championship where top level competitors from a single nation take part "
"15073032","sport/sports event/national championship 2nd level","A championship where second string competitors from a single continent take part "
"15073033","sport/sports event/national championship3rdlevel","A championship where third string competitors from a single continent take part "
"15073034","sport/sports event/national championship 4th level","A championship where fourth string competitors from a single continent take part "
"15073035","sport/sports event/regional championship","A championship where competitors from a single region take part "
"15073036","sport/sports event/Grand Prix","High level sports competition, most often motor racing "
"15073037","sport/sports event/intercontinental tournament","Tournament where competitors from several continents take part "
"15073038","sport/sports event/continental tournament","Tournament where competitors from a single continent take part "
"15073039","sport/sports event/international tournament","Tournament where competitors from several nations take part "
"15073040","sport/sports event/national tournament","Tournament where competitors from a single nation take part "
"15073041","sport/sports event/inter-nations competition","Tournament where athletes from several nations take part "
"15073042","sport/sports event/inter-clubs competition","Tournament where competitors from several clubs take part "
"15073043","sport/sports event/friendly competition","Sports played but not in a tournament "
"15073044","sport/sports event/all-stars competition","Competition between teams made up of invited stars "
"15073045","sport/sports event/exhibition","demonstration "
"15073046","sport/sports event/Super Bowl","The American football final that determines the champion "
"15073047","sport/sports event/paralympic games","Olympic style Games for athletes with a disability "
"15074000","sport/rodeo","A discipline where wild horses or bulls must be mounted and mastered "
"15074001","sport/rodeo/barrel racing","Rodeo discipline "
"15074002","sport/rodeo/calf roping","Rodeo discipline "
"15074003","sport/rodeo/bull riding","Rodeo discipline "
"15074004","sport/rodeo/bulldogging","Rodeo discipline "
"15074005","sport/rodeo/saddle bronc","Rodeo discipline "
"15074006","sport/rodeo/bareback","Rodeo discipline "
"15074007","sport/rodeo/goat roping","Rodeo discipline "
"15075000","sport/mini golf sport","A game where balls must be holed on an artificial course in as few strokes from the club as possible "
"15076000","sport/bandy","Played outdoors on ice. The size of the ice rink is about the size of a soccer field. Skates like ice hockey. A small hard ball is used for playing. Players play with sticks, much like in ice hockey, but the sticks are shorter and more rounded. "
"15077000","sport/flying disc","A group of events all played with a flying plastic disc. The exact regulation for the disc is different in different events but it has to be unbroken of solid plastic and a production model with no modification. Flying disc is sometimes called Frisbee. "
"15077001","sport/flying disc/ultimate","Team game. Played outdoors on soccer-size field with 7 players per team and indoors with 5 players per team. Games are played to a preset number of goals. Goals are scored by passing the disc to a team-member catching it inside the goal area. "
"15077002","sport/flying disc/guts","Team game where two teams of 5 players each face each other. Teams take turns to throw the disc towards the other team. Points are scored if the opposing team does not catch the disc. "
"15077003","sport/flying disc/overall","Not an event in itself but in most competitions with individual events the winner of the competition will be awarded to the player with the highest combined score in the events. "
"15077004","sport/flying disc/distance","The object is to throw the disc as far as possible. Each player get five throws per turn. Throws are made downwind. World record is over 200 meters. "
"15077005","sport/flying disc/discathon","The object is to throw and run a park course of about 1 kilometre. Four players compete in each heat. They have two discs each. They may also carry a third disc in reserve. Where one thrown disc stops the second disc must be thrown. "
"15077006","sport/flying disc/DDC","Abbreviation for Double Disc Court. Two players per team in a square 13x13 metre. The teams start with one disc per team and throw at each other. Discs are thrown back and forth until one or both hit the ground. "
"15077007","sport/flying disc/SCF","Abbreviation for Self Caught Flights. Divided into two sub events called MTA (Maximum Time Aloft) and TRC (Throw Run Catch). In both sub events the player throws a disc and then runs to catch it with one hand before it hits the ground. "
"15077008","sport/flying disc/freestyle","A judged event where groups of two or three players perform as many tricks as possible. In competitions the judges can use either a ranking system or set scores on presentation, execution and difficulty. "
"15077009","sport/flying disc/accuracy","Each player has 28 throws from various distances and angles to throw the disc through a goal 1.5 x 1.5 meters. World record is 25 of 28 possible. "
"15077010","sport/flying disc/disc golf","Much like golf but played with discs instead of balls and clubs. Instead of a hole in the ground there is a metal basket with light metal chains to throw the disc at. Players often carry discs specialized for long throws, right or left bends. "
"15078000","sport/floorball","Played indoors in a court the size of a basketball court. 6 players per team, of which one is a who plays in a kneeling position without a stick like in ice hockey. The other players use plastic clubs and a light plastic ball to pass and shoot goals. "
"15079000","sport/casting","Using fishing equipment to hit a target and score points "
"15080000","sport/tug-of-war","Two teams pulling against each other on a rope "
"15081000","sport/croquette","Using mallets to hit a ball through hoops "
"15082000","sport/dog racing","Dogs racing around a track "
"15082001","sport/dog racing/sled","Harnessed to a sled "
"15082002","sport/dog racing/oval track","Pursuing an artificial rabbit around an oval track "
"15083000","sport/skeleton","In skeleton the competitor lays on his/hers stomach when racing down the course. The competitor must be on the sled when crossing the finishing line. The total time of all races in a competition is added together. "
"15084000","sport/Australian rules football","Football played under Australian rules "
"15085000","sport/Canadian football","Football played under Canadian rules "
"15086000","sport/duathlon","Duathlon "
"15087000","sport/hornuss","Swiss team sport with 16 or 18 men per team. A rubber puck is hit towards the field of the adversary team which tries to hit the puck in the air with a wooden board thrown in the air "
"15088000","sport/fist ball","Men's team sport similar to volleyball (with a much lower net) executed mainly in gymnastics clubs "
"15089000","sport/inline skating","Competitive sports using inline skates "
"15090000","sport/grass ski","Alpine skiing on roller skis and grass "
"15091000","sport/snowbiking","Individual sport on snow on a snow bike, the athlete has two mini skis, previous name: ski bob "
"15092000","sport/twirling","Team competition with majorettes and a jury "
"15093000","sport/kendo","Japanese traditional martial art using a bamboo sword, sometimes called Japanese fencing. (Programme of National Sports Festival in Japan) "
"15094000","sport/jukendo","Japanese traditional martial art using a model rifle made of wood. Juken"" means a rifle or gun with blade (bayonet). (Programme of National Sports Festival in Japan) """," "
"15095000","sport/naginata","Japanese traditional martial art using a pole sword made of wood. Naginata"" means a spear with a curved blade. (Programme of National Sports Festival in Japan) """," "
"15096000","sport/kyudo","Japanese traditional martial art using a bamboo bow and arrows, sometimes called Japanese archery. (Programme of National Sports Festival in Japan) "
"15097000","sport/kabaddi","The attacking side scores by touching, and the side to guard scores by capturing. The attacker continues calling it kabaddi"". """," "
"15098000","sport/sepak takraw","The game like volleyball which must not use a hand. The ball made of rattan is used. (Programme of National Sports Festival in Japan) "
"15099000","sport/wushu","Generally, Chinese traditional martial art. (Programme of National Sports Festival in Japan) "
"15100000","sport/darts","Two players compete by throwing metal darts at a wall-mounted circular board divided radially into segments of different scores "
"15101000","sport/bodybuilding","A person displays pronounced muscle tone and exaggerated muscle mass and definition for overall aesthetic effect "
"15102000","sport/sports disciplinary action","Actions, including fines and suspensions levied by sports organisations and teams "
"15103000","sport/sports awards","Awards and honors given by sports organisations or won by sports figures "
"16000000","unrest, conflicts and war","Acts of socially or politically motivated protest and/or violence. "
"16001000","unrest, conflicts and war/act of terror","Act of violence, often deadly, designed to raise fear and anxiety in a population "
"16002000","unrest, conflicts and war/armed conflict","Disputes between opposing groups involving the use of weaponry, but not formally declared a war "
"16003000","unrest, conflicts and war/civil unrest","Dissatisfaction among the general population as evidenced by rallies, strikes, demonstrations or sabotage "
"16003001","unrest, conflicts and war/civil unrest/revolutions","An often violent change in a nation's system of government by internal forces that results in systematic social change. "
"16003002","unrest, conflicts and war/civil unrest/rebellions","Armed uprising by citizens of a nation with the intent to overthrow the government, without necessarily achieving social change "
"16003003","unrest, conflicts and war/civil unrest/political dissent","Disagreement between political groups, usually organized and sometimes resulting in imprisonment of the dissenters "
"16003004","unrest, conflicts and war/civil unrest/religious conflict","Conflicts involving religious differences "
"16003005","unrest, conflicts and war/civil unrest/social conflict","Conflicts involving social differences "
"16004000","unrest, conflicts and war/coup d'etat","The overthrow of an established government by an organized group, often the military or a political party "
"16005000","unrest, conflicts and war/guerrilla activity","Anti-government actions by clandestine groups using hit-and-run techniques or sabotage, kidnapping and the like "
"16005001","unrest, conflicts and war/guerrilla activity/bioterrorism","Use of biological agent to raise the level of fear within a population, whether deaths occur or not. "
"16005002","unrest, conflicts and war/guerrilla activity/bombings","Use of explosive devices against people, buildings or structures "
"16006000","unrest, conflicts and war/massacre","The death of a large group of people over a brief period of time "
"16006001","unrest, conflicts and war/massacre/genocide","Systematic killing of one clan, tribe or ethnic type by another "
"16007000","unrest, conflicts and war/riots","Violent, destructive demonstrations often involving injury to individuals and destruction of property "
"16008000","unrest, conflicts and war/demonstration","A public show of feeling or opinion, as by a mass meeting or parade "
"16009000","unrest, conflicts and war/war","A formal declaration of hostilities by one country against another "
"16009001","unrest, conflicts and war/war/civil war","Armed conflict between members of the same nation or geographical region, in some cases with a desire to divide the nation or region. "
"16009002","unrest, conflicts and war/war/international military intervention","Temporary use of international forces by invitation or by a decision of an outside body in another country or region for the purpose of resolving a crisis. "
"16009003","unrest, conflicts and war/war/prisoners and detainees","People captured and imprisoned by their enemy during war or armed conflict "
"16010000","unrest, conflicts and war/conflict (general)","A dispute which can be at several levels, "
"16010001","unrest, conflicts and war/conflict (general)/peacekeeping force","Varied national military forces under unified international command to maintain order in disputed areas. "
"16011000","unrest, conflicts and war/crisis","Conflict of all kinds that rises to a level where, depending on events, governments can fall, war be declared or stock markets crash, or not "
"16012000","unrest, conflicts and war/weaponry","Armaments of all types used to conduct war "
"17000000","weather","The study, reporting and prediction of meteorological phenomena. "
"17001000","weather/forecast","Prediction of the course of the weather in the future either near term or long term "
"17002000","weather/global change","The determination whether the Earth is getting warm, or colder, whether seas are rising or falling and the like "
"17003000","weather/report","Any distributed announcement about the weather "
"17003001","weather/report/weather news","General information about weather events "
"17004000","weather/statistic","Numerical facts about the weather such as temperature, barometric pressure, river levels, humidity, high and low tides and the like "
"17005000","weather/warning","Alerts to the general populace about severe weather coming their way"
