"NewsCode-URI","NewsCode-QCode (flat)","Level 1/NewsCode","Level 2/NewsCode","Level 3/NewsCode","Level 4/NewsCode","Level 5/NewsCode","Name (en-GB)","Definition (en-GB)","Name (fr)","Definition (fr)","Name (es)","Definition (es)","Name (de)","Definition (de)","Name (it)","Definition (it)","Name (jp)","Definition (jp)"
"http://cv.iptc.org/newscodes/subjectcode/01000000","subj:01000000","subj:01000000",,,,,"arts, culture and entertainment","Matters pertaining to the advancement and refinement of the human mind, of interests, skills, tastes and emotions ","Arts, culture, et spectacles","Tout ce qui est relatif à la création d'œuvres, au développement des facultés intellectuelles, et à leur représentation publique ","arte, cultura y espectáculos","Asuntos pertinentes al avance y refinamiento de la mente humana, intereses, habilidades, gustos y emociones. ","Kultur, Kunst, Unterhaltung","Sachverhalte, die die Veränderung und Weiterentwicklung des menschlichen Geistes, der Interessen, des Geschmacks, der Fähigkeiten und der Gefühle betreffen. ","Arte, cultura, intrattenimento","Creazione e rappresentazione dell'opera d'arte, gli interessi intellettuali, il gusto e le emozioni umane ","文化","人間の精神や興味、技能、嗜好、感情の進歩や洗練に関係する事柄 "
"http://cv.iptc.org/newscodes/subjectcode/01001000","subj:01001000",,"subj:01001000",,,,"archaeology","Probing the past through ruins and artefacts ","Archéologie","Science étudiant les vestiges matériels des civilisations du passé ","arqueología","Cmprobar elpasado mediante ruinas y artefactos ","Archäologie","Erforschen der Vergangenheit anhand von Ruinen und alten Gebrauchsgegenständen. ","Archeologia","Studio delle civiltà e delle culture del passato attraverso la raccolta e documentazione delle tracce e vestigia lasciate ","考古学","遺跡や人工遺物を通して過去を探ること "
"http://cv.iptc.org/newscodes/subjectcode/01002000","subj:01002000",,"subj:01002000",,,,"architecture","Designing of buildings, monuments and the spaces around them ","Architecture","Conception des immeubles, des monuments et des espaces qui les entourent ","arquitectura","Diseño de edificios, monumentos y espáciosalrededor de ellos ","Architektur","Entwurf von Gebäuden, Denkmälern und deren Umgebung. ","Architettura","Ideazione e progettazione di edifici, monumenti e degli spazi loro circostanti ","建築","建物、記念碑とその周辺のスペースを設計すること "
"http://cv.iptc.org/newscodes/subjectcode/01003000","subj:01003000",,"subj:01003000",,,,"bullfighting","Classical contest pitting man against the bull ","Tauromachie","Tauromachie, combat entre un homme et un taureau ","toros","Clasico enfrentamiento entre Toro y Hombre. ","Stierkampf","Klassischer Wettkampf Mann gegen Stier. ","Corrida","Tradizionale combattimento fra uomo e toro ","闘牛","人間を雄牛と戦わせる伝統的な競技 "
"http://cv.iptc.org/newscodes/subjectcode/01004000","subj:01004000",,"subj:01004000",,,,"festive event (including carnival)","Parades, parties, celebrations and the like not necessarily tied to a fixed occasion or date ","Festivals et carnavals","Fêtes, carnavals, défilés, et autres célébrations festives pas forcément liés à une date récurente ","carnaval","Paradas, fiestas, celebraciones y eventos no necesariamente relacionados a una ocasión o fecha en particular ","Feste, Karneval","Paraden, Parties, Feiern und Ähnliches nicht notwendigerweise an ein Ereignis oder Datum gekoppelt. ","Feste, Carnevale","Parate, feste, celebrazioni ed eventi simili non necessariamente legati ad occasioni o date fisse ","祭り・イベント","決まった機会や日付に必ずしも結び付けられないパレード、パーティー、祝賀およびそれらに類したもの "
"http://cv.iptc.org/newscodes/subjectcode/01005000","subj:01005000",,"subj:01005000",,,,"cinema","Cinema as art and entertainment ","Cinéma","Procédé d'enregistrement et de projection de vues photographiques animées et art de réaliser des films ","cine","Historias relacionadas al cine como arte y entretención ","Film","Film im künstlerischen und unterhaltenden Sinn","Cinema","Ideazione, produzione, realizzazione di storie attraverso la pellicola cinematografica e fruizione da parte del pubblico ","映画","芸術や娯楽としての映画と関連した記事 "
"http://cv.iptc.org/newscodes/subjectcode/01005001","subj:01005001",,,"subj:01005001",,,"film festival","National and international motion pictures festivals, selections, festival juries, nominations, awards etc. ","Festival de cinéma","Festivals nationaux ou internationaux de cinéma, récompenses, jurys ","festival de cine","Historias acerca de u festival de peliculas nacional o internacional, selecciones, jurados, moninaciones, premios, etc. ","Filmfestival","Nationale und internationale Festivals der bewegten Bilder, deren Auswahl, Nominierungen, Preise, Auszeichnungen und Juris. ","Festival Cinema","Festival e rassegne cinematografiche, selezioni, giurie, candidature, premi, ecc. ","映画祭","国内的及び国際的な映画祭におけるストーリー、セレクション、審査員、ノミネート、賞など "
"http://cv.iptc.org/newscodes/subjectcode/01006000","subj:01006000",,"subj:01006000",,,,"dance","The expression of emotion or message through movement ","Danse","Suite de mouvements rythmés exprimant un message ou une émotion ","danza","La expresion de emociones o mensajes a través del movimiento ","Tanz","Der Ausdruck von Gefühlen durch Bewegung. ","Ballo","Comunicazione di un'emozione o messaggio attraverso il movimento. ","ダンス","身体動作による感情やメッセージの表現 "
"http://cv.iptc.org/newscodes/subjectcode/01007000","subj:01007000",,"subj:01007000",,,,"fashion","The design of clothing and accessories ","Mode","Manière peu durable et collective d'agir, de penser, de se vêtir, etc. ","moda","El diseño de ropas o accesorios ","Mode","Der Entwurf von Kleidern und Accessoires. ","Moda","Espressione di un gusto e di una cultura nel disegno e nella creazione di abiti e accessori, l'industria, le sfilate, il design ","ファッション","衣類とアクセサリーのデザイン "
"http://cv.iptc.org/newscodes/subjectcode/01007001","subj:01007001",,,"subj:01007001",,,"jewelry","Accessories to clothing ","Joaillerie","Joyaux et bijoux accessoires à l'habillement ","joyas","Accesorios de vestimentas ","Schmuck","Accessoires zur Kleidung. ","Gioielli","Accessori ornamentali da indossare, di solito realizzati con metalli o altri materiali nobili ma anche la bigiotteria ","アクセサリー","衣服に付けるアクセサリー "
"http://cv.iptc.org/newscodes/subjectcode/01008000","subj:01008000",,"subj:01008000",,,,"language","The means by which people communicate with each other ","Langue","Faculté de communiquer au moyen de la parole ","lenguaje","La forma en que la gente se comunica, los unos a los otros. ","Sprache","Die Mittel mit denen Menschen miteinander kommunizieren. ","Linguaggio","Forme attraverso le quali le persone comunicano. ","言語","人がお互いに情報を伝達する手段 "
"http://cv.iptc.org/newscodes/subjectcode/01009000","subj:01009000",,"subj:01009000",,,,"library and museum","Edifices used to house collections of books, music, art, or objects from the past and present for public use and display ","Bibliothèque et musée","Bâtiments ouverts au public pour la consultation de livres et de disques ou l'exposition de collections d'objets d'arts ","bibliotecas y museos","Edificios utilizados para albergar colecciones de libros, música, arte u objetos del pasado y presente para su exhibición pública. ","Bibliothek und Museum","Gebäude, die Sammlungen von Büchern, Musik, Kunst oder Objekte aus Vergangenheit und Gegenwart, zur öffentlichen Nutzung und Ansicht bereitstellen.","Biblioteche, musei","Collezioni di libri, musica, arte, o oggetti del passato e del presente per fruizione da parte del pubblico o per esposizione. ","図書館・博物館","公共の使用や展示を目的とする、過去から現代までの本、音楽、芸術、あるいはオブジェクトの収集を収容するために使われる建造物 "
"http://cv.iptc.org/newscodes/subjectcode/01010000","subj:01010000",,"subj:01010000",,,,"literature","The use of pamphlets, books or other printed matter to convey ideas, stories or other messages for the public ","Littérature","Ensemble des œuvres écrites ","literatura","El uso de panfletos, libros u otro material impreso para comunicar ideas, historias u otros mensajes al público. ","Literatur","Die Nutzung von Broschüren, Büchern oder anderen Printmedien, um Ideen, Geschichten oder andere Botschaften in der Öffentlichkeit zu verbreiten. ","Letteratura","Opuscoli, libri o altro materiale stampato per comunicare al pubblico idee, storie o altri messaggi. ","文学","思想、物語あるいはその他のメッセージを大衆に伝えるためのパンフレット、本あるいはその他の印刷物の使用 "
"http://cv.iptc.org/newscodes/subjectcode/01010001","subj:01010001",,,"subj:01010001",,,"fiction","Structured stories that are usually not based on fact but are the creation of the authors imagination ","Fiction","Tout ce qui relève de l'imaginaire ","ficción","Historias Estructuradas que generalmente no se basan en un hecho, sino en la imaginación de los autores. ","Fiktion","Strukturierte Geschichten, die meist der Fantasie des Autors entspringen und nicht auf Fakten beruhen. ","Narrativa","Racconto in forma di prosa di storie strutturate che generalmente non si basano su fatti reali e che sono frutto dell'immaginazione degli autori; romanzi, racconti, novelle ","フィクション","通常は事実に基づいておらず、著者の想像で創作された物語 "
"http://cv.iptc.org/newscodes/subjectcode/01010002","subj:01010002",,,"subj:01010002",,,"poetry","The art, structure, forms of poetic expression ","Poésie","Art, structure et formes de l'expresion poétique ","poesía","El arte, estructuras, y formas de expresón poética. ","Poesie","Kunst, Struktur und Formen des poetischen Ausdrucks. ","Poesia","Arte, struttura e forme dell'espressione poetica ","詩","芸術、構成、詩的な表現の形式 "
"http://cv.iptc.org/newscodes/subjectcode/01011000","subj:01011000",,"subj:01011000",,,,"music","Expressing emotion or message through instruments or voice using different sounds, tones, harmonies and the like ","Musique","Art de combiner les sons au moyen d'instruments ou de la voix ","música","Expresar emociones o mensajes a través de instrumentos o voz usando diferentes sonidos, tonos y harmonías smiliares. ","Musik","Ausdruck von Gefühlen oder Botschaften durch Instrumente oder Stimmen, die unterschiedliche Klänge, Töne, Harmonien und ähnliches erzeugen.","Musica","Espressione di un'emozione o di un messaggio attraverso l'uso di strumenti e/o della voce per mezzo di differenti suoni, toni, armonie ","音楽","異なる音量、音質、調和などを使い、楽器又は音声を通じて感情やメッセージを表現すること "
"http://cv.iptc.org/newscodes/subjectcode/01011001","subj:01011001",,,"subj:01011001",,,"classical music","Music that follows classic structures of rhythm and harmony ","Musique classique","Musique qui suit des structures classiques de rythme et d'harmonie ","música clásica","Música que sigue estructuras clásicas de ritmo y armonía ","Klassik","Musik, die klassischen Rhythmus- und Harmoniestrukturen folgt. ","Classica","Genere musicale che segue strutture classiche di ritmo e armonia, musica colta europea sviluppatasi fino al XIX secolo ","クラシック","古典的なリズムとハーモニーで構成された音楽 "
"http://cv.iptc.org/newscodes/subjectcode/01011002","subj:01011002",,,"subj:01011002",,,"folk music","Music that developed from folk cultures, often based on story-telling ","Folk","Genre musical issu de la culture populaire ","música folclórica","Música desarrollada de culturas folclóricas, que a menudo de basan en historias ","Folk","Musik, die sich aus folkloristischen Kulturen entwickelt, oft erzählend. ","Folk","Genere musicale sviluppato dalle culture popolari, e che trova le sue radici nelle tradizioni di un popolo o di una particolare zona geografica ","フォーク","民族文化から発生した音楽で、伝承物語から派生したものもある "
"http://cv.iptc.org/newscodes/subjectcode/01011003","subj:01011003",,,"subj:01011003",,,"jazz music","A music of diverse harmonics, often improvised ","Jazz","Genre musical mêlant harmonies occidentales et traditions noires américaines, souvent improvisé ","música jazz","Música de diversas armonías ","Jazz","Musik aus ungleichen Harmonien, oft improvisiert. ","Jazz","Genere musicale caratterizzato da armonie diverse, spesso improvvisate, nato fra fine ‘800 e primo ‘900 nel sud degli Usa ","ジャス","しばしば即興で作られる、多様なハーモニーの音楽 "
"http://cv.iptc.org/newscodes/subjectcode/01011004","subj:01011004",,,"subj:01011004",,,"popular music","The latest fad in music, generally aimed at the younger generation ","Pop","La dernière mode musicale, généralement destinée aux jeunes ","música popular","La ultima moda en música generalmente dirigida a la juventud ","Pop","Der neuste Trend in der Musik, meist für die jüngere Generation. ","Pop","Genere musicale in cui rientrano in particolare le ultime novità discografiche, in contrapposizione ad altri generi considerati colti, destinato soprattutto alle giovani generazioni ","ポピュラー","一般に、若い世代向けの、最新の流行音楽 "
"http://cv.iptc.org/newscodes/subjectcode/01011005","subj:01011005",,,"subj:01011005",,,"country music","Similar to folk but is unique to the United States and is less about story telling than about loves sought and lost ","Country","Musique populaire spécifique aux USA ","música country","Parecidas al Música Fol., pero es única de Estados Unidos, y no habla tanto de buscar y perder amor ","Country","Vergleichbar mit Folk, weniger erzählend, handelt eher von der Suche nach Liebe und deren Verlust und kommt ausschließlich aus den USA. ","Country","Genere musicale tipico degli Usa, con caratterizzazione analoga al Folk e con la presenza di forme musicali della tradizione americana come la ballata ","カントリー","フォークに類似しているが、米国特有なもので、物語よりはむしろ求愛や失恋についての音楽 "
"http://cv.iptc.org/newscodes/subjectcode/01011006","subj:01011006",,,"subj:01011006",,,"rock and roll music","Popular dance music developed in the 1950s ","Rock","Musique populaire caractérisée par une large amplification électrique et par l'accentuation des deuxième et quatrième temps de la mesure ","música rock and roll","Baile popular desamolda a mediados de los años cincuenta ","Rock and Roll","Populäre Tanzmusik aus den 1950-er Jahren. ","Rock and roll","Popolare genere di musica da ballo nato negli anni '50 negli Usa e poi diffusosi nel mondo. Da esso sono derivati vari altri generi, di solito indicati con l'abbreviazione ‘Rock' ","ロック","1950年代に発展したポピュラーなダンス音楽 "
"http://cv.iptc.org/newscodes/subjectcode/01011007","subj:01011007",,,"subj:01011007",,,"hip-hop","A contemporary urban music originating in the 1970s. ",,,,,"Hip-Hop","Eine zeitgenössische urbane Musik mit Ursprung in den 1970er Jahren. ",,,,
"http://cv.iptc.org/newscodes/subjectcode/01012000","subj:01012000",,"subj:01012000",,,,"painting","Using the mediums of oils, watercolour, pastel, pencils, chalk, crayon etc on various grounds to express emotion or message ","Peinture","Art d'appliquer des couleurs sur une surface ","pintura","Por medio de aceite, acuarela, pateles, lapices, tiza, crayones, etc., en distintas bases para expresar un sentimiento o mensaje ","Malerei","Nutzung der Möglichkeiten von Öl, Wasserfarbe, Pastellfarbe, Stiften, Kreide etc. auf verschiedenartigem Untergrund, als Ausdruck von Gefühlen und Botschaften.","Pittura","Espressione di un'emozione o di un messaggio attraverso l'uso di strumenti di raffigurazione ad olio, tempera, pastelli, matite, gesso, matite a pastello, ecc... su varie superfici. ","絵画","感情やメッセージを表現するため、様々な下地に、油絵の具、水彩絵の具、パステル、鉛筆、チョーク、クレヨンなどの媒体を用いること "
"http://cv.iptc.org/newscodes/subjectcode/01013000","subj:01013000",,"subj:01013000",,,,"photography","Mechanical means of creating images of objects by use of light and light sensitive materials with chemicals or by digitals means ","Photographie","Art de fixer l'image de sujets ou d'objets par l'utilisation de la lumière sur une surface sensible ou par enregistrement numérique ","fotografía","Forma mecánica de crear imágenes de objetos mediante el uso de luz y materiales sentitivos a la luz, con quimicos u mediante medios digitales. ","Fotografie","Technik, Bilder von Objekten herzustellen, unter Benutzung von Licht und lichtempfindlichem Material, mit Hilfe von chemischen oder digitalen Mitteln. ","Fotografia","Procedimento che permette di creare immagini e di fissarle su di una superficie utilizzando la luce e materiali ad essa sensibili con prodotti chimici, o per mezzo di strumenti e procedimenti digitali. ","写真","光と科学薬品を用いた感光剤を使用する手段やデジタル的な手段によって、対象の画像を作り出す機械的な手法 "
"http://cv.iptc.org/newscodes/subjectcode/01014000","subj:01014000",,"subj:01014000",,,,"radio","Radio as art and entertainment ","Radio","Média parlé en tant qu'instrument de distraction ","radio","Historias relacionadas a la radio como arte y entretención ","Radio","Hörfunk im künstlerischen und unterhaltenden Sinn","Radio","Strumento di comunicazione di massa, notizie collegate ad esso come arte e spettacolo ","ラジオ番組","芸術と娯楽としてのラジオと関連した記事 "
"http://cv.iptc.org/newscodes/subjectcode/01015000","subj:01015000",,"subj:01015000",,,,"sculpture","Representation of forms in clays, stone, woods, metals or other materials ","Sculpture","Art de représenter des formes dans ou avec divers matériaux ","escultura","Representacion de formas en arcilla, piedra, madera, metales u otros materiales ","Skulptur und Installation","Darstellung von Formen in Ton, Stein, Holz, Metall oder anderen Materialien. ","Scultura","Espressione di un'emozione o di un messaggio con rappresentazioni di forme in materiali di vario tipo (argilla, pietra, legno, metalli, o altro) ","彫刻","粘土、石、木、金属、その他の材料で、形状を表現すること "
"http://cv.iptc.org/newscodes/subjectcode/01015001","subj:01015001",,,"subj:01015001",,,"plastic art","Forms of hand created art including installations ","Arts Plastiques","Arts manuels ","arte plástico","formas creadas a mano. ","Bildhauerei","Handgeformte Kunst inklusive Installationen. ","Arti plastiche","Forme d'arte create a mano o vari tipi di installazioni d'arte ","造形","展示品など、手で作り上げる芸術形態 "
"http://cv.iptc.org/newscodes/subjectcode/01016000","subj:01016000",,"subj:01016000",,,,"television","Television as art and entertainment ","Télévision","Média audiovisuel en tant qu'instrument de distraction ","televisión","Historias relacionadas a la televisión como arte y entretención ","Fernsehen","Fernsehen im künstlerischen und unterhaltenden Sinn","Televisione","Strumento di comunicazione di massa, notizie collegate ad esso come arte e spettacolo ","テレビ番組","芸術と娯楽としてのテレビと関連した記事 "
"http://cv.iptc.org/newscodes/subjectcode/01016001","subj:01016001",,,"subj:01016001",,,"soap opera","Episodic TV drama or saga, normally aired during daytime ",,,,,"Telenovela/Soap","Episodische TV-Fernsehserie, die meist tagsüber gesendet wird. ","Soap Opera","Genere di dramma interpretato da attori inizialmente nato per la radio e poi diffusosi al mezzo televisivo, trasmesso in numerosi episodi o puntate; Serial Televisivo ","ＴＶドラマ","通常、昼時間帯に放映されるＴＶドラマ "
"http://cv.iptc.org/newscodes/subjectcode/01017000","subj:01017000",,"subj:01017000",,,,"theatre","Telling of a story or idea through dialogue, music and physical expression in a space or building designed for it ","Théâtre","Art de la représentation sur une scène d'œuvres dramatiques ou comiques ","teatro","relatar una historia o idea a través de un dialogo, súsica y expresion fisica, en un espacio o edificio diseñado para ello. ","Theater","Erzählen einer Geschichte oder Idee durch Dialoge, Musik oder körperlichen Ausdruck in einem Raum oder Gebäude, welches dafür entworfen wurde. ","Teatro","Rappresentazione artistica sulla scena per raccontare una storia o un'idea attraverso il dialogo e/o la musica ","演劇","専用に作られた空間、建物の中で、会話、音楽、身体の表現を通じて、物語や思想を伝えること "
"http://cv.iptc.org/newscodes/subjectcode/01017001","subj:01017001",,,"subj:01017001",,,"music theatre","Opera, operetta, music revues etc ","Musique scénique","Opéra, opérettes et music hall ","teatro musical","Opera, operetta, variedades musicales. ","Musiktheater","Oper, Operette, Musicals etc. ","Musica a Teatro","Opera, operetta, varietà musicale, musical, rivista ecc. ","オペラ・ミュージカル","歌劇、オペレッタ、音楽レビューなど "
"http://cv.iptc.org/newscodes/subjectcode/01018000","subj:01018000",,"subj:01018000",,,,"monument and heritage site","Areas containing commemorative objects for historical people or events ","Patrimoine","Sites historiques ","monumentos y patrimonio nacional","Areas que contienen objetos conmemorativos de la historia, gente o eventos. ","Denkmal und Gedenkstätte","Flächen mit Objekten in Gedenken an historische Personen oder Ereignisse. ","Monumenti, Siti storici","Aree o opere che commemorano personaggi o eventi di rilevanza storica ","遺跡・文化財","歴史的な人々又は出来事に対して、記念となる対象を持つ区域 "
"http://cv.iptc.org/newscodes/subjectcode/01018001","subj:01018001",,,"subj:01018001",,,"institution-DEPRECATED","NA","Institutions-DEPRECATED","Etablissement, organisation à caractère social, religieux, éducatif, ou autre système à but similaire DEPRECATED ","institución-ANULADO","ANULADO ","Institution-GELÖSCHT","--- ","Istituzioni - ANNULLATO","ANNULLATO ","制度・組織－使用不可","確立された法律、業務、体制、あるいは病院、学校、刑務所のように、社会的/宗教的/教育的に同じ目的を持っている組織 "
"http://cv.iptc.org/newscodes/subjectcode/01019000","subj:01019000",,"subj:01019000",,,,"customs and tradition","A particular way of behaving, or observances that have developed over time by a group of people ","Coutumes et traditions","L'ensemble des us et coutumes ","costumbres y tradiciones","una forma en particular de comportarse, o actitudes que se desarrollan con el tiempo por un grupo de personas. ","Brauchtum","Eine spezielle Verhaltensweise oder Brauch, die sich für eine bestimmte Gruppe von Menschen über einen Zeitraum entwickelt hat. ","Tradizioni","Usi e costumi di una comunità sviluppatisi nel corso del tempo ","伝統","人々の集団によって長い間に発展させられて来た特別なふるまいの慣習、又はしきたり "
"http://cv.iptc.org/newscodes/subjectcode/01020000","subj:01020000",,"subj:01020000",,,,"arts (general)","The collective expression of message or emotion through music, literature, painting, theatre or other means ","Arts","Les arts en général, peinture, sculpture, etc. ","artes (general)","Expresiones colectivas de un mensaje o emoción a través de música, literatura, pintura, teatro u otros medios. ","Kunst","Zusammenfassender Ausdruck einer Botschaft oder eines Gefühls durch Musik, Literatur, Malerei, Theater oder andere Mittel. ","Arti (generico)","Espressione di un messaggio o un'emozione attraverso musica, letteratura, pittura, teatro o altri mezzi. ","芸術（一般）","音楽、文学、絵画、演劇、その他の手法を用いてメッセージ又は感情の集積した表現 "
"http://cv.iptc.org/newscodes/subjectcode/01021000","subj:01021000",,"subj:01021000",,,,"entertainment (general)","The collective use of television, radio, theatre, music and the like for the amusement of people ","Divertissement","Les spectacles de distraction en général, télévision, radio, théâtre, musique ","espectáculos (general)","El uso colectivo de televisión, radio, teatro, música y el gusto por el entretenimiento de la gente. ","Unterhaltung","Nutzung der Möglichkeiten von Fernsehen, Radio, Theater, Musik und ähnlichem, zum Zweck der Unterhaltung von Menschen.","Intrattenimento (generico)","Spettacolo attraverso tv, radio, teatro, musica e altri mezzi per intrattenere un pubblico ","芸能（一般）","テレビ、ラジオ、演劇、音楽など大衆のための娯楽の総称 "
"http://cv.iptc.org/newscodes/subjectcode/01021001","subj:01021001",,,"subj:01021001",,,"entertainment award","Awards for achievement in the entertainment industry, such as the Oscars for film, the Booker Prize for Literature, the Grammys for music, or induction into halls of fame. ",,,,,"Kulturelle Auszeichnung","Preis für Leistungen in der Unterhaltungsindustrie, wie z.B Oskar beim Film, Buchpreis in der Literatur, der Grammy in der Musikindustrie oder die Einladung in die Halls of fame"". ""","Premi","Premi e cerimonie di premiazione nel mondo dello spettacolo e dell'industria dell'intrattenimento: Oscar, Grammy, ecc. ","芸能関連賞","映画のオスカー、文学のブッカー賞、音楽のグラミー賞あるいは殿堂入りなど娯楽産業における業績に与えられる賞 "
"http://cv.iptc.org/newscodes/subjectcode/01022000","subj:01022000",,"subj:01022000",,,,"culture (general)","The ideas, customs, arts, skills of a particular group ","Culture","L'ensemble des connaissances assimilées par une société donnée ","cultura (general)","Las ideas, costumbres, artes, aptitudes de un grupo en particular ","Kultur","Die Ideen, Bräuche, Künste, Fertigkeiten einer bestimmten Gruppe. ","Cultura (generico)","Insieme delle idee, costumi, arti, attitudini di un determinato gruppo o di una determinata società. ","文化（一般）","特定の集団の思想、習慣、芸術、技術 "
"http://cv.iptc.org/newscodes/subjectcode/01022001","subj:01022001",,,"subj:01022001",,,"cultural development","The history of the development of art and culture such as the rise of cave paintings, pre-Colombian art, Chinese paper-making, anything non-political ","Histoire de la culture","Histoire du développement de l'art et de la culture ","desarrollo cultural","La historia del desarrollo de las artes y culturas tales como las pinturas rupestres, arte pre'colombino, la confección de papel chino. Cualquier cosa no política. ","Kulturgeschichte","Die Geschichte der Entwicklung von Kunst und Kultur, wie beispielsweise die Entstehung der Höhlenmalerei, der vorkolumbianischen Kunst oder der chinesische Papierkunst, alles Unpolitische. ","Sviluppo culturale","Storia dello sviluppo artistico e culturale ","文化史","政治的には関係ない洞窟壁画、コロンビア芸術、中国製紙の起源のような芸術や文化の発達の歴史 "
"http://cv.iptc.org/newscodes/subjectcode/01023000","subj:01023000",,"subj:01023000",,,,"nightclub","A commercial establishment providing music, or other entertainment along with food and drink to selected clientele ","Boîte de nuit","Etablissement de distraction privé, ouvert la nuit ","clubes nocturnos","Un establecimiento comercial que provee música u otro entretenimiento, junto con comida y bebidas a una clientela selecta. ","Nachtclub","Kommerzielle Einrichtung für ein ausgewähltes Klientel, die Musik oder andere Unterhaltung anbietet, begleitet mit Essen und Trinken. ","Locali notturni","Esercizi aperti in orari notturni dove è possibile fruire di musica e/o di altre forme di intrattenimento e spettacolo ","ライブハウス","選ばれた客に対し、食べ物や飲み物のほかに音楽や他の娯楽を提供する商業施設 "
"http://cv.iptc.org/newscodes/subjectcode/01024000","subj:01024000",,"subj:01024000",,,,"cartoon","Still images such as editorial cartoons and comic strips ","Bande dessinée","Dessin éditorial, caricatures et bandes dessinées ","caricaturas","Imágenes como caricaturas editoriales y tiras cómicas ","Comic","Unbewegte Bilder, wie Karikaturen und Comics. ","Fumetti","Illustrazioni editoriali, caricature e vignette ","漫画","時事漫画やコミック漫画のような静止画 "
"http://cv.iptc.org/newscodes/subjectcode/01025000","subj:01025000",,"subj:01025000",,,,"animation","Animation, including full-length and short cinema, artists and merchandising of goods featuring animation characters. ","Dessin animé","Dessins animés de toutes sortes ","animación","Animaciones incluidas cine de larga y corta duración, artistas y merchandising de artículos de las figuras animadas. ","Animation/Zeichentrick","Zeichentrickfilm, auch Kurzfilmkino, Künstler und Vermarktung von Produkten rund um Zeichentrickfiguren. ","Animazione","Cartoni animati, lungo e cortometraggi, artisti e commercializzazione di oggetti collegati a personaggi di cartoni animati ","アニメ","アニメーションムービーに関する、長編･短編の作品、作家、そしてキャラクター商品の販売 "
"http://cv.iptc.org/newscodes/subjectcode/01026000","subj:01026000",,"subj:01026000",,,,"mass media","Television, radio, magazines, newspapers etc ","Média","Télévision, radio, magazines, journaux, etc. ","medios masivos","TV, radio, diarios, revistas. ","Massenmedien","Fernsehen, Radio, Magazine, Zeitungen etc. ","Mass Media","Mezzi di comunicazione di massa: televisione, radio, riviste, giornali, ecc ... ","マスメディア","テレビ、ラジオ、雑誌、新聞など "
"http://cv.iptc.org/newscodes/subjectcode/01026001","subj:01026001",,,"subj:01026001",,,"periodicals","Written material that is usually published weekly, bi-weekly, monthly or annually for a long time ","Périodiques","Journaux et magazines périodiques : hebdomadaire, bi-hebdo, mensuel, bi-mensuel, bimestriel, trimestriel, semestriel, annuel ","periódicos","Material escrito que generalmente se publica semanal, mensual anualmente durante un largo tiempo ","Zeitschrift","Geschriebenes, was über einen längeren Zeitraum meist wöchentlich, vierzehntägig, monatlich oder jährlich veröffentlicht wird. ","Periodici","Pubblicazioni periodiche o riviste con cadenza settimanale, quindicinale, mensile o altro ","定期刊行物","週ごと、隔週ごと、月ごと、年ごとに、長期にわたって定期的に発刊される書物 "
"http://cv.iptc.org/newscodes/subjectcode/01026002","subj:01026002",,,"subj:01026002",,,"news media","Television, wire services, radio that collect facts about incidents, developing and presenting them to audiences as a whole story ","Radio-tv","Agence de presse, radio, télévision ","medios informativos","Televisión, servicios de telex, radio que recogen hechos acerca de incidentes, desarrollando y presentándolos a la audiencia como toda una historia ","Nachrichtensender","Fernsehen, Radio und Telekommunikationsdienstleister, die Fakten über Ereignisse sammeln und diese für die Öffentlichkeit aufbereiten.","Mezzi informazione","Televisione, servizi via cavo, radio e altro con la raccolta di notizie e informazioni e la presentazione di esse al pubblico ","ニュースメディア","テレビ、ワイヤーサービス、ラジオ。出来事について事実を集め、それをもとに、視聴者/読者に対して全体の話として作り上げて紹介する "
"http://cv.iptc.org/newscodes/subjectcode/01026003","subj:01026003",,,"subj:01026003",,,"newspapers","Daily or weekly publications that present the day to day history of the world, as well as features, comics etc ","Journaux","Journaux quotidiens et hebdomadaires ","diarios y revistas","Publicaciones dirías o semanales que presentan día a día noticias, películas y comics, etc. ","Zeitung","Tägliche oder wöchentliche Publikationen, die das tägliche Weltgeschehen darstellen, wie Reportagen, Berichte, Comics etc. ","Giornali","Pubblicazioni quotidiane o settimanali di notizie o con servizi speciali ","新聞","日刊あるいは週刊の刊行物。特集や漫画などだけでなく、世界で日々起こっている歴史を紹介する "
"http://cv.iptc.org/newscodes/subjectcode/01026004","subj:01026004",,,"subj:01026004",,,"reviews","A critical look at someone else's work, whether film, theatre or writing ","Revue de critiques","Article s'appliquant à discerner les qualités et les défauts d'une œuvre ","análisis","Una perspectiva critica del trabajo de alguien, ya sea de cine, teatro o literatura. ","Rezension","Ein kritischer Blick auf die Arbeit eines anderen, aus Film, Theater oder Literatur. ","Recensioni","Articoli critici o di commento dedicati al lavoro artistico: un film, un'opera teatrale o uno scritto, un'opera musicale ","評論","映画、演劇、書籍といった他人の作品に対する批評 "
"http://cv.iptc.org/newscodes/subjectcode/01027000","subj:01027000",,"subj:01027000",,,,"internet","Internet as art and entertainment ","Internet","Histoires liées à l'internet comme instrument d'art et de distraction ","internet","Historias relacionadas con Internet, como arte y entretenimiento. ","Internet","Internet im künstlerischen und unterhaltenden Sinn","Internet","Il web e le sue potenzialità nel mondo della comunicazione e nell'intrattenimento ","インターネット","芸術や芸能に関するインターネットの記事 "
"http://cv.iptc.org/newscodes/subjectcode/01028000","subj:01028000",,"subj:01028000",,,,"history","Issues connected with the past; discoveries, repair, conservation or display of artifacts; anniversaries of historic events ",,,,,"Historisches","Artikel, die sich auf die Vergangenheit beziehen; Entdeckungen, Restauration, Aufbewahrung und Ausstellung altertümlicher (Kunst)Gegenständen; Jahrestage historischer Ereignisse. ","Storia","Fatti connessi con il passato: scoperte, conservazione o scoperte di manufatti, anniversari di eventi di portata storica ","歴史","過去や発見、修復、保存、営造物の展示、歴史的出来事の記念などに関わる問題 "
"http://cv.iptc.org/newscodes/subjectcode/02000000","subj:02000000","subj:02000000",,,,,"crime, law and justice","Establishment and/or statement of the rules of behaviour in society, the enforcement of these rules, breaches of the rules and the punishment of offenders. Organizations and bodies involved in these activities. ","Police et justice","Police, Justice, lois et ordre public ","policía y justicia","Establecimiento y/o tratados de las reglas de comportamiento en la sociedad, el fortalecimiento de estas reglas, quiebres de las reglas y penas de los ofensores. Organizaciones y personas involucradas en estas actividades. ","Justiz, Kriminalität","Festlegung und/oder Verlautbarung von Verhaltensregeln einer Gesellschaft, die Durchsetzung dieser Regeln, ihre Verstöße und die Bestrafung der Täter. Organisationen und Einheiten, die mit diesen Aktivitäten betraut sind. ","Giustizia, Criminalità","Le regole e le leggi, la punizione delle trasgressioni, le forze di polizia, le organizzazioni e le persone coinvolte in attività criminali. ","犯罪・司法","社会における行動の規則を示す制度/文書、規則の施行、規則に対する違反、違反者への処罰。これらに関連する組織や集団 "
"http://cv.iptc.org/newscodes/subjectcode/02001000","subj:02001000",,"subj:02001000",,,,"crime","Violation of established laws by individuals, companies or organizations ","Criminalité","Ensemble des actes contrevenant aux lois ","criminalidad","La violación de las leyes establecidas por parte de individuos, compañias u organizaciones ","Kriminalität","Verletzung von etablierten Gesetzen durch Individuen, Firmen und Organisationen. ","Criminalità","Insieme degli atti compiuti da soggetti, gruppi o organizzazioni che contravvengono alle leggi vigenti. ","犯罪","人、会社、組織による法律違反 "
"http://cv.iptc.org/newscodes/subjectcode/02001001","subj:02001001",,,"subj:02001001",,,"homicide","Killing of one person by another ","Homicide","Crime de sang, action visant à donner la mort à quelqu'un volontairement ou non ","homicidio","Matar a un persona ","Mord","Tod eines Menschen durch einen anderen. ","Omicidio","Assassinio di una persona ","殺人","人を殺害すること "
"http://cv.iptc.org/newscodes/subjectcode/02001002","subj:02001002",,,"subj:02001002",,,"computer crime","Theft or destructive behaviour using a computer ","Piratage informatique","Crime informatique, action visant à s'introduire illégalement dans un ordinateur ","delitos informaticos","Robo o conducta dañina al usar un computador ","Computerkriminalität","Diebstahl oder zerstörerisches Verhalten mithilfe eines Computers. ","Crimini informatici","Atti delittuosi compiuti attraverso l'utilizzo di computers o sistemi informatici ","ＩＴ犯罪","コンピュータを用いた盗み、および破壊行動 "
"http://cv.iptc.org/newscodes/subjectcode/02001003","subj:02001003",,,"subj:02001003",,,"theft","Unlawful taking ","Vol","Action de dérober quelque chose à quelqu'un ","robo","Apropiación ilegal ","Diebstahl","Ungesetzliche Beschaffung. ","Furti, Rapine","Sottrazioni illegali di beni, anche attraverso atti violenti ","窃盗","盗みをすること "
"http://cv.iptc.org/newscodes/subjectcode/02001004","subj:02001004",,,"subj:02001004",,,"drug trafficking","Dealing in illicit often harmful substances ","Trafic de drogue","Trafic visant à écouler des substances illégales ","narcotráfico","Negociar con sustancias ilícitas y dañinas ","Drogenkriminalität","Unerlaubter Handel mit meist gesundheitsgefährdenden Stoffen. ","Droga","Atti delittuosi connessi con le sostanze stupefacenti: la produzione o sintesi, il narcotraffico, lo spaccio di tali sostanze illecite e dannose ","麻薬取引","有害物質(麻薬)を不正取引すること "
"http://cv.iptc.org/newscodes/subjectcode/02001005","subj:02001005",,,"subj:02001005",,,"sexual assault","Sexual battery of one sex against another ","Viol","Attaque sexuelle ","asalto sexual","Ataque sexual de un sexo en contra del otro. ","Sexuelle Gewalt","Sexuelle Nötigung und Körperverletzung. ","Reati sessuali","Abusi o violenze sessuali commessi ai danni di qualcuno; il turismo sessuale ","性犯罪","異性に対する性的暴行 "
"http://cv.iptc.org/newscodes/subjectcode/02001006","subj:02001006",,,"subj:02001006",,,"assault (general)","Battery, slugfests, brawls and threatening behaviour ","Agression","Coups et blessures, bagarre et comportement menaçant ","asalto (general)","Estropicio, puñetazos, reyertas y comportamiento amenzador. ","Gewalt (allgemein)","Körperverletzung, Prügeleien, Streit und bedrohliches Verhalten. ","Aggressioni (generico)","Comportamenti violenti o quelli atti ad intimidire qualcuno, le risse, violenze personali, percosse, lesioni ","暴行（一般）","殴打、殴り合い、口論(けんか)や脅迫的な行動 "
"http://cv.iptc.org/newscodes/subjectcode/02001007","subj:02001007",,,"subj:02001007",,,"kidnapping","To seize and detain or carry away a person against that person's will by unlawful threat, force or fraud ","Kidnapping","Enlèvement et détention d'une personne contre son gré ","secuestro","Agarrar y detener a alguien o llevarse a una persona en contra de su propia voluntad, mediante amenzas ilegales, fuerza o fraude. ","Entführung","Jemanden gegen seinen Willen widerrechtlich und gewaltsam gefangen nehmen, festhalten oder verschleppen. ","Sequestri Persona","Atti delittuosi finalizzati a portare via una persona contro la sua volontà o privarla comunque della sua libertà ricorrendo a minacce, forza e inganno ","誘拐","不当な脅迫、強圧あるいは詐欺により、意志に反してその人を強奪し、拘束すること。または連れ去ること "
"http://cv.iptc.org/newscodes/subjectcode/02001008","subj:02001008",,,"subj:02001008",,,"arson","Intentional setting of fires with criminal intent ","Incendie criminel","Mettre le feu de manière intentionnelle ","incendio premeditado","Inicio intencional de un fuego con intentos criminales ","Brandstiftung","Absichtliches in Brand stecken mit krimineller Intention. ","Incendi dolosi","Incendi appiccati con premeditazione e intenzionalmente con un intento criminale ","放火","犯行目的で意図的に火をつけること "
"http://cv.iptc.org/newscodes/subjectcode/02001009","subj:02001009",,,"subj:02001009",,,"gang activity","Criminal activities by groups of individuals, usually in urban areas, who are allied by common territories, languages, ethnic backgrounds but generally are loosely organized. ","Délinquance en bandes","Activités criminelles en bandes généralement en milieu urbain ","actividad pandillera","Actividades criminales de grupos o individuos, usualmente en áreas urbanas, que ase alian por territorios comunes. ","Bandenkriminalität","Kriminelle Aktivitäten von Gruppen, meist in Randgebieten, die verbunden sind durch gemeinsame Herkunft, Sprache und ethnischem Hintergrund aber meist nur wenig organisiert. ","Gang delinquenziali","Attività criminali commesse da gruppi di individui, generalmente in aree urbane, uniti da provenienza territoriale, linguistica o etnica comune; Bande urbane; Bande di minorenni ","集団犯罪","複数の構成員からなる一団による犯罪活動。主に都市部において、共通の領土や言語や民族的背景によって結びついてはいるが、一般的に、厳密には組織されていない "
"http://cv.iptc.org/newscodes/subjectcode/02001010","subj:02001010",,,"subj:02001010",,,"terrorism","Violence against people to create fear in order to achieve political or ideological objectives ",,,,,"Terrorismus","Gewalt gegen Menschen um Angst zu erzeugen mit dem Ziel politische oder ideologische Ideale zu erreichen. ",,,,
"http://cv.iptc.org/newscodes/subjectcode/02002000","subj:02002000",,"subj:02002000",,,,"judiciary (system of justice)","The system set up to deal with crime and those who do them ","Système judicaire","Système judiciaire ","magistratura","El sistema establecido para lidiar con crimenes y aquellos que los comenten. ","Justiz","System, das eingesetzt wird zum Umgang mit Kriminalität und Kriminellen. ","Giustizia","Sistema giudiziario nel suo complesso e in tutte le sue singole componenti ","司法制度","犯罪や犯罪者を扱うために用意された制度 "
"http://cv.iptc.org/newscodes/subjectcode/02002001","subj:02002001",,,"subj:02002001",,,"lawyer","Anyone legally able to represent another person or entity in a legal matter, such as a lawyer, solicitor, barrister, procurator, notary. ","Avocat","Personne capable de représenter légalement une autre personne dans une affaire de droit ","abogado","Cualquiera legalmente habilitado para representar a otra persona o una entidad en un asunto legal, como abogado o solicitante. ","Anwalt","Jeder der offiziell in der Lage ist eine andere Person rechtlich zu vertreten, wie Anwalt, Rechtsbeistand, Prokurist, Notar. ","Avvocatura","Coloro i quali, esercitando la professione forense, sono legalmente autorizzati a rappresentare qualcuno in una questione o in una controversia legale; gli organismi di rappresentanza ed i consigli ","弁護人","弁護士、事務弁護士、法廷弁護士、代理人、公証人のような、法律上の問題で他の人や実体を弁護する法的に有能な人 "
"http://cv.iptc.org/newscodes/subjectcode/02002002","subj:02002002",,,"subj:02002002",,,"judge","Members of the bench that sit in judgement ","Juge","Personne qui a le droit et l'autorité de juger ","juez","Miembros del Poder Judicial que que determinar los juicios. ","Richter","Mitglieder des Gerichts, die zu Gericht sitzen und Recht sprechen. ","Magistratura","Insieme degli organi che costituiscono il potere giudiziario; gli organismi di rappresentanza ","裁判官","裁判を行う裁判所のメンバー "
"http://cv.iptc.org/newscodes/subjectcode/02002003","subj:02002003",,,"subj:02002003",,,"court administration","Court clerks, bailiffs, stenographers etc. ","Greffe","Auxiliaires de la justice ","administración de corte","Actuarios, administradores, taquígrafos. ","Gerichtsverwaltung","Angestellte des Gerichts, Gerichtsdiener, Stenografen etc. ","Amministrazione giustizia","Cancellieri, ufficiali giudiziari, stenografi, ecc... ","裁判所職員","裁判所の職員、執行官、速記者など "
"http://cv.iptc.org/newscodes/subjectcode/02003000","subj:02003000",,"subj:02003000",,,,"police","Agents of the legal system set up enforce the laws ","Police","Agents de la force publique dont la mission est notamment le maintien de l'ordre ","policía","Agentes del sistema legal establecido para aplicar la ley. ","Polizei","Mitarbeiter des rechtsgültigen Systems (Staat), die zur Einhaltung der Gesetze eingesetzt werden. ","Forze Ordine","Complesso delle forze a disposizione dello stato per prevenire i reati, individuarne gli autori e tutelare l'ordine pubblico; gli organismi di rappresentanza ","警察","法律を実行するために準備された合法的な組織 "
"http://cv.iptc.org/newscodes/subjectcode/02003001","subj:02003001",,,"subj:02003001",,,"law enforcement","Agencies involved in attempts to prevent disobedience to established laws, or to bring to justice those that disobey those laws ","Forces de l'ordre","Police et gendarmerie, chargés de faire respecter la loi d'un pays ","autoridades","Agencias que previenen que se desobedezcan las leyes establecidas, y llevar a juicio a quienes tratan de violarlas. ","Sicherheitskräfte (BGS, LKA, BKA)","Tätigkeitesbereiche, die eingebunden sind in Präventivmaßnahmen zur Verhinderung von Verstößen gegen gültige Gesetze, oder die Gesetzesbrecher vor Gericht zu bringen. ","Corpi Polizia","I vari corpi, agenzie, direzioni, dipartimenti impegnati nella prevenzione di azioni delittuose o nell'esecuzione di provvedimenti dell'autorità giudiziaria ","法執行機関","制定された法律に違反しないようにしたり、法律に服従しないものを公正に導くことに関係している政府機関 "
"http://cv.iptc.org/newscodes/subjectcode/02003002","subj:02003002",,,"subj:02003002",,,"investigation","Process of inquiry of a possible crime up to the point of arrest ","Enquête","Processus d'enquête sur un éventuel crime ","investigación","Proceso de indagación de un posible crimen, hasta el momento de un arresto. ","Strafanzeige","Untersuchung über ein mögliches Verbrechen bis zur Verhaftung. ","Indagine","Procedimento di inchiesta su un possibile crimine ","捜査","逮捕するまでの犯罪に対する調査過程 "
"http://cv.iptc.org/newscodes/subjectcode/02003003","subj:02003003",,,"subj:02003003",,,"arrest","Detention of a suspect of a crime ","Arrestation","Détention du suspect d'un crime ","arresto","Detención de un sospechodo de un crimen ","Untersuchungshaft","Festnahme bei Verdacht auf ein Verbrechen. ","Arresto","Provvedimento limitativo della libertà personale ","逮捕・拘束","犯罪容疑者の拘留 "
"http://cv.iptc.org/newscodes/subjectcode/02004000","subj:02004000",,"subj:02004000",,,,"punishment","The retribution handed out to those who break the laws ","Peines","Condamnation à laquelle on s'expose en enfreignant la loi ","penas","Sentencias impuestas a aquellos que quebrantan la ley. ","Strafverfolgung","Strafe, die gegen Gesetzesbrecher verhängt wird. ","Pena","Provvedimento giudiziario imposto con sentenza a seguito di processo davanti ad un giudice ","刑罰","法を破った者に与えられる懲罰 "
"http://cv.iptc.org/newscodes/subjectcode/02004001","subj:02004001",,,"subj:02004001",,,"fine","Monetary punishment ","Amende","Condamnation à payer une somme d'argent pour une infraction ","multa","Castigo monetario. ","Geldstrafe","Strafe, die mit Geld abgegolten wird. ","Multe, Ammende","Pene monetarie ","罰金","罰金刑 "
"http://cv.iptc.org/newscodes/subjectcode/02004002","subj:02004002",,,"subj:02004002",,,"execution","The carrying out of executions by a government or state, not by extralegal groups/organisations ",,,,,"Exekution","Hinrichtungen durch eine Regierung oder Staat, nicht durch extralegale Gruppen/Organisationen. ",,,,
"http://cv.iptc.org/newscodes/subjectcode/02005000","subj:02005000",,"subj:02005000",,,,"prison","Also know as jails, lockups, calaboose, etc. for keeping law breakers from society ","Prison","Prison, maison d'arrêt, géôle où sont enfermées les personnes condamnées ","cárcel","También conocida como prisión, encierro, calabozo, etc., para mantener lejos de la sociedads, a los que quebrantan las leyes. ","Strafvollzug","Auch bekannt als Gefängnis, Knast, Haft etc. um Gesetzesbrecher von der Gesellschaft fernzuhalten. ","Carceri","Strutture in cui è rinchiuso chi è privato della libertà personale a seguito di una condanna o per un provvedimento cautelare ","刑務所","社会から法律違反者を隔離するためのもの。例えば刑務所、留置所、拘置所など "
"http://cv.iptc.org/newscodes/subjectcode/02006000","subj:02006000",,"subj:02006000",,,,"laws","The codification of rules of behaviour ","Lois","L'ensemble des droits et des devoirs que s'impose une société ","legislación","La codificación de las reglas de conducta. ","Gesetz","Die systematische Aufzeichnung von Verhaltensvorschriften. ","Codici","Raccolte normative delle regole e leggi che nella società disciplinano una determinata materia ","法律","行動規則を成文化したもの "
"http://cv.iptc.org/newscodes/subjectcode/02006001","subj:02006001",,,"subj:02006001",,,"criminal","The criminal code system ","Droit Pénal","L'administration de la justice et les droits de la défense ","criminal","Sistema del código criminal ","Strafgesetzbuch","System der Strafvergehen und Delikte. ","Penale","Sistema del codice e della procedura penale ","刑法","刑法典体系 "
"http://cv.iptc.org/newscodes/subjectcode/02006002","subj:02006002",,,"subj:02006002",,,"civil","The civil code system ","Droit civil","Les droits individuels ","civil","Sistema del código civil ","Bürgerliches Gesetzbuch","System der zivilen Vergehen und Delikte. ","Civile","Sistema del codice e della procedura civile ","民法","民法典体系 "
"http://cv.iptc.org/newscodes/subjectcode/02007000","subj:02007000",,"subj:02007000",,,,"justice and rights","The equitable administration of laws and regulations ","Droits","Administration équitable des lois et des réglements ","justicia y derechos","La administración equitativa de las leyes y regulaciones. ","Rechtsprechung","Die gerechte Anwendung von Gesetzen und Regularien. ","Giustizia e diritti","Equa amministrazione di leggi e normative ","司法と権利","法や規則の公正な執行 "
"http://cv.iptc.org/newscodes/subjectcode/02007001","subj:02007001",,,"subj:02007001",,,"civil rights","Rights of individuals under civil law ","Droits civils","Droits des citoyens sur le plan civil ","derechos civiles","Derechos de los individuos bajo la ley civil. ","Zivilrecht","Rechte des Einzelnen im Bürgerlichen Recht. ","Diritti civili","Diritti degli individui sotto la legge ","公民権","民法上の個人の権利 "
"http://cv.iptc.org/newscodes/subjectcode/02008000","subj:02008000",,"subj:02008000",,,,"trials","The process by which guilt or innocence, or right or wrong is determined and adjudged ","Procès","Passage devant un tribunal pour régler un différend entre deux ou plusieurs parties ","juicios","El proceso mediante el cual culpable o inocente, o correcto o incorrecto es determinado y juzgado. ","Prozess/Gericht","Vorgang, bei dem Schuld oder Unschuld, richtig oder falsch festgesetzt und geklärt wird. ","Processo","Procedimento giudiziario mediante il quale vengono stabilite e giudicate la colpevolezza o l'innocenza, la ragione o il torto ","裁判","有罪か無罪か、または正しいか間違っているかを決定され宣告される手続き "
"http://cv.iptc.org/newscodes/subjectcode/02008001","subj:02008001",,,"subj:02008001",,,"litigation","Taking disputed issues to court for settlement by judge and/or jury ","Litige","Action en justice pour régler un litige ","litigios","Llevar a la corte por medio de un juez o jurado asuntos que se disputan ","Rechtsstreit","Streitigkeiten, die vor Gericht gebracht werden, um von einer Jury entschieden zu werden. ","Causa","Presentazione degli argomenti di una controversia davanti ad un giudice per una risoluzione ","訴訟","係争点を裁判官そして/あるいは陪審員が解決するために裁判を起こす "
"http://cv.iptc.org/newscodes/subjectcode/02008002","subj:02008002",,,"subj:02008002",,,"arbitration","Resolution of disputed issues by a neutral panel ","Arbitrage","Règlement d'un différend par un arbitre ","arbitraje","Resolución de asuntos en cuestión por medio de un tribunal neutral. ","Schiedsgericht","Lösung von Streitigkeiten durch eine neutrale Instanz. ","Arbitrato","Risoluzione di una controversia mediante il ricorso ad uno o più arbitri nominati dalle parti ","調停","中立の委員会による問題の解決 "
"http://cv.iptc.org/newscodes/subjectcode/02008003","subj:02008003",,,"subj:02008003",,,"court preliminary","Pre-trial events including pleas, bail, motions, discovery, depositions. ","Audiences préliminaires","Action intentée par la justice en vue de poursuites judiciaires ","corte preliminar","Pre-juicio que incluye hechos como declaratorias, fianzas, mociones, descubriemientos y deposiciones. ","Anhörung","Vorgerichtliches Vorgehen inklusive Verteidigung, Kaution, Anträge, Indizien, Aussagen. ","Udienza preliminare","Procedimento giudiziario precedente il processo per la conferma di provvedimenti dell'A.G. o per decidere sul rinvio a giudizio ","予審","請願、保釈、裁定の申立、証拠開示手続、証言録取を含む公判前のイベント "
"http://cv.iptc.org/newscodes/subjectcode/02009000","subj:02009000",,"subj:02009000",,,,"prosecution","Stories regarding activities and investigations by public prosecutors. ","Accusation","Ministère public ou parquet ","proceso judicial","Historias de actividades e investigaciones públicas ","Anklage","Artikel über Aktivitäten und Nachforschungen von Staatsanwälten. ","Accusa","Attività ed indagini svolte o coordinate dal pubblico ministero ","起訴","検察官による活動と捜査に関係した記事 "
"http://cv.iptc.org/newscodes/subjectcode/02009001","subj:02009001",,,"subj:02009001",,,"defendant","The person on trial ","Accusé","Une personne qui est accusée lors d'un procès ","acusado","La persona en juicio. ","Angeklagter","Die Person, die vor Gericht steht. ","Imputato","Chi nel processo penale viene accusato di aver commesso un reato. ","被告","公判中の人 "
"http://cv.iptc.org/newscodes/subjectcode/02009002","subj:02009002",,,"subj:02009002",,,"witness","A person who testifies ","Témoin","Une personne qui témoigne ","testigo","Una persona que testifica. ","Zeuge","Eine Person, die etwas bezeugt. ","Teste","Chi viene chiamato rendere testimonianza ","証人","証言する人 "
"http://cv.iptc.org/newscodes/subjectcode/02010000","subj:02010000",,"subj:02010000",,,,"organized crime","Crimes committed by gangs or criminal groups. ","Crime organisé","Groupe organisé ayant pour but de commettre des crimes ==== Crimes commis par des bandes ou des groupes organisés ","crimen organizado","Crímenes cometidos por mafiosos o grupos criminales ","Organisierte Kriminalität","Kriminelle Handlungen, die von Banden oder kriminellen Gruppen begangen wurden. ","Criminalità Organizzata","Organizzazioni o gruppi criminali strutturati secondo un dato codice o sistema; Mafia, Camorra, ‘Ndrangheta, Sacra Corona Unita, Stidda ecc. ","組織犯罪","暴力団あるいは犯罪者グループによって犯された罪 "
"http://cv.iptc.org/newscodes/subjectcode/02011000","subj:02011000",,"subj:02011000",,,,"international law","The system of laws embraced by all nations, such as the Geneva Convention, the International Law of the Seas, etc. ","Droit International","Les lois internationales telles que la Convention de Genève, le droit de la mer, etc. ","derecho internacional","Sistema de leyes abrazado por todas las naciones, tales como Convención de Ginebra, Tratado Internacional de los mares, etc. ","Internationales Recht","Rechtssystem, was alle Nationen einschließt, wie die Genfer Konvention, das Internationale Seerecht etc. ","Diritto Internazionale","Sistema normativo e le leggi internazionali adottate da tutte le nazioni, ad es. la Convenzione di Ginevra ","国際法","すべての国によって受け入れられた法律の体系。海の国際法、ジュネーブ条約など "
"http://cv.iptc.org/newscodes/subjectcode/02011001","subj:02011001",,,"subj:02011001",,,"international court or tribunal","The activities of international tribunals such as European court for human rights, Hague tribunal, International Court of Justice etc ","Cour ou tribunal international","Tribunaux et cours internationales de justice ","corte o tribunal internacional","Actividades de tribunales internacionales como la corte europea de derechos humanos, el tribunal de la Haya, la corte internacional de justicia, etc. ","Internationales Strafgericht","Aktivitäten von internationalen Tribunalen wie der Europäische Gerichtshof für Menschenrechte, Internationaler Gerichtshof in Den Haag etc. ","Corti, Tribunali internazionali","Attività dei tribunali internazionali come la Corte Europea per i Diritti Umani, Tribunale dell'Aia, la Corte Internazionale di giustizia, ecc... ","国際法廷","欧州人権裁判所、ハーグ国際司法裁判所、国際司法裁判所などの国際法廷の活動 "
"http://cv.iptc.org/newscodes/subjectcode/02011002","subj:02011002",,,"subj:02011002",,,"extradition","Legal transfer of criminals or suspects between countries ","Extradition","Remise légale à un pays d'un individu recherché ou soupçonné de crime ","extradición","Transferencia legal de criminales o sospechosos entre paises. ","Auslieferung","Legaler Austausch zwischen Ländern von Kriminellen und Verdächtigen. ","Estradizione","Trasferimento legale da un Paese ad un altro di una persona ricercata per un determinato crimine o condannata per esso. ","犯罪者引き渡し","国家間で行われる法に則った犯罪者や容疑者の移送 "
"http://cv.iptc.org/newscodes/subjectcode/02012000","subj:02012000",,"subj:02012000",,,,"corporate crime","Misdeeds of corporations and corporate officers ","Délinquance financière","Malversations commises par des entreprises et/où par des responsables ","delitos corporativos","Delitos de corporaciones y de sus cabezas ","Firmenkriminalität","Untaten von Unternehmen oder Geschäftsführungen. ","Crimini societari","Delitti compiuti da società e/o loro responsabili ","企業犯罪","企業や企業役員の犯罪 "
"http://cv.iptc.org/newscodes/subjectcode/02012001","subj:02012001",,,"subj:02012001",,,"fraud","Intentional deception that causes others to give up rights or property ","Fraude","Actes frauduleux ","fraude","Engaño intencional a causa del cual otros pierden derechos o bienes. ","Betrug","Absichtliche Täuschung, die die Rechte und das Eigentum anderer beschädigen. ","Frodi","Attività delittuose che determinano la perdita di diritti o di proprietà da parte di altri ","詐欺","意図的にだまして他人の権利あるいは財産を処分すること "
"http://cv.iptc.org/newscodes/subjectcode/02012002","subj:02012002",,,"subj:02012002",,,"embezzlement","The intentional theft of money left in one's care ","Détournements","Détournements de fonds publics ou privés ","malversación","Robo intencional de dinero que ha sido dejado en nuestra custodia. ","Veruntreuung/Unterschlagung","Absichtlicher Diebstahl von anvertrautem Geld. ","Appropriazioni indebite","Reati compiuti da chi si appropria di un bene altrui di cui abbia disponibilità ","横領","人から委ねられた財産の意図的な窃盗 "
"http://cv.iptc.org/newscodes/subjectcode/02012003","subj:02012003",,,"subj:02012003",,,"restraint of trade","Interference in free competition in business and trade ","Infraction commerciale","Entrave à la libre concurrence ","restricción del comercio","Interferencia en libre competencia de empresas y comercio ","Wettbewerbsverstoß","Eingreifen in den freien Wettbewerb in Markttätigkeit und Handel. ","Limitazioni alla concorrenza","Interferenze nella libera concorrenza in affari e commercio ","不当な取引制限","ビジネスと通商の自由競争への介入 "
"http://cv.iptc.org/newscodes/subjectcode/02012004","subj:02012004",,,"subj:02012004",,,"breach of contract","Rupture of legal agreements between companies, and with customers ","Violation de contrat","Rupture de contrat entre des compagnies ou avec des clients ","violación de contrato","Ruptura de acuerdos legales entre compañías y con clientes ","Vertragsbruch","Bruch von legalen Verträgen zwischen Unternehmen und mit Kunden. ","Inadempienze contrattuali","Rotture di accordi legali tra società e/o con i clienti ","契約違反","会社と顧客の間で契約破棄に至る一連の不祥事 "
"http://cv.iptc.org/newscodes/subjectcode/02012005","subj:02012005",,,"subj:02012005",,,"anti-trust crime","Violations of laws against monopolies ","Infraction anti-trust","Violation des lois contre le monopole ","delitos antimonopolio","Violaciones de leyes entre monopolios ","Kartellverstoß","Verletzung von Gesetzen gegen Monopole. ","Infrazioni all'antitrust","Violazioni delle leggi contro i monopoli ","独禁法違反","独占禁止法の違反 "
"http://cv.iptc.org/newscodes/subjectcode/02012006","subj:02012006",,,"subj:02012006",,,"corruption","General business misbehaviour ","Corruption","Comportement malhonnête dans les affaires ","corrupción","Mal manejo de negocios en general. ","Korruption","Generelles Missverhalten in Geschäftsbeziehungen. ","Corruzione","Comportamento in generale scorretto negli affari ","汚職","事業上の不正行為全般 "
"http://cv.iptc.org/newscodes/subjectcode/02012007","subj:02012007",,,"subj:02012007",,,"bribery","Payments or benefits to influence the outcome of a legal case ","Subornation de témoins","Action de suborner des témoins pour influencer le cours d'une affaire de justice ","soborno","Pagos o regalos que se dan para influenciar el resultado de un caso legal o decisiones. ","Bestechung","Zahlungen oder Spenden, um den Ausgang einer legalen Angelegenheit zu beeinflussen. ","Tangenti","Comportamenti delittuosi consistenti nel dare/ricevere beni perché siano compiuti atti contrari ai doveri d'ufficio ","贈収賄","金銭もしくは利益(の供与)が訴訟結果に影響を与える "
"http://cv.iptc.org/newscodes/subjectcode/02013000","subj:02013000",,"subj:02013000",,,,"war crime","Crimes committed during a war or armed conflict, usually against civilians or POW's, including the prosecution of such crimes ","Crime de guerre","Crimes de guerre y compris les poursuites contre leurs auteurs ","crimen de guerra","Crímenes cometidos durante una guerra o conflicto armado, generalmente contra civiles o prisioneros de guerra, lo que incluye la condena de tales crímenes. ","Kriegsverbrechen","Kriminelle Handlungen und deren Strafverfolgung, die während eines Krieges oder bewaffneten Konfliktes begangen werden, gewöhnlich gegen Zivilisten oder Kriegsgefangene. ","Crimini Guerra","Crimini commessi durante una guerra o un conflitto armato, generalmente contro civili o prigionieri di guerra e i processi istruiti contro tali crimini ","戦争犯罪","戦争または武力紛争の間に通常民間人や捕虜に対して犯される犯罪。そのような犯罪の告発・起訴を含む "
"http://cv.iptc.org/newscodes/subjectcode/02014000","subj:02014000",,"subj:02014000",,,,"inquest","Formal investigation of sudden or unexpected death and the hearing to decide cause of death. ",,,,,"Gerichtsmedizin","Formale Untersuchung bei plötzlichem oder unerwartetem Tod mit anschließender Feststellung der Todesursache. ","Inchiesta, Autopsia","Investigazione formale condotta per stabilire le cause di una morte improvvisa o inaspettata ","検死","突然あるいは不慮の死の公式捜査と死因に関する公聴 "
"http://cv.iptc.org/newscodes/subjectcode/02015000","subj:02015000",,"subj:02015000",,,,"inquiry","Formal hearing involving a disaster, political event etc. Eg rail crash, drug prescription scandal. ",,,,,"Untersuchung","Offizielle Anhörung nach einem Unglück, einem politischen Ereignis etc. Beispiel Zugunglück, Drogenskandal. ","Commissione d'Inchiesta ","Attività di una commissione istituita per fare luce su un determinato evento: audizioni formali, ecc. ","公聴会","列車事故、薬害など災害、政治的出来事などに関する公式の公聴。 "
"http://cv.iptc.org/newscodes/subjectcode/02016000","subj:02016000",,"subj:02016000",,,,"tribunal","Formal hearing usually involving employment issues, property etc. ",,,,,"Verhandlung","Offizielle Anhörung gewöhnlich bei Arbeitsauseinandersetzungen, Eigentumsfragen etc. ","Giurisdizioni varie","Altri tipi di giurisdizioni: giudice di pace, giudice del lavoro, Tar, ecc. ","聴聞会","雇用、財産などに関する公式の聴聞 "
"http://cv.iptc.org/newscodes/subjectcode/03000000","subj:03000000","subj:03000000",,,,,"disaster and accident","Man made and natural events resulting in loss of life or injury to living creatures and/or damage to inanimate objects or property. ","Désastres et accidents","Désastres naturels ou provoqués par l'homme ","catástrofes y accidentes","Accidentes humanos y eventos de la naturaleza resultantes en pérdida de vidas o daños a criaturas vivientes ","Katastrophe und Unglück","Von Menschen erzeugte oder naturgegebene Ereignisse, die zu Todesfällen oder Verletzungen von Lebewesen und/oder der Zerstörung von Objekten oder Eigentum führen. ","Disastri, Incidenti","Disastri naturali o provocati dall'uomo che determinano la morte o il ferimento di esseri viventi e/o danni a oggetti o proprietà ","災害・事故","命を奪い、生き物を傷つけ、物や財産の損害をもたらすような、人災や自然災害 "
"http://cv.iptc.org/newscodes/subjectcode/03001000","subj:03001000",,"subj:03001000",,,,"drought","A severe lack of water over a period of time ","Sécheresse","Période au cours de laquelle l'eau manque ","sequía","La falta severa de agua dentro de un periodo de tiempo. ","Dürre","Ein schwerer Mangel an Wasser über einen bestimmten Zeitraum. ","Siccità","Grave e prolungata mancanza d'acqua ","干ばつ","ある期間での厳しい水不足 "
"http://cv.iptc.org/newscodes/subjectcode/03002000","subj:03002000",,"subj:03002000",,,,"earthquake","The shifting of the tectonic plates of the Earth, creating in some cases damage to structures ","Tremblement de terre","Mouvement des plaques de la croûte terrestre, endommageant parfois les structures ","terremoto","El movimientos de las placa tectónicas de la Tierra, que crean an algunos casos, daños a las estructuras. ","Erdbeben","Die Bewegung der Erdplatten, die in manchen Fällen eine Zerstörung der Oberfläche verursacht. ","Terremoto","Rapida e violenta vibrazione della crosta terrestre per la rottura dell'equilibrio all'interno delle masse rocciose ","地震","地球の地殻変動プレートが動くこと。場合によっては構造物に被害を引き起こす "
"http://cv.iptc.org/newscodes/subjectcode/03003000","subj:03003000",,"subj:03003000",,,,"famine","Severe lack of food for a large population ","Famine","Disète de vivres ","hambruna","Falta severa de comida entre la población. ","Hunger","Schwerer Mangel an Nahrungsmitteln für eine große Bevölkerung. ","Carestia","Grave mancanza di cibo o comunque di sostentamento in un'area geografica o per una popolazione e per un lungo periodo di tempo ","飢饉","多くの人々がひどい食料不足になること "
"http://cv.iptc.org/newscodes/subjectcode/03004000","subj:03004000",,"subj:03004000",,,,"fire","Ignition and consumption of materials through a combination of high heat and oxygen ","Incendie","Flammes qui accompagnent une combustion ","incendios","Quema o consumo de materiales a través de una combinación de algo calor y oxigeno. ","Brand, Feuer","Verbrennung und Zerstörung von Materialien durch eine Verbindung von großer Hitze und Sauerstoff. ","Incendio","Accensione e consumo di materiali attraverso una combinazione di alta temperatura e ossigeno ","火災","高温と酸素の化合によって物質が燃焼し焼失すること "
"http://cv.iptc.org/newscodes/subjectcode/03005000","subj:03005000",,"subj:03005000",,,,"flood","Surfeit of water, caused by heavy rains or melting snow, usually in places where it's not wanted ","Inondation","Débordement des eaux qui submergent le sol ","inundaciones","Exceso de agua causado por intensas lluvias o derretimiento de nieve, usualmenete en lugares donde no es deseado. ","Hochwasser","Übermaß an Wasser, verursacht durch schwere Regenfälle oder Schneeschmelze, in der Regel an Orten, wo es nicht gewünscht ist. ","Inondazione","Allagamento di un territorio o zona geografica determinato da piogge intense o scioglimento di nevi che possono provocare la rottura di argini e la tracimazione di corsi d'acqua ","洪水","通常は望まれない場所で、豪雨や雪解けにより引き起こされる水の氾濫 "
"http://cv.iptc.org/newscodes/subjectcode/03006000","subj:03006000",,"subj:03006000",,,,"industrial accident","A mishap in a factory, a shop or an office, potentially harmful to humans ","Accident industriel","Accident industriel ","accidente industrial","Una desgracia en una fábrica, negocio u oficina, potencialmente dañino para los humanos. ","Industrieunglück","Unfall in einer Fabrik, einem Shop oder einem Büro, meist gefährlich für Menschen. ","Incidente industriale","Disgrazia o Incidente avvenuti in una fabbrica, in uno stabilimento o comunque in un luogo di produzione, con possibili conseguenze sulla salute degli esseri viventi; Incidente lavoro ","事故（構造物）","工場、店、オフィスで起こる災難で、潜在的に人に有害な場合もある "
"http://cv.iptc.org/newscodes/subjectcode/03006001","subj:03006001",,,"subj:03006001",,,"structural failures","When a building, bridge or other structures collapse because of unexpected forces or poor design ","Effondrement","Malfaçons d'une structure ","fallas estructurales","Cuando edificios , puentes o otras estructuras colapsan debido a hechos fortuitos o diseños precarios. ","Konstruktionsfehler","Wenn ein Gebäude, eine Brücke oder andere Konstruktionen zusammenbrechen aufgrund von unerwarteten Krafteinwirkungen oder Materialfehlern. ","Cedimento strutturale","Crollo o cedimento di un edificio, un ponte o altro genere di strutture a causa di forze inattese o di progetti inadeguati. ","倒壊","予期せぬ力や、貧弱な設計のために、建物、橋などの建造物が壊れてしまう場合 "
"http://cv.iptc.org/newscodes/subjectcode/03007000","subj:03007000",,"subj:03007000",,,,"meteorological disaster","A weather-related disaster ","Désastre météorologique","Accident météorologique ","desastre meteorológico","Un desastre relacionado al clima. ","Unwetter","Ein wetterbedingstes Unglück. ","Disastri meteorologici","Disastri collegati ad avverse condizioni del tempo ","気象災害","天気関連の災害 "
"http://cv.iptc.org/newscodes/subjectcode/03007001","subj:03007001",,,"subj:03007001",,,"windstorms","A storm of high velocity but non-hurricane force movements of air with little or no rain or hail. Often highly destructive ","Tempête","Orages, tempêtes mais pas ouragan ","tormentas de viento","Tormenta de alta velocidad sin los movimientos de un huracán con poca lluvia y granizos. A menudo muy destructivo. ","Orkan","Sturm mit hoher Geschwindigkeit, aber ohne das gewaltige Tempo eines Hurrikans, mit wenig oder ohne Regen oder Hagel. Meistens stark zerstörerisch. ","Tempeste vento","Tempeste dovute al maltempo ma senza la forza degli uragani, con presenza o meno di pioggia o grandine e dagli effetti quasi sempre altamente distruttivi ","暴風","雨やあられを伴うことは少ない高風速の嵐で、ハリケーンとは異なる。破壊力はきわめて大きい "
"http://cv.iptc.org/newscodes/subjectcode/03008000","subj:03008000",,"subj:03008000",,,,"nuclear accident","A mishap involving radioactive materials ","Accident nucléaire","Accident nucléaire ","accidente nuclear","Una tragedia que envuelve materiales radioactivos. ","Atomunglück","Unglück im Zusammenhang mit radioaktiven Materialien. ","Incidenti nucleari","Sciagura o incidente con la liberazione di sostanze radioattive ","放射線事故","放射性物質を含んだ災害 "
"http://cv.iptc.org/newscodes/subjectcode/03009000","subj:03009000",,"subj:03009000",,,,"pollution","Emissions of unwanted materials in areas where it can be harmful ","Pollution","Nuisance contribuant à la dégradation de l'environnement ","contaminación","Emisión de materiales no deseados en áreas donde puede ser dañino. ","Umweltverschmutzung","Verschmutzung mit unerwünschtem Material, in Gebieten in denen es gefährlich werden kann. ","Inquinamento","Emissione o liberazione di sostanze o anche di particolari effetti dannosa per l'ambiente e per l'equilibrio tra esso e le specie viventi ","公害","有害物質をある地域に放出すること "
"http://cv.iptc.org/newscodes/subjectcode/03010000","subj:03010000",,"subj:03010000",,,,"transport accident","An accident involving one or more vehicles ","Accident de transport","accident mettant en cause un ou plusieurs véhicules et moyen de transport ","accidente de transporte","Accidente que envuelve a uno o más vehiculos. ","Transportunfall","Unfall in den ein oder mehrere Fahrzeuge verwickelt sind. ","Incidenti nei trasporti","Incidenti che coinvolgono veicoli, mezzi o reti di trasporto ","事故（運輸）","１台以上の乗り物を伴っている事故 "
"http://cv.iptc.org/newscodes/subjectcode/03010001","subj:03010001",,,"subj:03010001",,,"road accident","Accidents on roads. ","Accident de la route","Accident de la route ","accidentes carreteros","Accidentes en carreteras ","Verkehrsunfall","Unfälle im Straßenverkehr. ","Stradali","Incidenti su strada ","交通事故","路上事故 "
"http://cv.iptc.org/newscodes/subjectcode/03010002","subj:03010002",,,"subj:03010002",,,"railway accident","Accidents involving trains. ","Accident de chemin de fer","Accident mettant en cause des trains ","accidentes ferroviarios","Accidentes que involucran trenes ","Bahnunglück","Unfälle mit Zügen. ","Ferroviari","Incidenti su reti ferroviarie ","鉄道事故","列車関連事故 "
"http://cv.iptc.org/newscodes/subjectcode/03010003","subj:03010003",,,"subj:03010003",,,"air and space accident","Accidents involving craft in air or space. ","Accident dans l'air et l'espace","Accident aérien ou spatial ","accidentes aéreos y espaciales","Accidentes que involucran naves aéreas o espaciales ","Flugunglück","Unfälle mit Fahrzeugen im Luft- oder Weltraum. ","Aerei e spaziali","Incidenti di mezzi aerei o spaziali ","航空・宇宙事故","空あるいは宇宙における航空機関連事故 "
"http://cv.iptc.org/newscodes/subjectcode/03010004","subj:03010004",,,"subj:03010004",,,"maritime accident","Accidents involving marine vessels. ","Accidents maritimes","Accident mettant en cause des bateaux ","accidentes marítimos","Accidentes que involucran naves marinas ","Schiffsunglück","Unfälle mit Wasserfahrzeugen. ","Marittimi","Incidenti in acque marittime o interne ","海難事故","船舶関連事故 "
"http://cv.iptc.org/newscodes/subjectcode/03011000","subj:03011000",,"subj:03011000",,,,"volcanic eruption","A rupture in the skin of the Earth allowing molten material to escape to the surface ","éruption volcanique","Projections plus ou moins violentes de diverses matières par un volcan ","erupción volcánica","La ruptura de la corteza terrestre que permite el escape de material derretido hacia la superficie. ","Vulkanausbruch","Bruch in der Erdkruste, aus dem geschmolzenes Material an der Oberfläche ausgeworfen wird. ","Eruzione","Emissione di lava o altri materiali da un vulcano o da altre fratture nella crosta terrestre ","火山噴火","地表にできた裂け目を通じて、融解した物質が表面に漏れること "
"http://cv.iptc.org/newscodes/subjectcode/03012000","subj:03012000",,"subj:03012000",,,,"relief and aid organisation","Organizations set up to provide help to those in need because of lack of food, water or shelter ","ONG","Organismes de secours, généralement protection civile et organisations non gouvernementales ","organizaciones de socorro","Organizaciones tablecidas para proveer ayuda a aquellos que la necesitan debido a falta de alimentos, agua o albergue. ","Hilfsorganisation","Organisationen, die jenen Hilfe anbieten, die Mangel an Nahrungsmitteln, Wasser oder Unterkunft haben. ","Organizzazioni di aiuto e soccorso","Organizzazioni che intervengono per fornire aiuti a chi ne abbia bisogno per mancanza di cibo, acqua, riparo ecc. ","救援・支援","食物、水あるいは住まいの欠如で困難な状況にいる人々に援助を提供するために設立される組織 "
"http://cv.iptc.org/newscodes/subjectcode/03013000","subj:03013000",,"subj:03013000",,,,"accident (general)","Any unplanned event that causes unwanted consequences ","Accident","Evénement imprévisible aux conséquences non voulues ","accidentes (general)","Cualquier evento no planeado que causa consecuencias no deseadas. ","Unfall","Jedes ungeplante Ereignis, das ungewollte Kosequenzen nach sich zieht. ","Incidente (generico)","Ogni evento imprevedibile e dalle conseguenze indesiderate generalmente negative per chi lo subisce ","事故（一般）","望まぬ結果を引き起こす予期せぬ出来事 "
"http://cv.iptc.org/newscodes/subjectcode/03014000","subj:03014000",,"subj:03014000",,,,"emergency incident","A sudden, unexpected event that requires immediate action ","Situation d'urgence","Evénement imprévu et soudain demandant une action urgente et immédiate ","incidentes de emergencia","Un hecho súbito, inesperado que requiere atención inmediata. ","Notfall","Ein plötzliches, unerwartetes Ereignis, was eine sofortige Reaktion erfordert. ","Emergenza","Evento improvviso e inaspettato che richiede un intervento urgente ed immediato ","緊急事態","即座の対応を必要とする突然で予期しない出来事 "
"http://cv.iptc.org/newscodes/subjectcode/03014001","subj:03014001",,,"subj:03014001",,,"explosion","Sudden eruptions, usually of chemical substances ","Explosion","Eclatement soudain, souvent de substances chimiques ","explosión","Erupción imprevista, usualmente causada por sustancias químicas. ","Explosion","Plötzliche Stichflammen, meistens durch chemischen Substanzen. ","Esplosione","Improvviso scoppio, generalmente provocato da fenomeni fisici o chimici ","爆発","通常、化学物質による突然の噴出(爆発) "
"http://cv.iptc.org/newscodes/subjectcode/03015000","subj:03015000",,"subj:03015000",,,,"disaster (general)","Serious or sudden misfortune ","Désastre","Tous les désastres sérieux et soudains ","catástrofes (general)","Desgracias serias o súbitas. ","Katastrophe","Ernsthaftes und plötzliches Unglück. ","Disastri (generico)","Gravi o improvvise sciagure, Catastrofi ","災害（一般）","重大なあるいは不意な災難 "
"http://cv.iptc.org/newscodes/subjectcode/03015001","subj:03015001",,,"subj:03015001",,,"natural disasters","Destructive incidents caused by the very nature of nature -- hurricanes, earthquakes, floods etc ","Catastrophe naturelle","Désastres provoqués par les éléments naturels comme les ouragans ","desastre natural","Sucesos Destructivos causados por la naturaleza; huracanes, terremotos, inundaciones, etc. ","Naturkatastrophe","Zerstörerische Ereignisse verursacht durch die Natur, wie Hurrikan, Erdbeben, Flut etc. ","Disastri naturali","Incidenti distruttivi causati dai fenomeni naturali. ","自然災害","自然のまさにその本質によって起こされた破壊的な出来事 -- ハリケーン、地震、洪水など "
"http://cv.iptc.org/newscodes/subjectcode/03015002","subj:03015002",,,"subj:03015002",,,"avalanche/landslide","Sudden dislodging of massive amounts of snow or soil. ","Avalanche/Glissement de terrain","Eboulement soudain du sol ou d'une grande quantité de neige ","avalancha/alud","Movimientos imprevistos de masas de nieve o tierra. ","Lawine/Erdrutsch","Plötzliches Verrutschen von großen Schnee- oder Erdmassen. ","Frane, Valanghe","Cedimenti improvvisi con conseguenti dislocazioni di grandi masse di terra o sassi o neve; Slavine ","雪崩・地滑り","大量の雪や土壌が突然移動すること "
"http://cv.iptc.org/newscodes/subjectcode/03016000","subj:03016000",,"subj:03016000",,,,"emergency planning","Planning for actions to deal with sudden, unplanned events ","Prévention et organisation des secours","Plans d'interventions d'urgence ","planificación de emergencia","La planificación de acciones para lidiar contra eventos súbitos o no planeados. ","Katastrophenschutz","Vorbereitung auf Aktionen, um mit unvorhergesehenen Ereignissen umgehen zu können. ","Piani Emergenza","Attività di prevenzione e di pianificazione per affrontare eventi improvvisi e non programmati ","災害対策","不意で、予期せぬ出来事に対処するための行動を計画すること "
"http://cv.iptc.org/newscodes/subjectcode/03017000","subj:03017000",,"subj:03017000",,,,"rescue","An operation to save people, animals or property from harm or danger. ",,,,,"Rettung","Aktion um Menschen, Tiere oder Eigentum vor Verletzung oder Gefahr zu schützen. ","Salvataggio","Operazione condotta per mettere in salvo persone, animali o proprietà da un danno o un pericolo ","救助活動","人間や動物、財産を被害や危険から守るための活動 "
"http://cv.iptc.org/newscodes/subjectcode/04000000","subj:04000000","subj:04000000",,,,,"economy, business and finance","All matters concerning the planning, production and exchange of wealth. ","Economie et finances","Tout ce qui concerne la production, la circulation, la répartition et la consommation des richesses ","economía, negocios y finanzas","Todos los asuntos concernientes a la planificación, producción e intercambio de riqueza ","Wirtschaft und Finanzen","Alle Inhalte, die Planung, Produktion und Austausch von Wohlstand betreffen. ","Economia, affari e finanza","La pianificazione, la produzione, la circolazione, lo scambio e il consumo della ricchezza ","経済・産業","富の計画、産出、交換に関連するすべての事柄 "
"http://cv.iptc.org/newscodes/subjectcode/04001000","subj:04001000",,"subj:04001000",,,,"agriculture","The process of producing natural materials for consumption ","Agriculture","Ensemble des productions végétales et animales destinées à la consommation ","agricultura","El proceso de producción de elementos naturales para el consumo. ","Landwirtschaft/Agrar","Prozess zur Produktion von natürlichen Konsumgütern. ","Agricoltura","Produzione di beni vegetali ed animali destinati al consumo ","農林水産","消費のための天然資材を生産する工程 "
"http://cv.iptc.org/newscodes/subjectcode/04001001","subj:04001001",,,"subj:04001001",,,"arable farming","Production of food in the ground ","Cultures","Travail de la terre, exploitation du milieu naturel ","cultivos agrícolas","Producción de alimentos en la tierra. ","Ackerbau","Gewinnung von Nahrungsmittel aus dem Boden. ","Coltivazioni","Lavorazione della terra affinché essa diventi produttiva e dia frutti per il consumo ","農業","土地を使った食糧生産 "
"http://cv.iptc.org/newscodes/subjectcode/04001002","subj:04001002",,,"subj:04001002",,,"fishing industry","Raising or gathering of fish ","Pêche","Industrie de l'élevage et de la transformation des produits de la pêche ","industria pesquera","Cultivar o reunir el producto de la pesca. ","Fischindustrie","Züchten und Fangen von Fisch. ","Industria ittica","Pesca o allevamento di pesce ","水産","魚介類の養殖または捕獲 "
"http://cv.iptc.org/newscodes/subjectcode/04001003","subj:04001003",,,"subj:04001003",,,"forestry and timber","Production and collection and preparation of wood products for future use ","Exploitation forestière","L'ensemble des activités concernant les fôrets ","silvicultura y madera","Producción, colección y preparación de productos de madera para el futuro. ","Forstwirtschaft","Herstellung, Sammlung und Verarbeitung von Baumbeständen für die zukünftige Nutzung. ","Silvicoltura","Produzione, raccolta e trattamento del legname per vario uso ","林業","将来、使用のための材木製品の生産、採取、準備 "
"http://cv.iptc.org/newscodes/subjectcode/04001004","subj:04001004",,,"subj:04001004",,,"livestock farming","Raising of animals for food ","élevage","Elevage fermier destiné à la consommation ","ganadería","Cultivación de animales para el consumo. ","Tierhaltung","Züchtung von Tieren als Nahrungsmittel. ","Allevamento","Riproduzione e allevamento degli animali destinati al consumo ","畜産","食糧用の動物の飼育 "
"http://cv.iptc.org/newscodes/subjectcode/04001005","subj:04001005",,,"subj:04001005",,,"viniculture","Production of wines from the vines to the finish products ","Viticulture","Industrie du vin et de la vigne ","vinicultura","Producción de viñedos para la elaboración de productos finales. ","Weinbau","Herstellung von Weinen von der Weinrebe bis zum Endprodukt. ","Viticoltura","Coltivazione della vite e produzione del vino ","ブドウ栽培","ワイン醸造用葡萄の栽培 "
"http://cv.iptc.org/newscodes/subjectcode/04001006","subj:04001006",,,"subj:04001006",,,"aquaculture","Growing plants or animals in water for human consumption ","Aquaculture","Culture d'organismes vivants dans l'eau pour la consommation humaine ","acuacultura","Cultivar platas o crian animales en agua para el consumo humano ","Aquakultur","Zucht von Wasserpflanzen und -tieren zum Gebrauch unter kontrollierten Bedingungen ","Acquicoltura","Allevamento e/o produzione di animali e/o piante per il consumo umano sfruttando acque dolci o marine ","養殖","人間の消費のために水中で植物や動物を育てること "
"http://cv.iptc.org/newscodes/subjectcode/04002000","subj:04002000",,"subj:04002000",,,,"chemicals","Natural or manmade materials used to produce other materials ","Chimie","Produits naturels ou non utilisés pour la production d'autres produits ","productos químicos","Materiales naturales o hechos por el hombre para producir otros materiales. ","Chemie","Natürliche oder künstliche Stoffe, um andere Materialien zu erzeugen. ","Produzione Chimica","Processi riguardanti prodotti naturali o di sintesi utilizzati per la realizzazione di altri materiali e/o sostanze ","化学工業","他の材料生成の為に使われる天然または人工の材料 "
"http://cv.iptc.org/newscodes/subjectcode/04002001","subj:04002001",,,"subj:04002001",,,"biotechnology","The business of using engineering technology to study and solved problems of living organisms ","Biotechnologie","Ensemble des procédés et techniques utilisant des processus biologiques à des fins industrielles ","biotecnología","La ciencia que utiliza tecnología ingenieril para estudiar y resolver los problemas de los organizmos vivientes. ","Biotechnologie","Tätigkeiten, die Technologien verwenden, um Probleme und Lösungen von lebenden Organismen zu erforschen. ","Biotecnologia","Insieme dei procedimenti e delle tecniche utilizzati nei processi biologici ","バイオテクノロジー","生有機体の問題を研究したり、解決した工学技術を用いるビジネス "
"http://cv.iptc.org/newscodes/subjectcode/04002002","subj:04002002",,,"subj:04002002",,,"fertiliser","Natural or manmade materials used to encourage the growth of plants ","Engrais","Produits naturels ou non utilisés pour faciliter la pousse des végétaux ","fertilizantes","Material natural o hecho por el hombre para fomentar el crecimiento de las plantas. ","Düngemittel","Natürliche oder künstliche Stoffe, um das Wachstum von Pflanzen zu fördern. ","Fertilizzanti","Prodotti naturali o di sintesi utilizzati per favorire la crescita delle piante ","肥料","植物の生長を促進する為に使用する天然または人工の材料 "
"http://cv.iptc.org/newscodes/subjectcode/04002003","subj:04002003",,,"subj:04002003",,,"health and beauty product","Compilation of chemicals and other substances for use in enhancing ones looks or smell ","Hygiène et Cosmétiques","Produits pour l'embellissement et le soin du visage et de la peau ","productos de salud y belleza","recopilación de quimicos y otras sustancias para exaltar la aparaciencia fisica u olores. ","Kosmetik","Zusammenstellung von chemischen und anderen Stoffen um Aussehen und Geruch zu verbessern. ","Cosmetici, Prodotti per l'igiene","Prodotti e/o sostanze per la bellezza del corpo o per il benessere ","健康・美容","外見や香りの質を高めるために、使用される化学物質やその他の物質の編成物 "
"http://cv.iptc.org/newscodes/subjectcode/04002004","subj:04002004",,,"subj:04002004",,,"inorganic chemical","The branch of chemistry dealing with minerals and metals ","Chimie inorganique","Branche de la chimie relative aux minéraux et aux métaux ","productos químicos inorgánicos","Parte de la química que se encarga de los minerales y metales. ","Anorganische Chemie","Zweig der Chemie, der von Mineralien und Metallen handelt. ","Chimica inorganica","Branca della chimica che tratta la materia inorganica, minerali e metalli ","無機化学","無機物と金属を扱う化学の一分野 "
"http://cv.iptc.org/newscodes/subjectcode/04002005","subj:04002005",,,"subj:04002005",,,"organic chemical","The branch of chemistry dealing with human, animal or carbon-based substances ","Chimie organique","Branche de la chimie relative aux organismes vivants et aux substances carboniques ","productos químicos orgánicos","Parte de la química que se encarga de los humanos, animales o sustancias a base de carbon. ","Organische Chemie","Zweig der Chemie, der von menschlichen, tierischen oder kohlenstoffbasierten Stoffen handelt. ","Chimica organica","Branca della chimica che si occupa degli organismi viventi e della materia a base di carbonio ","有機化学","人間、動物、または有機物質を扱う化学の一分野 "
"http://cv.iptc.org/newscodes/subjectcode/04002006","subj:04002006",,,"subj:04002006",,,"pharmaceutical","The production of medicines from various chemicals and natural substances ","Pharmacie","Production de médicaments à partir de substances naturelles ou chimiques ","productos farmacéuticos","la creación de medicinas a base de varios químicos y sustancias naturales. ","Pharmaindustrie","Die Herstellung von Medizin aus verschiedenen Chemikalien und natürlichen Stoffen. ","Industria Farmaceutica","Produzione di medicine a base di prodotti chimici e/o naturali ","製薬・薬品","さまざまな化学物質と天然の物質からの医薬品製造 "
"http://cv.iptc.org/newscodes/subjectcode/04002007","subj:04002007",,,"subj:04002007",,,"synthetic and plastic","Chemicals used to produce plastics and other artificial substances to be used in manufacturing ","Plastiques et synthétiques","Industrie des plastiques et produits synthétiques ","productos sintéticos y plásticos","Quimicos usados para producir plásticos y otras sustancias artificiales para ser utilizador en manufactura. ","Kunststoff","Chemikalien, die genutzt werden um Plastik und andere künstliche Stoffe für die Industrie zu produzieren. ","Sintetici e plastica","Produzione ed industria della plastica e dei prodotti sintetici ","プラスチック","製造で使用されるプラスチックとその他の人造物質を生成する化学 "
"http://cv.iptc.org/newscodes/subjectcode/04003000","subj:04003000",,"subj:04003000",,,,"computing and information technology","Anything to do with the computing and/or transmission of information from one point to another. ","Informatique et technologie de l'information","Tout ce qui concerne les ordinateurs et la transmission de l'information d'un point à un autre ","computación e informática","Cualquier cosa que tenga que ver con computación y/o transmisión de información de un punto a otro. ","Computer und Informationstechnologie","Alles was die elektronische Verarbeitung und Übertragung von Information von einem Punkt zu einem anderen. ","Informatica e Telecomunicazioni","Quanto concerne con l'elaborazione e il trattamento tecnologico dei dati e con la trasmissione delle informazioni ","ＩＴ産業","コンピュータ処理および(または)通信で行われる情報転送 "
"http://cv.iptc.org/newscodes/subjectcode/04003001","subj:04003001",,,"subj:04003001",,,"hardware","The physical devices used to provide computer services, such as monitors, hard drives, keyboards etc. but can also be used for equipment such as routers, servers and other network devices. ","Matériel informatique","Equipement informatique ou utilisé en informatique ","hardware","los aparatos físicos utilizados para proveer servicios computacionales tales como monitor, disco duro, teclado, etc. ","Hardware","Physikalisches Gerät zur Unterstützung der Dienstleistung eines Computers, wie Monitor, Festplatten, Tastatur etc. kann auch benutzt werden für Ausrüstung wie Router, Server und andere Netzwerkgeräte ","Hardware","Dispositivi e/o apparati informatici o che comunque vengono usati nell'informatica ","ハードウエア","コンピュータサービスを提供する物理的な装置。例えばモニター、ハードディスク、キーボードなどのこと。また、例えばルータ、サーバーや他のネットワーク機器のような装置のことでもある "
"http://cv.iptc.org/newscodes/subjectcode/04003002","subj:04003002",,,"subj:04003002",,,"networking","The interconnectivity between hardware that provides the medium for the transmission of data. ","Réseaux et télécommunications","Interconnexion entre les équipements pour la transmission de données ","interconexión","La interconección entre hardwares que provee elmedio por el cual se transmiten datos. ","Netzwerk","Verbindung zwischen Computern, die den Austausch von Daten ermöglichen. ","Reti e Connessioni","Collegamenti che permettono la trasmissione dei dati e/o informazioni fra diversi apparati ","ネットワーク","データの転送のための手段を提供するハードウェア間の相互接続 "
"http://cv.iptc.org/newscodes/subjectcode/04003003","subj:04003003",,,"subj:04003003",,,"satellite technology","Hardware and software that enables groundbased devices to send signals to each other via an orbiting satellite. ","Satellites","Technologie satellitaire ","tecnología satelital","Hardware y software que permite a aparatos en la tierra enviar señales entre si, a través de una satélite en orbita. ","Satellitentechnologie","Hardware und Software, die Geräte unterstützt um Signale hin und her zusenden via Satellit im Weltraum. ","Tecnologia satellitare","Hardware e software che consentono a servizi a terra di inviare dati attraverso un satellite in orbita ","衛星通信","周回軌道衛星経由で、地上装置が互いに信号を送ることができるようなハードウェアやソフトウェア "
"http://cv.iptc.org/newscodes/subjectcode/04003004","subj:04003004",,,"subj:04003004",,,"semiconductors and active components","The basic components that together create working electronic devices such as computers ","Semiconducteurs","composants électroniques pour la fabrication d'ordinateurs notamment ","semiconductores","Los componentes básicos que juntos permiten la operación de a aparatos electrónicos tales como computadores. ","Elektronik","Grundlegende Komponenten die das Funktionieren elektronischer Geräte ermöglichen, wie beispielsweise Computer. ","Semiconduttori, Componenti elettronici","Componenti base per la fabbricazione ed il funzionamento dei vari meccanismi e strumenti elettronici ","半導体","コンピュータのような電子装置を構成する基礎的な部品 "
"http://cv.iptc.org/newscodes/subjectcode/04003005","subj:04003005",,,"subj:04003005",,,"software","Programming sets that, when installed on hardware, perform specified functions. ","Logiciels","Ensemble de programmes qui une fois installés, réalisent différentes fonctions ","software","Programación que permite -cuando instalado en un compotador- la ejecución de distintas funciones. ","Software","Programme, die bei Installation auf der Hardware bestimmte Funktionen ausführen. ","Software","Programmi che una volta installati su un hardware, lo fanno funzionare per specifiche funzioni ","ソフトウエア","ハードウエアにインストールされた時に、特定の機能を遂行する一連のプログラム "
"http://cv.iptc.org/newscodes/subjectcode/04003006","subj:04003006",,,"subj:04003006",,,"telecommunication equipment","Devices such as telephone sets, voice/data switches, modems etc that facilitate point-to-point voice/data transmissions ","équipement de télécommunication","Equipement de télécommunications comme les téléphones et les modems ","equipos de telecomunicaciones","Aparatos tales com teléfonos, voz/datos intercambiadores, modems, etc,que facilitan la transmision voz-datos de un punto a otro. ","Telekommunikationsinstallation","Geräte wie Telefonanlagen, Modems, Fax etc. die den Austausch von Sprache/Daten erleichtern. ","Sistemi Telecomunicazione","Dispositivi e apparati per le trasmissioni di voce/dati da un punto ad un altro ","通信機器","電話機、音声やデータの交換機、モデムなど、音声やデータ伝送を容易にするような機器 "
"http://cv.iptc.org/newscodes/subjectcode/04003007","subj:04003007",,,"subj:04003007",,,"telecommunication service","Services provided by commercial companies that facilitate connections between telephones, pagers, computers ","Services télécoms","Services de télécommunications fournis par des compagnies commerciales ","servicio de telecomunicaciones","Servicios provistos por compañias comerciales para facilitar las conecciones entre teléfonos, buscapersonas y compoutadores. ","Telekommunikationsdienst","Dienstleistung, die von kommerziellen Firmen angeboten wird, die die Verbindung zwischen Telefonen, Fax und Computern erleichtern. ","Servizi Telecomunicazione","Servizi forniti da compagnie per le connessioni tra dispositivi di telecomunicazione ","通信事業","電話、ポケベル、コンピュータ間の接続を容易にする商事会社によって提供されるサービス "
"http://cv.iptc.org/newscodes/subjectcode/04003008","subj:04003008",,,"subj:04003008",,,"security","To encompass technical developments in hardware and software, basic research and related areas such as cyber security ","Sécurité","Tout ce qui a trait à la sécurité informatique et cybernétique ","seguridad","Abarca desarrollos técnicos en hardware y software, investigación básica y áreas relacionadas como seguridad electrónica. ","Sicherheitstechnologie","Umfasst technische Entwicklungen in Hardware und Software, Forschung und verwandte Gebiete wie Cyber-Sicherheit. ","Sicurezza","Quanto concerne con le reti e gli apparati di sicurezza informatica e cibernetica ","セキュリティー","ハードウェアとソフトウェアにおける技術開発や基礎研究、およびサイバー･セキュリティのようなものに関する分野を含むもの "
"http://cv.iptc.org/newscodes/subjectcode/04003009","subj:04003009",,,"subj:04003009",,,"wireless technology","Transmission of information through means other than point-to-point wired hookups ","Technologie sans-fil","Transmission d'information sans utiliser de fil ou de cable ","tecnologia inalambrica","Transmisión de información a través de otros medios que no sean mediante cables conectados. ","Drahtlose Technologie","Austausch von Informationen mit Mitteln außerhalb der direkten verdrahteten Schaltung. ","Tecnologia wireless","Tecnologie e trasmissione dati da un punto ad un altro con mezzi diversi dalle connessioni via cavo ","無線通信","地点間をケーブルで接続する以外の手段で情報を送信すること "
"http://cv.iptc.org/newscodes/subjectcode/04004000","subj:04004000",,"subj:04004000",,,,"construction and property","All items pertaining to the construction and sale of property ","équipement et immobilier","Industrie de la construction et de l'immobilier ","construcción e inmobiliaria","todos los elementos relacionados a la construccion y venta de propiedades. ","Bau","Alle Inhalte, die den Bau und Verkauf von baulichem Eigentum betreffen. ","Costruzioni, Proprietà","Tutti gli elementi che hanno a che fare con la costruzione e/o la vendita di proprietà immobiliari ","建設・不動産","建設と不動産販売に関係する全ての事柄 "
"http://cv.iptc.org/newscodes/subjectcode/04004001","subj:04004001",,,"subj:04004001",,,"heavy construction","Large scale construction projects, construction of roads, dams, office/factory buildings, offshore and onshore structures, large sport stadiums ","Travaux Publics","Industrie du bâtiment et des travaux publics ","construcción pesada","Proyectos de construcción a gran escala: caminos, represas, edificios de oficinas o fábricas dentro o fuera de la costa. ","Tiefbau","Bau von Straßen, Dämmen, Büro- und anderen Großbauten. ","Grandi Opere","Progetti e costruzioni su larga scala di impianti e/o strutture; Lavori Pubblici ","大規模建設","道路やダム、事務所/工場の建物、沖合いや沿岸の建造物、巨大なスポーツスタジアムのような、大規模な建設プロジェクト "
"http://cv.iptc.org/newscodes/subjectcode/04004002","subj:04004002",,,"subj:04004002",,,"house building","Construction of residences, for private use ","Bâtiment","Construction immobilière privée ","construcción de viviendas","Construcción de viviendas para el uso privado. ","Wohnungsbau","Bau von Wohnraum. ","Edilizia Residenziale","Costruzione di abitazioni per uso privato ","住宅建設","個人用住宅の建設 "
"http://cv.iptc.org/newscodes/subjectcode/04004003","subj:04004003",,,"subj:04004003",,,"real estate","The buying and selling of properties of all types ","Immobilier","Concerne l'achat et vente de biens immobiliers ","bienes raíces","La compra y venta de propiedades de todos los tipos. ","Immobilien","Kaufen und Verkaufen von baulichem Eigentum aller Art. ","Immobiliaristica","Operazioni di compravendita e/o affitto di beni immobiliari ","不動産","あらゆる種類の不動産の売買行為 "
"http://cv.iptc.org/newscodes/subjectcode/04004004","subj:04004004",,,"subj:04004004",,,"farms","Agricultural areas for the production of foodstuffs, including dairy products, fruits and livestock, such as cattle and fish ","Exploitations agricoles","L'ensemble des exploitations agricoles ","granjas","Áreas de agricultura para la producción frutícola, ganado y pescado. ","Landwirtschaftsbau","Landwirtschaftliche Areale zur Nahrungsmittelproduktion wie Milch, Obst und Tierbestand wie Vieh und Fisch. ","Fattorie","Aree agricole per la produzione di generi alimentari, incluso prodotti di latteria, frutta, bestiame, e pesce ","農地","魚や牛など家畜、酪農製品、果物を含む食糧生産のための農業地域 "
"http://cv.iptc.org/newscodes/subjectcode/04004005","subj:04004005",,,"subj:04004005",,,"land price","The price of land in specific zoned areas such as commercial, residential arable as provided by a responsible body ","Foncier","Prix de la propriété foncière ","costo de tierras","El precio de tierras en áreas segmentadas tales como comerciales, residencia, cultibable, y que es determinado por una entidad responsable. ","Grundstückspreis","In Japan, werden durch die Regierung alljährlich regelmäßig Listen mit aktuellen Grundstückspreisen veröffentlicht als ökonomisches Barometer und hoher Verarbeitung in der Presse. ","Prezzo Terreni","Valutazione del prezzo dei terreni a seconda delle specifiche aree e destinazioni d'uso così come stabilito da un ente di competenza ","地価","信頼できる組織によって商業地域や住宅地域などに区画化された特定地域の土地の価格 "
"http://cv.iptc.org/newscodes/subjectcode/04004006","subj:04004006",,,"subj:04004006",,,"renovation","Restoring properties/structures to a former better state by cleaning, repairing or rebuilding. ","Rénovation","Restauration des propriétés et des structures ","renovación","Restauración de propiedades- estructuras otorgandoles un mejor estado mediante limpieza, reparación o reconstrucción. ","Sanierung","Wiederherstellung von Eigentum/Bauwerken in einen ehemaligen Zustand durch Reinigung, Reparatur oder Wiederaufbau. ","Ristrutturazioni","Interventi di restauro di proprietà/strutture con modifiche esterne e/o interne tramite pulitura, riparazione o ricostruzione ","再開発","掃除、修理、再建することにより以前よりよい状態に性質や構造を復元すること "
"http://cv.iptc.org/newscodes/subjectcode/04004007","subj:04004007",,,"subj:04004007",,,"design and engineering","Design and planning by Engineers, Architects etc. of roads, offices, factories, dams , offshore structures, ","Design et ingénierie","Conception et ingénierie des ponts, chaussées, bâtiments ","deseño e ingeniería","Deseño y planeamiento hecho por Ingenieros, Arquitectos, etc., de caminos, oficinas, fábricas, represas u estructuras mas adentro. ","Design und Technik","Design und Planung durch Ingenieure, Architekten etc. von Straßen, Büros, Fabriken, Dämmen, Bauwerken in Gewässern. ","Progettazione, Ingegneria","Progetti di strutture e/o infrastrutture ","土木","道路、オフィス、工場、ダム、海洋構造物をエンジニア、建築家などによって設計および計画すること "
"http://cv.iptc.org/newscodes/subjectcode/04005000","subj:04005000",,"subj:04005000",,,,"energy and resource","Production of electrical power, and the water, air, sunlight, and fuels used to produce them ","énergie et ressources","L'ensemble des ressources servant à produire de l'énergie ","energía y recursos","Producción de energía eléctrica, y agua, aire, luz solar, y los combustibles usados para su producción. ","Energie","Produktion elektrischer Energie und Wasser, Wind, Sonne und Brennstoffe um diese zu erzeugen. ","Energia","Processo di produzione dell'energia elettrica ","エネルギー・資源","電力の生産と、電力を生産するのに必要な水、空気、太陽光やその他の燃料 "
"http://cv.iptc.org/newscodes/subjectcode/04005001","subj:04005001",,,"subj:04005001",,,"alternative energy","Alternative energy business ","énergies alternatives","Les sources d'énergie de remplacement, énergies alternatives ","energía alternativa","Historias de negocios en energía alternativa ","Alternativ-Energien","Das Geschäft mit Alternativen-Energien. ","Energie alternative","Risorse energetiche alternative ","代替エネルギー","代替エネルギービジネスに関する話 "
"http://cv.iptc.org/newscodes/subjectcode/04005002","subj:04005002",,,"subj:04005002",,,"coal","Production and mining of anthracite and bituminous products for use in power production ","Charbon","L'exploitation de charbon et de schistes bitumineux pour la production d'énergie ","carbón","Producción y extracción de productos de carbón y betún utilizados para la protección de energía. ","Kohle","Herstellung und Förderung von Glanz- und Steinkohle zur Energieerzeugung. ","Carbone","Processi di produzione ed estrazione di carbone e prodotti bituminosi usati nella produzione di energia ","石炭","電力生産のために使用する無煙炭やれき青質製品の産出や採鉱 "
"http://cv.iptc.org/newscodes/subjectcode/04005003","subj:04005003",,,"subj:04005003",,,"oil and gas - downstream activities","All matters concerning oil and gas, typically refining and distribution activities ","Pétrole et gaz","La production et le raffinage du pétrole et du gaz ","petróleo y gas secundarios","Asuntos concernientes a petróleo y gas, típicamente actividades de refinería y distribución ","Öl und Gas (Verwertung)","Alle Sachverhalte, die sich auf Öl und Gas beziehen, kennzeichnend hier die Raffinierung und Verteilung. ","Petrolio e Gas, distribuzione","Tutte le attività concernenti raffineria e distribuzione del petrolio e del gas ","石油・ガス業","石油と天然ガスにおける一般的な精製と流通活動に関するすべての事柄 "
"http://cv.iptc.org/newscodes/subjectcode/04005004","subj:04005004",,,"subj:04005004",,,"oil and gas - upstream activities","All matters concerning oil and gas, typically supply chain activities from the reservoir to the refinery gate ","Pétrole et gaz","La distribution du pétrole et du gaz ","petróleo y gas primarios","Asuntos concernientes a petróleo y gas, típicamente actividades de la cadena de abastecimiento desde la reserva hasta la puerta de refinería. ","Öl und Gas (Förderung)","Alle Sachverhalte, die sich auf Öl und Gas beziehen, kennzeichnend hier die Gewinnung und der Transport zur Raffinerie. ","Petrolio e Gas, riserve","Tutte le attività concernenti riserve ed estrazione del petrolio e del gas ","石油・ガス鉱業","石油と天然ガスにおける貯蔵所から精油所ゲートまでの一連の供給活動に関するすべての事柄 "
"http://cv.iptc.org/newscodes/subjectcode/04005005","subj:04005005",,,"subj:04005005",,,"nuclear power","Use of radioactive materials for power production ","énergie nucléaire","L'énergie produite par fission nucléaire ","energía nuclear","Uso de materiales radioactivos para la procucción de energía. ","Atomenergie","Nutzung von radioaktivem Material zur Energiegewinnung. ","Energia nucleare","Attività riguardanti la produzione di energia attraverso la fissione nucleare ","原子力","電力生産のために放射性物質を使用すること "
"http://cv.iptc.org/newscodes/subjectcode/04005006","subj:04005006",,,"subj:04005006",,,"electricity production and distribution","Primarily concerning the power line distribution system, but also the sale of electrical power at wholesale and retail levels ","électricité","Le système de distribution et la vente d'énergie électrique en gros et au détail ","producción y distribución deelectricidad","Lo concerniente a los sistemas de distribución de energía, pero tambien la venta de energía eléctrica al mayor y al por menor. ","Strom","In erster Linie das Energieverteilungsnetz betreffend, aber auch den Verkauf von Energie an den Strommarkt und Verteiler. ","Elettricità","Distribuzione di energia elettrica e varie forme di vendita di essa ","電力","送電のシステムを主な業務とするが、電力の卸売りや小売レベルの業務も行う "
"http://cv.iptc.org/newscodes/subjectcode/04005007","subj:04005007",,,"subj:04005007",,,"waste management and pollution control","The business of waste management and pollution control ","Traitement des déchets","Utilisation des déchets et contrôle de la pollution ","manejo de desechos y control de contaminación","Historias acerca de negocios de desechos y control de la contaminación ","Schadstoff","Angelegenheiten der Abfallverwertung und Verschmutzungskontrolle. ","Trattamento Rifiuti","Trattamento e gestione dei rifiuti e controllo dell'inquinamento ","廃棄物処理","廃棄物処理と汚染物質管理のビジネスについての話 "
"http://cv.iptc.org/newscodes/subjectcode/04005008","subj:04005008",,,"subj:04005008",,,"water supply","The business of providing water for human use ","Alimentation en eau","L'approvisionnement en eau ","suministro de agua","Historias de negocios que proveen agua para uso humano ","Wasser","Angelegenheiten des Gebrauchs-und Trinkwasserschutzes. ","Risorse Idriche","Approvigionamento idrico per uso umano, i bacini idrici ","水道","人間が使用する水の供給ビジネスについての話 "
"http://cv.iptc.org/newscodes/subjectcode/04005009","subj:04005009",,,"subj:04005009",,,"natural resources (general)","The general use of natural resources for business purposes, not focused on specific resources such as coal, oil, gas or water ","Ressources naturelles","L'utilisation des ressources naturelles en général ","recursos naturales (general)","Artículos acerca del uso general de recursos naturales con propósito empresarial, no focalizado en recursos específicos como carbón, petróleo, gas o agua. ","Rohstoff","Die generelle Nutzung natürlicher Ressourcen zu wirtschaftlichen Zwecken, mit Ausnahme von einem bestimmten Bereich, wie Kohle, Öl, Gas oder Wasser.","Risorse naturali (generico)","Generico utilizzo a fini economici o imprenditoriali delle risorse natuali ","天然資源（一般）","石炭、石油、天然ガスあるいは水のような特定資源に焦点をあてない商業目的での天然資源の一般使用に関する記事 "
"http://cv.iptc.org/newscodes/subjectcode/04005010","subj:04005010",,,"subj:04005010",,,"energy (general)","Energy industry, not focused on any specific sector ","énergie","L'industrie de l'énergie en général ","energía (general)","Artículos acerca de energía industrial no focalizados en ningún sector específico. ","Energie","Energiebranche, nicht auf einen bestimmten Bereich konzentriert. ","Energia (generico)","Industria e sistema dell'energia in generale, senza una particolare focalizzazione su un determinato settore ","エネルギー（一般）","どの特定部門にも焦点をあてないエネルギー産業に関する記事 "
"http://cv.iptc.org/newscodes/subjectcode/04005011","subj:04005011",,,"subj:04005011",,,"natural gas","A natural resource, mainly methane in an flammable gaseous state, from the ground ","Gaz naturel","Ressource naturelle, principalement du méthane inflammable, extraite de gisements ","gas natural","Un recurso natural, principalmente metano en un estado gaseoso inflamable, obtenido de la tierra. ","Erdgas","Natürlicher Rohstoff aus der Erde, meist Methan in entflammbarem gasförmigen Zustand. ","Gas naturali","Tutte le attività concernenti i gas estratti dalla terra, principalmente il metano ","天然ガス","地中から採取する天然資源。主に燃えやす状態のメタンガス "
"http://cv.iptc.org/newscodes/subjectcode/04005012","subj:04005012",,,"subj:04005012",,,"petrol","Distilled petroleum product used for automotive fuel, with or without additives ","Essence","Produit pétrolier utilisé pour les véhicules automobiles ","gasolina","Producto destilado del crudo, utilizado para combustible de autos, con o sin aditivos. ","Benzin","Destilliertes Petroleumprodukt zur Nutzung als Brennstoff für Autos, mit oder ohne Zusätze. ","Benzina","Derivato del petrolio utilizzato principalmente come carburante per autotrazione, con o senza aggiunta di additivi ","ガソリン","添加物の有無にか関わらず、自動車の燃料に使用される蒸留石油製品 "
"http://cv.iptc.org/newscodes/subjectcode/04005013","subj:04005013",,,"subj:04005013",,,"diesel fuel","A distilled petroleum product heavier than gasoline used not only for trucks, marine engines, but in certain forms for home heating ","Carburant diesel","Produit pétrolier plus lourd que l'essence utilisé comme carburant et dans le chauffage ","combustible diesel","Un producto destilado del petróleo, más grueso que la gasolina, utilizado no sólo para camiones y motores de barcos, pero en ciertos sistemas de calefacción de edificios. ","Diesel","Destilliertes Petroleumprodukt schwerer als Benzin nicht nur für LKW`s, Seemotoren, sondern auch in spezieller Form zum Heizen. ","Gasolio","Derivato del petrolio utilizzato non soltanto come carburante ma anche per alimentazione di impianti (ad es. riscaldamento) ","ディーゼル燃料","トラック、マリン・エンジンで使用されるだけでなく、ある種の家庭暖房用製品でも使用される、ガソリンより重い蒸留された石油製品 "
"http://cv.iptc.org/newscodes/subjectcode/04005014","subj:04005014",,,"subj:04005014",,,"kerosene/paraffin","A light petroleum distillate used for cooking fuel, aircraft jet engines, lamps, heating and cleaning ","Kérosène","Produit dérivé du pétrole utilisé notamment comme carburant dans l'aviation ","kerosene, parafina","Un destilado liviano del petróleo, utilizado como combustible para cocinas, motores de aviones, lamparas, calefacción y limpieza. ","Kerosin/Paraffin","Ein leichtes Petroleumdestillat als Kochbrennstoff genutzt, Flugzeugmotoren, Lampen, Heizung und zur Reinigung. ","Kerosene","Derivato del petrolio generalmente utilizzato come propellente per motori a reazione ma anche come combustibile per cucinare o illuminare, e per impianti di riscaldamento ","灯油","料理用燃料、航空機ジェットエンジン、ランプ、暖房、および掃除に使用される軽油 "
"http://cv.iptc.org/newscodes/subjectcode/04006000","subj:04006000",,"subj:04006000",,,,"financial and business service","Services that transmit, safeguard, keep track of money or provide backup to commercial enterprises ","Services financiers","Services financiers et aux entreprises ","servicios financieros y comerciales","Servicios que transportan, protegen, observan los cursos de dinero y proveen respaldo a empresas comerciales. ","(Finanz)dienstleistung","Unternehmen die vermitteln, beschützen Geldgeschäfte begleiten, oder Unterstützung anbieten für kommerzielle Unternehmen. ","Servizi finanziari","Servizi riguardanti la movimentazione del denaro o di sostegno alle imprese commerciali ","金融・サービス業","お金の送金、保護手段、入出金の補足、または営利事業に対しての支援を提供する事業 "
"http://cv.iptc.org/newscodes/subjectcode/04006001","subj:04006001",,,"subj:04006001",,,"accountancy and auditing","Services provide balance sheet, budgets reconciliation and examine accuracy of financial statements ","Comptabilité et Audit","L'audit et l'expertise comptable ","contabilidad y auditoría","Servicios que proveen hojas de balance, reconciliación presupuestaria, y examinar la exactitud de estados financieros. ","Wirtschaftsprüfer","Unternehmen die Bilanzen erstellen, Haushalte konsolidieren und die Richtigkeit von Geschäftsberichten prüfen. ","Contabilità, Revisione","Servizi di verifica e controllo forniti per la regolare tenuta della contabilità nelle società ","会計監査","貸借対照表の提供、予算修正および、財務表の精度を調べるサービス "
"http://cv.iptc.org/newscodes/subjectcode/04006002","subj:04006002",,,"subj:04006002",,,"banking","Services for storing, transmitting, receiving and delivery of cash moneys ","Banque","Les services proposés par les banques et assimilés ","servicios bancarios","Servicios que mantienen, transportan, reciven y entregan dinero en efectivo. ","Bank","Unternehmen, die Bargeld lagern, übermitteln, empfangen und verteilen. ","Banche","Vari tipi di servizi bancari ","銀行","現金の貯蓄、送金、授受を行うサービス "
"http://cv.iptc.org/newscodes/subjectcode/04006003","subj:04006003",,,"subj:04006003",,,"consultancy service","Providers of expert knowledge in a wide range of fields usually on a temporary, contract basis ","Consultants","Les services d'expertises et de conseils aux entreprises ","servicios de consultoría","Proveedores expertos con conocimientos en un amplio campo, que regularmente trabajan por temporada o como contratistas. ","Unternehmensberatung","Anbieter von Expertenwissen in vielseitigen Wissensgebieten, meist in Form von Zeitverträgen. ","Consulenze","Servizi a contratto e su base temporanea in grado di fornire alle imprese conoscenze tecniche in vari campi ","コンサルタント","幅広い分野において専門的知識を提供する者。通常は一時的な請負が基本 "
"http://cv.iptc.org/newscodes/subjectcode/04006004","subj:04006004",,,"subj:04006004",,,"employment agency","A service helping people find jobs, and companies to find workers ","Agence pour l'emploi","Lieu où sont répertoriés et proposés des emplois aux chômeurs ","agencias de empleo","Un servicio que ayuda a individuos a encontrar trabajos y a las companias a econtrar empleados. ","Arbeitsvermittlung","Dienst, der Menschen unterstützt einen Arbeitsplatz zu finden und für Firmen Arbeitskräfte vermittelt. ","Agenzie per l'impiego","Servizi per aiutare le persone a trovare un lavoro e le imprese a reperire lavoratori ","人材派遣","人に仕事を斡旋したり会社に人材を派遣するサービス "
"http://cv.iptc.org/newscodes/subjectcode/04006005","subj:04006005",,,"subj:04006005",,,"healthcare provider","Providers of medical services at all levels, including doctors, hospitals etc ","Services de santé","médecins, hôpitaux et autres fournissuers de soins médicaux ","prestadores de servicios de salud","Proveedores de servicios médicos en todos los niveles, incluyendo doctores, hospitales, etc. ","Gesundheitsdienst","Anbieter von medizinischen Diensten auf allen Ebenen, inklusive Ärzte, Kliniken etc.","Servizi Sanitari","Fornitori di servizi sanitari a tutti i livelli, incluso medici, ospedali, ecc... ","医療機関","病院、医師などを含むすべてのレベルにおける医療業務提供者 "
"http://cv.iptc.org/newscodes/subjectcode/04006006","subj:04006006",,,"subj:04006006",,,"insurance","A risk taking venture that allows individuals to pay small amounts periodically to guard financially against unexpected events ","Assurances","Contrat garantissant contre les risques moyennant le paiement de primes régulières ","seguros","Contrato por el que alguien se obliga mediante el cobro de una prima a indemnizar el daño producido ante eventos subitos. ","Versicherung","Ein Risiko tragendes Unternehmen, das einzelnen ermöglicht regelmäßig einen kleinen Beitrag zu zahlen, um finanziell auf unvorhergesehene Ereignisse vorbereitet zu sein. ","Assicurazioni","Società che esercitano l'attività assicurativa. ","保険","定期的に小額を支払うことによって、個人を不測の事態から経済的に保護する、リスクを伴う投機的事業 "
"http://cv.iptc.org/newscodes/subjectcode/04006007","subj:04006007",,,"subj:04006007",,,"legal service","Lawyers and others who help companies and individuals deal with state, federal and local laws ","Service juridique","Les cabinets et services juridiques ","servicios legales","Abogados y otros que ayudan a compañias e individuos a ldiar con las leyes estatales, federales y locales. ","Rechtsberatung","Rechtsanwälte und andere, die Firmen und Einzelnen dabei helfen mit staatlichen, bundesstaatlichen und örtlichen Gesetzen umzugehen. ","Servizi legali","Avvocati e servizi di tipo giuridico di ausilio a società e altri soggetti nelle questioni riguardanti le leggi e normative statali, regionali e locali ","法務","会社や個人が州や連邦、地方の法に対処するのを手助けする弁護士など "
"http://cv.iptc.org/newscodes/subjectcode/04006008","subj:04006008",,,"subj:04006008",,,"market research","A service that tries to determine what people want to buy ","études de marché","Les études et services visant à déterminer ce que les gens veulent acheter ","investigación de mercado","Un servicio que trata de determinar lo que la gente quiere comprar. ","Marktforschung","Dienstleister, der versucht Käuferbedürfnisse zu ermitteln. ","Indagini Mercato","Studi e servizi su desideri ed esigenze dei consumatori rispetto al mercato ","市場調査","人々が何を買いたがっているかを測定しようとするサービス "
"http://cv.iptc.org/newscodes/subjectcode/04006009","subj:04006009",,,"subj:04006009",,,"stock broking","The buying and selling of company shares on behalf of individuals or other entities ","Courtage d'actions","Le courtage en bourse effectué par les agents de change pour le compte de leurs clients ","corretaje de acciones","La compra y venta de acciones de una compañía, que representa a individuos u entidades. ","Börsenmakler","Kaufen und Verkaufen von Firmenanteilen im Auftrag von Einzelnen oder anderen Gremien. ","Negoziazioni Titoli","Servizi per la compravendita di titoli in borsa da parte degli agenti di cambio per conto dei loro clienti ","証券会社","個人や団体に代わって、会社の株を売買すること "
"http://cv.iptc.org/newscodes/subjectcode/04006010","subj:04006010",,,"subj:04006010",,,"personal investing","Personal finance and investment ","Placements personnels","Les placements personnels ","inversiones personales","Finanzas e inversiones personales ","Private Investition","Private Finanzen und Investitionen. ","Investimenti personali","Finanze ed investimenti personali ","個人投資","個人的な資産運用と投資 "
"http://cv.iptc.org/newscodes/subjectcode/04006011","subj:04006011",,,"subj:04006011",,,"market trend","Statistically significant consumer behaviour. ","Tendance du marché","Les tendances de comportement des consommateurs ","tendencias de mercado","Comportamiento de consumidores estadísticamente significativos ","Marktentwicklung","Statistisch relevantes Konsumverhalten. ","Tendenze Mercato","Comportamento dei consumatori e tendenze, rilevati a livello statistico ","消費動向","統計的に顕著な消費者行動 "
"http://cv.iptc.org/newscodes/subjectcode/04006012","subj:04006012",,,"subj:04006012",,,"shipping service","Companies that prepare and transport packages and documents for individuals or companies by any means, including postal services. ","Sociétés de tansport","Les sociétés de transport, y compris postal mais hors déménagement ","servicios de embarque","Compañías que preparan y transportan paquetes y documentos para personas o compañías, incluyendo servicios de correos. ","Kurierdienst","Unternehmen, die Pakete und Dokumente für Einzelne oder Firmen verpacken und auf allen Wegen transportieren, Postdienste miteingeschlossen. ","Spedizioni","Società e servizi di trasporto di documenti e/o pacchi per conto di terzi, inclusi i servizi postali ","配送・郵便","個人や会社のために小荷物や文書を用意して輸送する会社。郵便サービスを含む "
"http://cv.iptc.org/newscodes/subjectcode/04006013","subj:04006013",,,"subj:04006013",,,"personal service","Consumer service that is intangible e.g. beauty care as in hairdressing ","Soins de beauté","Sociétes de services de soins de beauté ","servicios personales","Servicios intangibles para personas, tales como cuidados de belleza o peluquería. ","Körperpflegeservice","Dienstleistung, die nicht ganz greifbar ist, z.B. Kosmetik und Haarpflege. ","Servizi per la persona","Servizi particolari e non tangibili per il consumatore ","サービス業","個人向けサービスとは、例えば美しさをケアする調髪業のような、無形のもの "
"http://cv.iptc.org/newscodes/subjectcode/04006014","subj:04006014",,,"subj:04006014",,,"janitorial service","Companies that provide cleaning and similar services for homes and businesses. ","Sociétés d'entretien","Sociétés effectuant l'entretien de locaux ","servicios de conserjería","Compañías que proveen servicios de limpieza para hogares y empresas. ","Reinigungsservice","Unternehmen, die für private und geschäftliche Kunden Reinigungsdienstleistungen anbieten. ","Servizi Ambientali","Imprese che forniscono servizi di pulizia e similari per la casa, gli uffici o le aziende ","清掃業","家庭やビジネスに対して、清掃や、類似のサービスを提供する会社 "
"http://cv.iptc.org/newscodes/subjectcode/04006015","subj:04006015",,,"subj:04006015",,,"funeral parlour and crematorium","Companies that provide services for disposal of the dead ","Pompes funèbres","Sociétés de pompes funèbres, salons funéraires, crématoriums ","servicios funerarios y de crematorio","Compañías que ofrecen el servicio de eliminación de los restos ","Beerdigungsinstitut","Unternehmen, die Dienstleistungen anbieten im Zusammenhang mit Tod. ","Servizi funebri","Società e imprese di pompe funebri, servizi cimiteriali ","葬祭業","葬祭に関するサービスを提供する会社 "
"http://cv.iptc.org/newscodes/subjectcode/04006016","subj:04006016",,,"subj:04006016",,,"rental service","Companies which provide rentals, including motor vehicles, tuxedos, tools, heavy equipment, and other supplies ","Sociétés de location","Sociétés de location en tous genres ","servicios de arriendo","Compañías de arrendamiento, incluyendo vehículos motores, herramientas, equipamiento pesado y otros insumos ","Mietservice","Unternehmen, die Vermietungen anbieten, Fahrzeuge, Smokings, Werkzeuge, schwere Ausrüstung und andere Angebote. ","Noleggi","Società di noleggio di articoli e/o servizi di vario genere: auto, motoveicoli, vestiti, apparecchiature ecc. ","レンタル業","賃貸商品を提供する会社。自動車、タキシード、道具、重機器、その他を含む "
"http://cv.iptc.org/newscodes/subjectcode/04006017","subj:04006017",,,"subj:04006017",,,"wedding service","Services and products related to the wedding industry ","Services matrimoniaux","Services et produits spécialisés dans les mariages ","servicios de boda","Servicios y productos relativos a la industria de los matrimonios ","Hochzeitsservice","Dienste und Produkte rund um die Hochzeit. ","Servizi matrimoniali","Servizi e prodotti riguardanti l'industria delle nozze: vestiti, ristorazione, addobbi ed arredi, bomboniere ecc. ","結婚サービス","冠婚に関するサービスと製品 "
"http://cv.iptc.org/newscodes/subjectcode/04006018","subj:04006018",,,"subj:04006018",,,"personal finance","An individual's income and expenses ","épargne personnelle","Les réserves financières personnelles à disposition en vue de placements notamment ","finanzas personales","Gastos e ingresos individuales ","Privatfinanzen","Einkommen und Ausgaben einer Privatperson. ","Finanze personali","Entrate ed uscite individuali ","個人収支","個人の収入と支出 "
"http://cv.iptc.org/newscodes/subjectcode/04006019","subj:04006019",,,"subj:04006019",,,"personal income","Money that a person earns and is his/hers to keep or spend ","Revenus personnels","Les gains liés au travail ou au placements ","ingresos personales","Dinero que una persona gana ","Privateinkommen","Verdienst einer Person und was ihm/ihr davon zur Verfügung steht. ","Redditi personali","Redditi individuali ","個人所得","個人が稼ぎ、そして貯蓄または使うお金 "
"http://cv.iptc.org/newscodes/subjectcode/04006020","subj:04006020",,,"subj:04006020",,,"auction service","Sales by bidding ","Ventes anx enchères","Ventes par le biais d'enchères au plus offrant ","servicio de remates","Ventas al mejor postor. ","Auktion","Käufe durch bieten. ","Aste","Servizi di pubblica vendita al migliore offerente ","オークション","入札による販売 "
"http://cv.iptc.org/newscodes/subjectcode/04006021","subj:04006021",,,"subj:04006021",,,"printing/promotional service","Production of printed matter such as flyers, ads, signs etc ","Reprographie","Production de matériel imprimé comme des prospectus, livrets ","impresión-servicio promocional.","Producción de material impreso tales como panfletos, avisos, letreros, etc. ","Druckdienstleister","Produktion von Druckmaterialien wie Flyer, Werbeplakate, Schilder etc. ","Servizi di stampa, promozionali","Produzione di materiale stampato come volantini, annunci, insegne, ecc... ","看板・ちらし","チラシ、広告、看板などのような印刷物の作成 "
"http://cv.iptc.org/newscodes/subjectcode/04006022","subj:04006022",,,"subj:04006022",,,"investment service","Financial advisers, as opposed to stock dealers or consultants ","Conseillers financiers","Personnes qui conseillent des placements à leurs clients ","servicio de inversiones","Consejos financieros relativos a acciones, corredores de bolsa o consultores. ","Investmentdienst","Finanzberater, entgegen Börsenhändlern und -beratern. ","Servizi Investimento","Servizi di consulenza finanziaria forniti a clienti ","投資顧問","ストック･ディーラーやコンサルタントに対立するものとしての金融アドバイザー "
"http://cv.iptc.org/newscodes/subjectcode/04007000","subj:04007000",,"subj:04007000",,,,"consumer goods","Items produced for and sold to individuals ","Distribution","Les biens non durables destinés à la consommation ","bienes de consumo","Artículos producidos para ser vendidos a individuos. ","Konsumgüter","Waren, die für Individuen produziert und an sie verkauft werden. ","Beni Consumo","Articoli prodotti per essere venduti ","流通","個人向けに生産して販売する商品 "
"http://cv.iptc.org/newscodes/subjectcode/04007001","subj:04007001",,,"subj:04007001",,,"clothing","Items of apparel to wear ","Habillement","Ensemble des vêtements que l'on porte ","vestuario","Artículo de vestir ","Bekleidung","Waren, die als Kleidung getragen werden. ","Abbigliamento","Articoli di vestiario da indossare ","衣料","身に着ける衣料品 "
"http://cv.iptc.org/newscodes/subjectcode/04007002","subj:04007002",,,"subj:04007002",,,"department store","Stores largely devoted to the sale of clothing to individuals ","Grands magasins","Magasins comportant différents rayons sur plusieurs étages ==== Magasins à rayons multiples ","tiendas por departamentos","Tiendas grandes destinadas a la venta de ropa y otros artículos. ","Warenhaus/Kaufhaus","Große Läden, die bestimmt sind um Sachen für Einzelne anzubieten. ","Grandi magazzini","Grandi strutture di vendita al consumo di articoli di vario genere ","百貨店","個人向けの衣類販売に重きを置く店舗 "
"http://cv.iptc.org/newscodes/subjectcode/04007003","subj:04007003",,,"subj:04007003",,,"food","Fruits, vegetables, breads, meats for human consumption ","Alimentation","Fruits, légumes, pains, viandes pour la consommation humaine ","alimentos procesados para la venta","Frutas, vegetales, pan, carnes, etc, para el consumo humano. ","Nahrungsmittel","Früchte, Gemüse, Brot, Fleisch zum Verzehr für Menschen. ","Alimenti","Frutta, verdure, pane, carne per il consumo umano ","食品","人間が摂取すための果物や野菜、パン、肉 "
"http://cv.iptc.org/newscodes/subjectcode/04007004","subj:04007004",,,"subj:04007004",,,"mail order","Items sold through and delivered by mail ","Vente par correspondance","Achat/vente de produits divers par correspondance ","venta por correo","Artículos vendidos y entregados a través del correo. ","Versandhandel","Waren, die auf dem Postweg verkauft und versendet werden. ","Vendita per corrispondenza","Vendita e acquisti di prodotti di vario genere consegnati per posta ","通信販売","郵便を通じて販売して郵便で配送する品目 "
"http://cv.iptc.org/newscodes/subjectcode/04007005","subj:04007005",,,"subj:04007005",,,"retail","The last stage in the sales chain ","Commerce de détail","Vente au détail, directement au consommateur, dernier maillon de la chaîne de vente ","venta minorista","ültimo punto en la cadena de ventas. ","Einzelhandel","Die unterste Stufe in der Handelshierarchie. ","Dettaglio","L'ultimo anello della catena delle vendite, vendita direttamente al consumatore ","小売","一連の販売経路における最後の段階 "
"http://cv.iptc.org/newscodes/subjectcode/04007006","subj:04007006",,,"subj:04007006",,,"speciality store","Retail outlets that specialize in categories such as shoes, coats, power tools, etc ","Commerce spécialisé","Magasin de vente au détail de produits spécialisés ","tiendas de especialidades","Negocios que se especializan en la venta de un tipo de producto en particular, tales como zapatos, abrigos, herramientas, etc. ","Fachhandel","Verkaufsstelle im Einzelhandel, die spezialisiert ist auf bestimmte Waren, wie z.B. Schuhe, Mäntel, elektronisches Werkzeug, etc. ","Negozi specializzati","Esercizi di vendita al dettaglio specializzati in categorie: scarpe, cappotti, elettronica ecc. ","専門店","靴、コート、電動工具など、ある特定のカテゴリーを専門に扱う小売店 "
"http://cv.iptc.org/newscodes/subjectcode/04007007","subj:04007007",,,"subj:04007007",,,"wholesale","The first link in the sales chain after production ","Grossistes","Maillon intermédiaire de la chaîne de vente situé entre le producteur et le consommateur ","venta mayorista","Primer punto en la cadena de ventas. ","Großhandel","Die oberste Stufe in der Handelshierarchie im Anschluss an die Produktion. ","Ingrosso","Il primo anello della catena delle vendite dopo la produzione; Grossisti ","卸売","生産後の販売経路における最初の段階 "
"http://cv.iptc.org/newscodes/subjectcode/04007008","subj:04007008",,,"subj:04007008",,,"beverage","Liquid consumables, both alcoholic and non-alcoholic ","Distribution de boissons","Tout élément liquide, alcoolisé ou non, que l'on peut boire ","bebidas","Liquidos consumiblesñ ambos alcohólicos y no alcohólicos. ","Getränke","Konsumierbare Getränke, alkoholische und nicht-alkoholische. ","Bevande","Beni di consumo liquidi, sia alcolici sia analcolici ","飲料","液体消費財。アルコールを含む、含まないに関わらない "
"http://cv.iptc.org/newscodes/subjectcode/04007009","subj:04007009",,,"subj:04007009",,,"electronic commerce","Buying and selling items through the Internet ","Commerce électronique","e-commerce, vente/achat sur internet ","comercio electrónico","Compra y venta de productos a traves de la Internet. ","E-Commerce","Kaufen und Verkaufen im Internet. ","Commercio elettronico","Compravendita di articoli attraverso l'utilizzo di internet; E-commerce ","電子商取引","インターネットを通じて品目を売買すること "
"http://cv.iptc.org/newscodes/subjectcode/04007010","subj:04007010",,,"subj:04007010",,,"luxury good","Leather bags, jewellery, haute couture, accessories etc ","Commerce de luxe","Ensemble des produits de luxe ","suntuarios","Carteras de cuero, joyería, alta costura, accesorios, etc. ","Luxusgüter","Ledertaschen, Schmuck, gehobene Mode, Accessoires etc. ","Beni di lusso","Prodotti di lusso: gioielleria, alta moda, accessori firmati, pelletteria, ecc... ","ブランド品","革バッグ、宝石類、オートクチュール、アクセサリなど "
"http://cv.iptc.org/newscodes/subjectcode/04007011","subj:04007011",,,"subj:04007011",,,"non-durable good","Lighters, pens and stationery, tableware, watches, glasses etc ","Biens de consommation","Ensemble des biens de consommation ","artículos perecibles","Encendedores, lapiceras y artículos de escritorio, vajilla, relojes, lentes, etc. ","Gebrauchsgüter","Lampen, Stifte und Schreibwaren, Geschirr, Uhren, Brillen etc. ","Beni non durevoli","Beni di consumo quali accendini, penne e articoli di cancelleria, stoviglie, orologi, ecc. ","日用雑貨","ライター、文房具類、食器、腕時計、めがねなど "
"http://cv.iptc.org/newscodes/subjectcode/04007012","subj:04007012",,,"subj:04007012",,,"toy","Children's plaything ","Jouets","Objets avec lesquels jouent les enfants ","juguete","Cosas con las que juegan los niños. ","Spielwaren","Spielzeug für Kinder. ","Giocattoli","Beni principalmente destinati al gioco dei bambini ","玩具","子供のおもちゃ "
"http://cv.iptc.org/newscodes/subjectcode/04008000","subj:04008000",,"subj:04008000",,,,"macro economics","Broad scale economics and the world or national level ","Macro économie","Macro-économie ","macroeconomía","Escala amplia de la economía, a nivel mundial o nacional. ","Volkswirtschaft","Wirtschaftsraum auf nationaler oder internationaler Ebene. ","Macroeconomia","Economia su larga scala, a livello mondiale o nazionale ","マクロ経済","スケールの大きい経済分析。全世界、もしくは一国のレベル "
"http://cv.iptc.org/newscodes/subjectcode/04008001","subj:04008001",,,"subj:04008001",,,"central bank","A country's major bank that sets interest rates, and provides transfer of funds between commercial banks ","Banques centrales","Etablissement, généralement public, fixant les taux d'intérêts et règlant les échanges interbancaires ","bancos centrales","Principal banco de un país, el que fija las tazas de interés y realiza la transferencia de fondos entre bancos comerciales. ","Zentralbank","Die größte Bank eines Landes, die den Zinssatz festlegt und den Austausch von Geldflüssen zwischen kommerziellen Banken steuert. ","Banche centrali","Istituzioni bancarie al centro del sistema finanziario degli Stati, che fissano i tassi di interesse e vigilano sull'attività delle altre banche ","中央銀行","国の銀行。主な業務に金利の設定や通常の銀行との間でお金のやり取りなどがある "
"http://cv.iptc.org/newscodes/subjectcode/04008002","subj:04008002",,,"subj:04008002",,,"consumer issue","Those issues, such as prices, inflation/deflation, quality of goods, at the retail sales level ","Consommation","Tous les sujets relatifs à la consommation et aux consommateurs au niveau de la vente au détail ","problemas del consumidor","Aquellos asuntos tales como precios, inflación/moderación, calidad de bienes, a niveles de ventas por menor. ","Verbraucher/Konsument","Sachverhalte wie Preise, Inflation/Deflation, Warenqualität auf der Ebene des Einzelhandels. ","Consumatori","Questioni come prezzi, inflazione/deflazione, qualità dei beni, considerate al livello di vendita al dettaglio ","消費者問題","小売段階における、価格、インフレ・デフレ、商品の品質などに関する問題 "
"http://cv.iptc.org/newscodes/subjectcode/04008003","subj:04008003",,,"subj:04008003",,,"debt market","Market for trading debt instruments such as bonds, CDs, bankers acceptances, T bills, notes, IOUs etc ","Marché obligataire","Marchés pour négocier des obligations ou des bons ","mercados de deuda","Mercado de intercambio para instrumentos de deuda tales como bonos, aprobaciones bancarias, depositos certificados, etc. ","Kapitalmarkt","Markt für den Handel mit Schuldeninstrumentarien wie Wertpapiere, Banksicherheiten, Bargeld. ","Mercato emissioni obbligazionarie e titoli","Mercato riguardante strumenti di debito come obbligazioni, certificati di deposito, titoli obbligazionari a breve termine, Buoni del tesoro ecc. ","債権市場","債券、CD(譲渡可能定期預金証書)、銀行引受手形、割引債、手形、IOU(借用証書)などの債務証券を売買する市場 "
"http://cv.iptc.org/newscodes/subjectcode/04008004","subj:04008004",,,"subj:04008004",,,"economic indicator","Certain indexes, such as company inventories, the movement of prices that show whether the economy is improving or declining ","Indicateurs économiques","Indicateurs permettant de mesurer la santé d'une économie ","indicadores económicos","Ciertos indices tales como inventarios de compañias, y el movimiento de precios que indican si la economía mejora o declina. ","Konjunktur","Verschiedene Indizes, wie Warenbestände von Unternehmen, Preisbewegungen, die anzeigen, ob die Wirtschaftslage sich verbessert oder verschlechtert. ","Indici economici","Indici quali il movimento dei prezzi che permettono di valutare lo stato di salute dell'economia, Indicatori economici ","経済指標","企業の在庫量のように、経済が向上か減退であるかを示す物価動向の正確な指数 "
"http://cv.iptc.org/newscodes/subjectcode/04008005","subj:04008005",,,"subj:04008005",,,"emerging market","Those markets that are struggling to enter the world economies and those requiring financial help from international lenders ","Pays émergents","Pays en développement cherchant à entrer dans le commerce mondial et ceux ayant besoin de l'aide internationale ","mercados emergentes","Aquellos mercados que luchan para entrar a las economias mundiales y aquellos que requieren de ayuda financiera de prestamistas internacionales. ","Schulden/Schwellenland","Die Märkte die kämpfen, um den weltweiten Wirtschaftsmarkt zu erreichen und die finanzielle Hilfe fordern von internationalen Kreditgebern. ","Mercati emergenti","Mercati dei paesi in via di sviluppo che stanno sforzandosi per entrare nel sistema economico mondiale e di quelli che chiedono aiuti internazionali ","新興国市場","世界経済に参加するように奮闘し、国際的な金融機関からの財政援助を必要とする市場 "
"http://cv.iptc.org/newscodes/subjectcode/04008006","subj:04008006",,,"subj:04008006",,,"foreign exchange market","The trading of shekels, dinars, euros dollars etc around the world through regulated markets ","Marché des changes","Marché des changes fixant la valeur des devises entre elles ","mercados de divisas","El cambio de pesos, dinarios, euros, dólares, etc., alrededor del mundo a través de mercados regulados. ","Devisenmarkt","Der Welthandel mit Schekel, Dinar, Euro, Dollar etc. auf geregelten Märkten. ","Mercato Cambi","Operazioni sui cambi esteri che determinano ogni giorno il prezzo delle varie valute, ogni divisa rispetto all'altra ","為替","シュケル、ディナール、ユーロなど世界中のお金を、監督された資本市場を通して売買すること "
"http://cv.iptc.org/newscodes/subjectcode/04008007","subj:04008007",,,"subj:04008007",,,"government aid","Supply of financial and other help by one government, usually to another ","Aide publique","Aide publique, généralement financière, apportée par un pays à un autre ","ayuda estatal","Suplir ayuda financiera o de otro tipo, normalmente de un gobierno a otro. ","Subventionen","Finanzielle und andere Unterstützung durch eine Regierung, in der Regel Unterstützung einer anderen Regierung. ","Aiuto pubblico","Sovvenzioni, aiuti finanziari o di altro tipo da parte del governo, generalmente nei confronti di un altro ","政府援助","ある国が、通常、他の国に対して、財政その他の支援を行うこと "
"http://cv.iptc.org/newscodes/subjectcode/04008008","subj:04008008",,,"subj:04008008",,,"government debt","The amount a government owes on bonds, services and for goods and services for which it has no ready cash ","Dette publique","Les sommes dues par les pouvoirs publics ","deuda estatal","El monto que un gobierno adeuda en bonos, servicios o bienes por los cuales y por los cuales no existe efectivo. ","Staatsverschuldung","Die Menge, die eine Regierung an festverzinslichen Wertpapieren, Dienstleistungen und Waren schuldet und Leistungen für die sie kein Bargeld zahlen kann. ","Debito pubblico","L'ammontare dell'indebitamento che lo Stato ha accumulato verso i propri cittadini o verso l'estero per coprire il suo fabbisogno finanziario ","国債","国が保有する債券(国債)やサービス、あらかじめお金が用意されていないモノやサービスの総計 "
"http://cv.iptc.org/newscodes/subjectcode/04008009","subj:04008009",,,"subj:04008009",,,"interest rate","The amount of money one must pay to borrow money ","Taux d'intérêts","Taux d'intérêt payé par l'emprunteur ou servi au prêteur ","tasas de interés","El monto de dinero que uno debe pagar cuando solicita dinero prestado. ","Zinsen","Die Menge des Geldes, die jemand für geliehenes Geld zahlen muss. ","Tassi interesse","Rapporto tra l'interesse pagato ed il capitale prestato ","金利","お金を借り入れた際に支払わなければならないお金の総計 "
"http://cv.iptc.org/newscodes/subjectcode/04008010","subj:04008010",,,"subj:04008010",,,"international economic institution","Entities such as UNIDO, World Bank, World Trade Organization, the Import-Expert Bank etc that deals at a world level ","Institutions économiques internationales","Institutions internationales telles que le PNUD, la Banque mondiale, l'OMC, etc. ","instituciones económicas internacionales","Entidades tales como UNIDO, Banco Mundial, La Organización de Cambio Internacional, el banco Import'Export, etc,que realizan transaciones a nivel mundial. ","Internationale Wirtschaftsinstitution","Organisationen wie die UNIDO, Weltbank, WTO, etc. die auf der ganzen Welt vertreten sind. ","Istituzioni economiche internazionali","Istituzioni internazionali quali Banca Mondiale, o WTO , operanti a livello mondiale ","国際経済機関","世界レベルで取引を行う、UNIDO(国際連合工業開発機関)、世界銀行、世界貿易機関や、輸入業務に精通した銀行などを指す "
"http://cv.iptc.org/newscodes/subjectcode/04008011","subj:04008011",,,"subj:04008011",,,"international (foreign) trade","Trade of goods and services between nations ","Commerce International","Les échanges commerciaux entre pays ","comercio internacional (extranjero)","Intercambio de bienes y servicios entre naciones. ","Welthandel","Handel von Gütern und Dienstleistungen zwischen Ländern. ","Commercio Estero","Scambio commerciale di beni e servizi tra le nazioni, che si concretizza in importazioni ed esportazioni; Commercio internazionale ","貿易","国家間のモノとサービスについての取引 "
"http://cv.iptc.org/newscodes/subjectcode/04008012","subj:04008012",,,"subj:04008012",,,"loan market","The market where money is available to borrow, at certain rates of interest ","Financement","Le marché monétaire ","mercados crediticios","El mercado donde el dinero esta disponible para prestamos, a un nivel de interes determinado. ","Kreditmarkt","Markt, auf dem Geld erhältlich ist zu bestimmten Leihkonditionen. ","Mercato monetario","Mercato dove la moneta viene venduta e acquistata a determinati tassi di interesse ","貸付市場","一定の利率で資金を借りることが可能な市場 "
"http://cv.iptc.org/newscodes/subjectcode/04008013","subj:04008013",,,"subj:04008013",,,"economic organization","Business, industrial and trade associations, societies and other private-sector groups. ","Organisations économiques","Associations privées d'entreprises industrielles, commerciales ou de services ","organizaciones económicas","Asociaciones de empresas, industriales y de comercio, sociedades y otros organismos del sector privado. ","Wirtschaftsorganisation","Wirtschafts-, Industrie- und Handelsunternehmen, Gesellschaften oder andere Gruppen auf dem privaten Sektor. ","Organizzazioni economiche","Associazioni private delle imprese, degli industriali, commerciali o dei servizi ","経済団体","ビジネス、産業,貿易等の関連団体や協会、その他の民間グループ "
"http://cv.iptc.org/newscodes/subjectcode/04008014","subj:04008014",,,"subj:04008014",,,"consumer confidence","Reports on consumer confidence in the economy. ","Confiance des consommateurs","La confiance des consommateurs dans la croissance de l'économie ","confianza del consumidor","Reportes de la confianza del consumidor en la economía. ","Verbraucherschutz","Berichte über die Zufriedenheit der Verbraucher mit der Wirtschaft. ","Fiducia Consumatori","Studi e Resoconti sulla fiducia dei consumatori rispetto all'andamento dell'economia ","消費者信頼度","消費者信頼度 "
"http://cv.iptc.org/newscodes/subjectcode/04008015","subj:04008015",,,"subj:04008015",,,"trade dispute","International dispute over trade barriers, cartels, dumping etc. ","Conflit commercial","Conflit commercial international sur les barrières douanières, la consitution de monopoles, d'ententes anti-concurrence, etc. ","disputa comercial","Disputas internacionales sobre barreras de comercio, carteles y dumping. ","Handelsstreitigkeit","Internationale Streitigkeiten über Handelsbeschränkungen, Kartelle, Dumping etc. ","Dispute commerciali","Controversie internazionali riguardanti barriere commerciali, cartelli, vendite sottocosto all'estero. ","貿易摩擦","カルテル、ダンピングなど、貿易障害についての国際紛争 "
"http://cv.iptc.org/newscodes/subjectcode/04008016","subj:04008016",,,"subj:04008016",,,"inflation and deflation","An increase in the amount of money in circulation and thereby a rise in prices; deflation, tighter monetary policy causing lower prices ","Inflation et déflation","Hausse ou baisse des prix conséquence du montant élevé ou bas de l'argent en circulation ","inflación y deflación","Aumento en la cantidad de dinero en circulación y por ende, genera laza en los precios. Deflación,: estrecha política monetaria que causa que los precios sean mas majos. ","Inflation und Deflation","Die Zunahme der Geldmenge, die in Umlauf ist und die daraus resultierenden Preissteigerungen, Deflation, stärkere Geldwertpolitik, um die Preise zu senken. ","Inflazione, Deflazione","Innalzamento o Abbassamento dei prezzi in conseguenza dell'aumento o meno della quantità di denaro in circolazione ","インフレ・デフレ","インフレーション：流通しているお金の量の増加と、それによる物価の上昇。デフレーション：物価下落を誘引している金融政策 "
"http://cv.iptc.org/newscodes/subjectcode/04008017","subj:04008017",,,"subj:04008017",,,"prices","The monetary value of goods, services or stocks and bonds ","Prix","La valeur d'un bien ","precios","Valor monetario de bienes, servicios, acciones y bonos. ","Preis","Der Geldwert von Waren, Dienstleistungen oder festverzinslichen Wertpapiere und Aktien. ","Prezzi","Valore di merci, servizi o titoli, espresso in termini monetari ","物価","商品、サービスあるいは株式･債券の金額的価値 "
"http://cv.iptc.org/newscodes/subjectcode/04008018","subj:04008018",,,"subj:04008018",,,"currency values","The value of one currency as measured against another ","Changes","Le cours des monnaies entre elles ","valor cambiario","Valor de una moneda con respecto a otra. ","Währung","Der aktuelle Wert einer Währung im Verhältnis zu einer anderen. ","Valute","Valore di una valuta paragonata ad un'altra ","為替水準","他の通貨と比較して算出された通貨の価値 "
"http://cv.iptc.org/newscodes/subjectcode/04008019","subj:04008019",,,"subj:04008019",,,"budgets and budgeting","A method of balancing revenues against expenses ","Budget","prévision des recettes et dépenses ","presupuestos","Método para medir ingresos y egresos contra los gastos. ","Haushaltsplan","Methode das Gleichgewicht zwischen Einnahmen und Ausgaben auszubalancieren. ","Bilancio","Documento riguardante l'andamento di una società fra entrate ed uscite ","予算","出費に対して収入のバランスをとるための方法 "
"http://cv.iptc.org/newscodes/subjectcode/04008020","subj:04008020",,,"subj:04008020",,,"credit and debt","Credit: the amount of money available to you, often by loan. Debt, the amount you owe. ","Crédit","Crédit : l'argent disponible, dette : l'argent dû ","crédito y débito","Crédito: Cantidad de dinero disponible para que Ud., casi siempre como préstamo. Deuda, cantidad que debe. ","Kredit- und Schuldensumme","Kredit: Geldhöhe, die jemandem zur Verfügung steht, meistens als Leihgabe. Schulden, Geldhöhe, die jemand schuldig ist. ","Credito, Debito","Il primo è la somma di denaro disponibile, il secondo è la somma dovuta ","貸付・債務","クレジット：ローン等によって、ある人が入手可能な金額。負債：ある人が借りている金額 "
"http://cv.iptc.org/newscodes/subjectcode/04008021","subj:04008021",,,"subj:04008021",,,"loans","An agreement by one individual or institution to temporarily disperse money to another, with an agreed rate and time for its return ","Prêts","Les sommes prêtées par une personne où une institution pour une durée limitée dans le temps et avec paiement d'intérêts ","préstamos","Acuerdo por medio del cual un individuo o institución se disperse temporalmente dinero a otro, con un tasa acordad para su devolución. ","Kreditgewährung","Eine Übereinkunft zwischen zwei Einzelpersonen oder Institutionen für einen begrenzten Zeitraum Geld zu verleihen zu einer vereinbarten Rate innerhalb eines Rückzahlungszeitraums. ","Prestiti","Somme erogate da una persona o da un ente ad altri per una durata limitata di tempo e dietro il pagamento di interessi ","ローン","双方が利率と返却期間について合意の上で行う、個人あるいは団体による一時的な金銭賃借契約 "
"http://cv.iptc.org/newscodes/subjectcode/04008022","subj:04008022",,,"subj:04008022",,,"mortgages","The loan of money for the purpose of purchasing a property, whether land or building. Or, for homeowners to repair or maintain properties, often based on owner equity in a property ","Emprunts immobiliers","Les emprunts immobiliers ","hipoteca","Préstamo de dinero para adquirir una propiedad, ya sea un terreno o edificio, o para que los dueños reparen o mantengan las propiedades, que generalmente se basan en la equidad del dueño en la propiedad ","Hypothek","Darlehen mit der Absicht Eigentum zu kaufen, sowohl Land als auch Gebäude. Oder für Hausbesitzer um den Besitz zu renovieren oder instand zu halten, meist basierend auf Eigenkapital in Form von Eigentum. ","Ipoteca","Garanzia sopra i beni del debitore o di terzi, che attribuisce al creditore il potere di espropriare i beni recuperando il credito in caso di inadempienza del primo; Prestito per l'acquisto di una proprietà , terreno o edificio. ","住宅ローン","土地、建物に関わらず、不動産を購入する目的で行う賃借契約。不動産所有者が生活しつつ物件の修繕を行ったり、あるいは維持するためにしばしば用いる金の貸与契約 "
"http://cv.iptc.org/newscodes/subjectcode/04008023","subj:04008023",,,"subj:04008023",,,"financial markets","Institutions set up to trade the shares or other financial paper of companies or other organizations, can also include currency trading ","Marchés financiers","Les marchés financiers où s'échangent les actions des sociétés côtées en bourse ","mercado financiero","Instituciones que negocian acciones o cualquier otro titulo de valor de compañías u organizaciones, puedan también incluir el intercambio de divisas. ","Finanzmarkt","Institutionen, die mit Anteilen oder anderen Finanzpapieren von Unternehmen oder anderen Organisationen handeln, kann auch Währungsgeschäfte beinhalten. ","Mercati finanziari","Mercati dove vengono negoziati titoli e altri documenti finanziari di compagnie o altre società, che possono anche includere il commercio di valute ","金融市場","企業もしくは組織が発行する株式、あるいは他の有価証券を売買するために制定された制度(市場)。通貨取引を含ませることができる "
"http://cv.iptc.org/newscodes/subjectcode/04008024","subj:04008024",,,"subj:04008024",,,"commodity markets","The bartering or trading of goods such as cotton, oil, coal, metals, etc ","Marchés des matières premières","Les marchés des matières premières ","mercado de materias primas","Intercambio de bienes como algodón, petróleo, cobre, metales, etc. ","Warenbörse","Tauschgeschäft und Verkauf von Waren, wie Baumwolle, Öl, Kohle, Metalle etc. ","Mercati Materie prime","Scambio o commercio di beni come cotone, petrolio, carbone, metalli, ecc... ","商品市場","物々交換、あるいは綿、石油、石炭、金属などの商品の取引を行う市場 "
"http://cv.iptc.org/newscodes/subjectcode/04008025","subj:04008025",,,"subj:04008025",,,"investments","Speculative purchases of corporate instruments, of commodities, currencies, or parts thereof ","Investissements","Les investissements spéculatifs ","inversiones","Especulativa compra de instrumentos empresariales como materias primas, divisas, etc. ","Investition","Spekulative Käufe von kollektiven Maschinen, Rohstoffen, Währungen oder Teilen davon. ","Investimenti","Acquisti a fini speculativi di strumenti societari, materie prime, valute o parti di essi ","投機","企業の器材、商品、通貨などを投機的に購入すること "
"http://cv.iptc.org/newscodes/subjectcode/04008026","subj:04008026",,,"subj:04008026",,,"stocks","Corporate paper that gives an individual an ownership right to a part of a company's earnings ","Parts de société","Les parts de société ","acciones","Documento empresarial que otorga a un individuo un derechos de propiedad a una determinada parte de las ganancias de una empresa. ","Aktien","Firmenpapier, das einer Einzelperson das Eigentumsrecht auf einen Gewinnanteil verleiht. ","Azioni","Certificati che rappresentano una quota di capitale sociale di una spa e danno fra l'altro al proprietario il diritto ad una quota degli utili ","株式","企業の所得の一部に個人的な所有権を与える、企業が発行する有価証券 "
"http://cv.iptc.org/newscodes/subjectcode/04008027","subj:04008027",,,"subj:04008027",,,"bonds","Corporate or governmental paper representing the loan of money at a fixed rate and for a fixed time to that company or government ","Obligations","Les obligations, emprunts à taux fixe et à durée limitée émis par l'Etat ou des entreprises ","bonos","Documento empresarial o gubernamental que representa el préstamo de dinero a una tasa de interés ya acordada que se le presta a una compañía o gobierno. ","Anleihe","Firmen- oder Regierungspapier, das die Leihgabe von Geld zu einem festgelegten Preis und Zeitraum für diese Firma oder Regierung auszeichnet. ","Obbligazioni","Certificati societari o di governo che rappresentano il prestito di denaro ad un tasso fisso e per un dato tempo ","債券","固定利率、固定期間で企業や政府に対してお金を貸与していることを表す、企業や政府が発行する有価証券 "
"http://cv.iptc.org/newscodes/subjectcode/04008028","subj:04008028",,,"subj:04008028",,,"mutual funds","Pools of shares or bonds for sale often grouped by investment intention, such as growth, income or security ","Fonds d'investissement","Fonds mutuels d'investissement, paniers d'actions où d'obligations ","fondos mutuales","Fondo de acciones o bonos a la venta generalmente agrupadas por la intención de invertir, tal como crecimiento de ingreso y seguridad. ","Investmentfonds","Pools von Anteilen oder festverzinslichen Wertpapieren zum Verkauf, oft gesammelt mit Investitionsabsicht in Wachstum, Einkommen oder Sicherheit. ","Fondi mutuabili","Capitali a disposizione per essere prestati, spesso raggruppati per un investimento; Fondi d'Investimento ","投資信託","成長性、収益性、安全性などを考慮した株式もしくは債券、あるいはこれらの組み合わせに対する共同出資。日本では「mutual fund(ミューチュアルファンド)」は会社型投資信託の意 "
"http://cv.iptc.org/newscodes/subjectcode/04008029","subj:04008029",,,"subj:04008029",,,"derivative securities","Financial instruments such as futures, swaps and options, used for risk management, whose characteristics and value depend upon the characteristics and value of an underlying instrument, such as a commodity, bond, equity or currency. ","Produits dérivés","Instruments financiers utilisés dans la gestion à terme des investissements risqués ","titulos negociables","Instrumentos financieros cuyas características y valor dependen del valor de un instrumento adyacente, como una materia prima, bono o moneda . ejemplo de derivados que incluyen mercado de futuros, intercambios y opciones. Los inversionistas profesio ","Derivate","Finanzinstrumente, wie Futures, Swaps und Optionen, die für das Risikomanagement genutzt werden und deren Wert sich nach den Kursschwankungen oder den Preiserwartungen von anderen Investments richten, wie Rohstoffe, festverzinsliche Wertpapiere, Dividende. ","Titoli derivati","Strumenti finanziari, utilizzati nella gestione a termine di investimenti a rischio ","金融派生商品","商品、債券、資本、もしくは通貨の特性や価値を基にして創られた金融商品。先物、スワップ、オプションなどを含む。プロの投資家が扱う "
"http://cv.iptc.org/newscodes/subjectcode/04008030","subj:04008030",,,"subj:04008030",,,"imports","What is bought abroad and brought into a country for resale ","Importations","Les biens et services achetés à l'étranger pour être commercialisés dans un pays ","importaciones","Es lo que se compra y se trae el país para volverlo a vender. ","Import","Alles was im Ausland erworben und zum Wiederverkauf ins Land gebraucht wurde. ","Importazioni","Beni e servizi comprati all'estero per poi essere commercializzati in un paese ","輸入","外国で買い付け、国内で再販すること "
"http://cv.iptc.org/newscodes/subjectcode/04008031","subj:04008031",,,"subj:04008031",,,"exports","What is produced or manufactured in your country and sent and sold elsewhere ","Exportations","La vente et le transport à l'étranger des produits nationaux ","exportaciones","Es lo que se produce y se fabrica en su propio país, y se envía y vende en otro lugar. ","Export","Alles was im eigenen Land hergestellt und produziert und überallhin verkauft und versendet wird. ","Esportazioni","Beni prodotti e/o confezionati in un paese per poi essere inviati e venduti in altri paesi; Merci nazionali destinate all'estero ","輸出","自国で生産/製造された後、他の地域に配送し、販売すること "
"http://cv.iptc.org/newscodes/subjectcode/04008032","subj:04008032",,,"subj:04008032",,,"trade agreements","Government level agreements between countries for the sale and purchase of goods and services ","Accords commerciaux","Les accords commerciaux entre pays pour l'achat et la vente de biens et services ","acuerdos comerciales","Acuerdo el gobierno entre países para la compra y venta de bienes y servicios. ","Handelsabkommen","Verträge zwischen Ländern auf Regierungsebene für den An- und Verkauf von Gütern und Dienstleistungen. ","Accordi commerciali","Accordi fra nazioni o gruppi di nazioni riguardanti reciproci privilegi nell'import-export ","貿易協定","商品やサービスの販売や購入に関する政府間協定 "
"http://cv.iptc.org/newscodes/subjectcode/04008033","subj:04008033",,,"subj:04008033",,,"trade policy","Governmental decisions on tariffs, shipping, embargoes, and the types or kinds of goods and services to be imported and exported ","Politique commerciale","Les décicions gouvernementales sur le type de bien et services pouvant être ou non exportés et importés ainsi que sur les tarifs ","política comercial","Decisiones del gobierno en relación a aranceles, embarques, embargos, y clases y tipos de bienes y servicios que importan y exportan. ","Handelsbeschränkung / Embargo","Regierungsentscheidungen über Tarife, Verschiffung, Embargos und welche Güter und Dienstleistungen importiert und exportiert werden dürfen. ","Politica commerciale","Attività di intervento dello Stato nei rapporti economici con altri stati: decisioni su tariffe, spedizioni, embarghi, ecc. ","貿易政策","関税、出荷、通商停止、及び輸出入する商品やサービスの種類に関する政府決定 "
"http://cv.iptc.org/newscodes/subjectcode/04008034","subj:04008034",,,"subj:04008034",,,"business enterprises","Organizations set up usually for profit-making purposes by creating and selling a product or service ","Entrepises","Affaire ou entreprise créé dans le but de faire des bénéfices en créant ou en vendant un produit ou un service ","empresas","Organizaciones que generalmente están dirigidas a beneficencia creando y vendiendo un producto o servicio. ","Unternehmen","Zusammenschlüsse, die ein Produkt oder Dienstleistung anbieten, mit der Absicht diese gewinnbringend zu verkaufen. ","Imprese","Imprese con scopo di lucro creando e vendendo un prodotto o un servizio ","企業","主に、製品やサービスを生み出したり、販売することによって利益を得ることを目的として設立された組織 "
"http://cv.iptc.org/newscodes/subjectcode/04008035","subj:04008035",,,"subj:04008035",,,"tariff","Fees placed on goods imported or exported, often punitive ","Droits de douane","Taxes imposées aux marchandises importées ou exportées, souvent punitives ","tarifas","Aranceles agregados a los bienes importados o exportados, frecuentemente punible. ","Zoll","Gebühren, die auf importierte und exportierte Waren erhoben werden, meist strafend. ","Tariffe","Tasse imposte su beni importati o esportati ","関税","輸出や輸入の際に商品に(しばしば厳しく)課せられる手数料 "
"http://cv.iptc.org/newscodes/subjectcode/04008036","subj:04008036",,,"subj:04008036",,,"trade balance","The difference between the financial value of imports and exports ","Balance commerciale","Différence entre la valeur financière des importations et des exportations ","balanza de cambios","la diferencia entre el valor financiero de las importaciones y exportaciones. ","Handelsbilanz","Die finanzielle Differenz zwischen Import und Export in Bezug auf den Warenwert. ","Bilancia commerciale","Differenza in valore finanziario tra le importazioni e le esportazioni ","貿易収支","輸入と輸出の金融価値の差異 "
"http://cv.iptc.org/newscodes/subjectcode/04009000","subj:04009000",,"subj:04009000",,,,"market and exchange","Organized entities for buying and selling stocks, currencies, commodities and other goods ","Marchés","Entité organisée dans la vente et l'achat d'actions, de monnaies, de matières premières et autres biens ","mercados y bolsas","Entidades organizadas para la compra y venta de stocks, monedas, propiedades y otros bienes. ","Markt und Börse","Organisierte Körperschaften, die Aktien, Währungen, Rohstoffe und andere Güter kaufen und verkaufen. ","Mercati, Borse","Enti organizzati per la compravendita di azioni, valute, materie prime ed altri beni ","取引所","株式、通貨、産物、日用品、その他の商品を売買するための組織 "
"http://cv.iptc.org/newscodes/subjectcode/04009001","subj:04009001",,,"subj:04009001",,,"energy","Stories related to energy trading and markets ","Marché énergie","Les histoires liées au marché et à la vente d'énergie ","energía","Historias relacionadas al comercio y mercados energéticos ","Energie","Artikel im Kontext von Energiehandel und Energiemarkt. ","Energia","Mercati per il commercio dell'energia ","エネルギー取引所","エネルギー貿易と市場に関連する記事 "
"http://cv.iptc.org/newscodes/subjectcode/04009002","subj:04009002",,,"subj:04009002",,,"metal","Markets for trading base metals such as copper, aluminium, steel, zinc etc ","Métaux","Les bourses aux métaux : cuivre, aluminium, fer, zinc, etc. ","metales","Mercados para transar metales básicos como cobre, aluminio, acero, cinc, etc. ","Metall","Märkte um Metalle wie Kupfer, Aluminium, Stahl und Zink etc. zu handeln. ","Metallo","Mercati per il commercio dei metalli come rame, alluminio, ferro, zinco, ecc... ","金属取引所","銅、アルミ、鋼鉄、亜鉛などの卑金属の取引に関する市場 "
"http://cv.iptc.org/newscodes/subjectcode/04009003","subj:04009003",,,"subj:04009003",,,"securities","Markets for trading types of company paper such as stocks and bonds ","Bourse","Les bourses de titres où s'échangent actions et obligations ","valores","Mercados para transar documentos tales como acciones y bonos. ","Wertpapier","Märkte um festverzinsliche Wertpapiere und Aktien zu handeln. ","Titoli, Valori mobiliari","Mercati per il commercio dei titoli ","証券取引所","株式や債券などの会社が発行する様々な種類の有価証券を取引する市場 "
"http://cv.iptc.org/newscodes/subjectcode/04009004","subj:04009004",,,"subj:04009004",,,"soft commodity","Trading in commodities such as cotton, sugar, sorghum, soybeans etc. ","Denrées ??????????","Les bourses de matières premières telles que le coton, le sucre, etc. ","productos textiles","Transacciones de surtidos tales como algodón, azucar, granos, legumbres, etc. ","Bonds und Futures/Obligation","Handel mit Rohstoffen wie Baumwolle, Zucker, Zuckerrohr, Sojabohnen etc. ","Beni non durevoli","Commercio riguardante prodotti come cotone, zucchero, sorgo, soia, ecc... ","商品取引所","綿、砂糖、もろこし、大豆など金属以外の取引 "
"http://cv.iptc.org/newscodes/subjectcode/04010000","subj:04010000",,"subj:04010000",,,,"media","The various means of disseminating news and information to the public ","Médias","Tous les moyens de large diffusion de l'information au public ","medios de difusión","Los variados medios que diseminan las noticias e informaciones hacia el público. ","Medien","Verschiedene Mittel für die Verbreitung von Informationen und Nachrichten in der Öffentlichkeit.","Media","Vari mezzi di comunicazione di massa per la diffusione di notizie e informazione al pubblico ","メディア","ニュースや案内を一般に広める様々な手段 "
"http://cv.iptc.org/newscodes/subjectcode/04010001","subj:04010001",,,"subj:04010001",,,"advertising","Methods of promoting goods and service to consumers through video, graphics, print text etc ","Publicité","Les méthodes pour promouvoir des biens et services auprès des consommateurs ","publicidad","Metodo de promoción de bienes y servicios al consumidor, a traves de videos, gráficos, textos, etc. ","Werbung","Methoden Waren und Dienstleistungen dem Kunden anzupreisen mit Hilfe von Videos, Grafiken, Text etc. ","Pubblicità","Metodi per la promozione di beni e/o servizi al consumatore attraverso video, grafici, testi stampa, ecc... ","広告","映像、グラフィック、印刷物などを通じて、消費者に対してモノとサービスの販売を促進する手段 "
"http://cv.iptc.org/newscodes/subjectcode/04010002","subj:04010002",,,"subj:04010002",,,"book","The business of producing and selling bound media, whether fiction or non-fiction ","édition","La production et la vente de textes écrits qu'ils soient de fiction ou non ","libros","EL negocio de producir y vender publicaciones, ya sean de ficción o no ficción. ","Bücher/Verlag","Das Geschäft gebundene Medien zu produzieren und zu verkaufen, sowohl Belletristik als auch Sachliteratur. ","Editoria","Produzione e vendita di mezzi di comunicazione stampati ","出版","フィクション、ノンフィクションにかかわらず、装丁(製本)されたものを、製作したり売ったりする商売 "
"http://cv.iptc.org/newscodes/subjectcode/04010003","subj:04010003",,,"subj:04010003",,,"cinema industry","The business of cinema ","Cinéma","Les histoires liées à l'industrie du film ","cine","Historias relacionadas al negocio del cine ","Filmindustrie","Film als Geschäft.","Industria cinematografica","Il cinema come industria ","映画産業","映画のビジネスに関連する記事 "
"http://cv.iptc.org/newscodes/subjectcode/04010004","subj:04010004",,,"subj:04010004",,,"news agency","Commercial agencies for production and distribution of newsworthy events through print, broadcast, video or electronic media ","Agences de presse","Sociétés commerciales produisant et hiérarchisant l'information et la distribuant par écrit, par radio, par vidéo ou par média électronique ","agencias noticiosas","Agencias comerciales para la producción y distribución de eventos noticiosos a traves de texto, transmisión, video o medios electrónicos. ","Nachrichtenagentur","Kommerzielle Agenturen, die nachrichtenrelevante Ereignisse aufbereiten und verbreiten durch Presse, Fernsehen, Video oder elektronische Medien. ","Agenzie di stampa","Agenzie d'informazione che producono e diffondono notizie attraverso supporti di vario genere: stampa, trasmissioni, video o mezzi elettronici, ecc. ","通信社","印刷、放送、ビデオあるいは電子メディアを使って、報道価値のある出来事の著作および配布を行う商業機関 "
"http://cv.iptc.org/newscodes/subjectcode/04010005","subj:04010005",,,"subj:04010005",,,"newspaper and magazine","The business of producing bound and unbound printed paper products for periodic distribution of news items ","Journaux et périodiques","Publications d'informations, imprimées et le plus souvent illustrées, à parution périodiques ","diarios y revistas","El negocio de producir medios escritos o gráficos impresos, para las distribución periodica de noticias. ","Presse","Das Geschäft mit gebundenen und ungebundenen gedruckten Papiermaterial zur regelmäßigen Verbreitung von Nachrichten. ","Quotidiani e periodici","Pubblicazioni d'informazione a stampa a cadenza giornaliera o periodica ","新聞・雑誌","様々な記事を定期的に配信するために、印刷された紙製品を、製本するかどうかに関わらず、生産する商売 "
"http://cv.iptc.org/newscodes/subjectcode/04010006","subj:04010006",,,"subj:04010006",,,"online","The business of distributing news and information through computer networks for public consumption ","Services en ligne","La distribution au public d'informations et de nouvelles par les réseaux informatiques ","en línea","El negocio de distribuir noticias e informaciones mediante una red de computadores, para el uso público. ","Online","Das Geschäft mit der Verbreitung von Nachrichten und Informationen über Computernetzwerke für den öffentlichen Gebrauch. ","On line","Distribuzione al pubblico di notizie e informazioni attraverso Internet ","オンラインニュース","一般消費者向けのコンピュータ・ネットワークを通じて、ニュースや情報を提供する商売 "
"http://cv.iptc.org/newscodes/subjectcode/04010007","subj:04010007",,,"subj:04010007",,,"public relation","The job of promoting products and services through advertising campaigns and/or through person-to-person contact or through news releases ","Relations publiques","La promotion de produits et de services par des campagnes de publicités, des contacts personnels et des communiqués de presse ","relaciones públicas","Trabajo en el cual se promocionan productos y servicios mediante campañas de avisos y/o a persona a persona, o a través de comunicados de prensa. ","Öffentlichkeitsarbeit","Tätigkeit Produkte und Dienstleistungen anzupreisen durch Werbekampagnen, und/oder Kundenkontakt oder Nachrichtenverbreitung. ","Pubbliche Relazioni","Attività di promozione di prodotti e servizi attraverso campagne pubblicitarie, contatti personali, comunicati stampa ","広報","広告キャンペーンや、個人対個人の接触を通じて、あるいはニュース・リリースを通じて、製品やサービスを促進する仕事 "
"http://cv.iptc.org/newscodes/subjectcode/04010008","subj:04010008",,,"subj:04010008",,,"radio industry","Business of radio ","Industrie de la Radio","Les histoires liés à l'industrie de la radio ","radio","Historias relacionadas al negocio de la radio ","Radioproduktion","Radio als Geschäft","Industria Radiofonica","La radio come industria ","ラジオ局","ラジオのビジネスに関連する記事 "
"http://cv.iptc.org/newscodes/subjectcode/04010009","subj:04010009",,,"subj:04010009",,,"satellite and cable service","The business of transmitting of news, entertainment and information via satellite or cable television services ","Câble et satellite","La transmission de l'information via les services de télévision par câble ou sattellite ","servicios satelitales y de cable","El negocio de transmitir noticias, entretenimiento e información via satélite o servicio televisivo de cable. ","Satellit und Kabelservice","Das Geschäft mit der Übertragung von Nachrichten, Unterhaltung und Informationen durch Satelliten oder Kabelfernsehen. ","Servizi via satellite e via cavo","Trasmissione delle informazioni per mezzo di servizi televisivi via cavo o via satellite ","衛星・ＣＡＴＶ局","衛星またはケーブルテレビのサービスを使って、ニュース、娯楽および情報を送信するビジネス "
"http://cv.iptc.org/newscodes/subjectcode/04010010","subj:04010010",,,"subj:04010010",,,"television industry","Business of television ","Industrie de la télévision","Les histoires liées à l'industrie de la télévision ","televisión","Historias relacionadas al negocio de la televisión ","Fernsehproduktion","Fernsehen als Geschäft.","Industria televisiva","La televisione come industria ","テレビ局","テレビのビジネスに関連する記事 "
"http://cv.iptc.org/newscodes/subjectcode/04010011","subj:04010011",,,"subj:04010011",,,"music industry","Recording, production, marketing of music ","Industrie musicale","Enregistrement, production et marketing musicaux ","industria musical","Grabación, producción y mercadeo de música. ","Musikindustrie","Aufnahme, Produktion, Marketing von Musik. ","Industria musicale","La musica come industria: registrazione, produzione, commercio, ecc. ","音楽産業","楽曲の録音、制作、マーケティング "
"http://cv.iptc.org/newscodes/subjectcode/04011000","subj:04011000",,"subj:04011000",,,,"manufacturing and engineering","Manufacturers of electrical, electronic and mechanical equipment but does not cover civil engineering. ","Industries métallurgiques et mécaniques","Fabrication d'équipement électrique, électronique et mécanique autre que l'ingénierie civile ","manufactura e ingeniería","Manufactura de equipos electricos, electrónicos y mecánicos, pero no incluye la ingeniería civíl. ","Metall und Technische Industrie","Hersteller von elektrischer, elektronischer und mechanischer Ausrüstung, umfasst nicht das Ingenieurwesen. ","Metallurgia e Meccanica","Industria produttrice di apparecchi elettrici, elettronici e meccanici, ma non riguardante l'ingegneria civile ","製造業","電気装置、電子装置、あるいは機械装置の製造業者、しかし土木工事まではカバーしない "
"http://cv.iptc.org/newscodes/subjectcode/04011001","subj:04011001",,,"subj:04011001",,,"aerospace","Companies that assemble or manufacture components for airplanes and space ships. ","Industrie aéronautique et de l' espace","Compagnies qui assemblent ou fabriquent des composants pour des avions ou des engins spatiaux ","aeroespacial","Compañias que emsamblan o producen componentes para aviones o naves espaciales. ","Flug- und Raumfahrttechnik","Firmen, die Komponenten für Flugzeuge und die Raumfahrt zusammenbauen oder herstellen. ","Aerospaziale","Produzione o montaggio di componenti per aeroplani e/o astronavi ","航空宇宙","航空機や宇宙船の部品を組み立てたり製造したりする会社 "
"http://cv.iptc.org/newscodes/subjectcode/04011002","subj:04011002",,,"subj:04011002",,,"automotive equipment","Companies that produce components for automobiles ","Industrie automobile","Compagnies qui produisent des composants pour les automobiles ","equipos automotrices","Compañias que producen componentes para automoviles. ","Automobilindustrie","Firmen die Komponenten für Autos herstellen. ","Automobilistica","Produzione di componenti per automobili ","自動車部品","自動車用部品を生産する会社 "
"http://cv.iptc.org/newscodes/subjectcode/04011003","subj:04011003",,,"subj:04011003",,,"defence equipment","Manufacturers of guns, tanks, cannons, ships etc for the military and non-military protection services ","Industrie de défense","Fabricants d'armes et de matériel militaire ou de protection ","equipos de defensa","Fabricantes de armas, tanques, cañones, navíos, etc, para los servicios de protección militares y no militares. ","Rüstung","Hersteller von Gewehren, Kanonen, Panzern und Schiffen etc. für militärische und nicht-militärische Sicherheitsdienste. ","Armamenti","Produzione di fucili, carri armati, cannoni, navi ecc., per i servizi di protezione militare e non ","防衛産業","軍用、非軍用を問わず、防御サービス用の船、大砲、戦車、銃器などを製造するメーカー "
"http://cv.iptc.org/newscodes/subjectcode/04011004","subj:04011004",,,"subj:04011004",,,"electrical appliance","Makers of large and small electrical goods for use in homes or business ","équipement électrique","Fabricants de matériel électrique ","artefactos eléctricos","Fabricantes de productos eléctricos para el uso industrial o domestico. ","Elektroindustrie","Hersteller von großen und kleinen Elektrowaren für den privaten und geschäftlichen Gebrauch. ","Elettrodomestici","Produzione di grandi e piccoli elettrodomestici per il loro uso in casa o per aziende ","電機","家庭または企業で使われる大小電気製品のメーカー "
"http://cv.iptc.org/newscodes/subjectcode/04011005","subj:04011005",,,"subj:04011005",,,"heavy engineering","Manufacturers of cranes, bulldozers and the like for use in major construction projects ","Mécanique lourde","Fabricants de matériel lourd pour les grands projets de construction ","ingeniería pesada","Diseñadores y manufacturadores de gruas, palas mecánicas y otros similares, que son utilizados en grandes construcciones. ","Anlagenbau","Herstellung von Krähnen, Bulldozern und ähnliches für den Gebrauch bei großen Bauprojekten. ","Ingegneria pesante","Produzione di gru, bulldozer e simili per il loro uso nei grandi progetti di costruzione ","重工業","大規模な建設事業に使用するクレーン、ブルドーザやそれに準ずる重機の製造業者 "
"http://cv.iptc.org/newscodes/subjectcode/04011006","subj:04011006",,,"subj:04011006",,,"industrial component","Manufacturers of mechanical, electrical, electronic items needed in the manufacture of other items ","Composants industriels","Fabricants de composants mécaniques, électriques ou électroniques pour d'autres fabricants ","componentes industriales","Fabricantes de elementos mecánicos, electricos y electronicos, necesarios para manufacturacion de otros equipos. ","Zulieferindustrie","Hersteller von mechanischen, elektrischen und elektronischen Produkten, die zur Herstellung anderer Produkte benötigt werden. ","Componenti industriali","Produzione di articoli meccanici, elettrici, elettronici necessari alla produzione di altri articoli ","部品製造","他の製品を製造するのに必要な機械、電気、電子部品の製造業者 "
"http://cv.iptc.org/newscodes/subjectcode/04011007","subj:04011007",,,"subj:04011007",,,"instrument engineering","Manufacturers of instruments for calibration, measurement of things like speed, pressure, distance ","contrôle et mesure","Fabricants d'instruments de contrôle et de mesure ","ingeniería de instrumentos","Fabricantes de instrumentos de calibración, medición de velocidad, presión, distancia, etc. ","Gerätebau","Hersteller von Instrumenten zur Eichung, Messungen von Dingen wie Geschwindigkeit, Druck und Entfernung. ","Strumentazioni","Produzione di strumenti di calibratura e misurazione ","計器","速度や圧力、距離などの測定や調整をする装置の製造業者 "
"http://cv.iptc.org/newscodes/subjectcode/04011008","subj:04011008",,,"subj:04011008",,,"shipbuilding","Manufacturers of ships, submarines, barges. ","Construction navale","Construction de bateaux, navires, sous-marins ","astilleros","Fabricantes de navíos, submarinos y bascazas. ","Schiffbau","Hersteller von Schiffen, U-Booten oder Lastkähnen. ","Cantieri navali","Produzione di barche, navi, ecc. ","造船","船、潜水艦、遊覧船の製造業者 "
"http://cv.iptc.org/newscodes/subjectcode/04011009","subj:04011009",,,"subj:04011009",,,"machine manufacturing","Manufacturers of turbines, engines, fans , pumps , motors and components for powered equipment. ","Machine outil","Fabricants de turbines, moteurs, hélices, pompes ","fabricación de máquinas","Fabricantes de turbinas, motores, ventiladores, bombas y componentes que potencian equipos. ","Maschinenbau","Hersteller von Turbinen, Maschinen, Pumpen, Ventilatoren, Motoren und Komponenten für schwere Ausrüstung. ","Macchinari","Produzione di turbine, motori, ventole, pompe, macchine e componenti per motori ","機械","動力装置用の部品や、タービン、エンジン、ファン、ポンプ、モータの製造業者 "
"http://cv.iptc.org/newscodes/subjectcode/04012000","subj:04012000",,"subj:04012000",,,,"metal and mineral","Production and refining of ores into metals ","Métaux et minéraux","La production et la transformation des minerais en métaux ","metales y minerales","Producción y refinamiento de minerales en metales. ","Metall und Mineralien","Herstellung und Verfeinerung von Mineralien zu Metall. ","Metalli, Minerali","Produzione e raffinazione dei minerali in metalli ","金属","鉱石を金属へと精製し生産すること "
"http://cv.iptc.org/newscodes/subjectcode/04012001","subj:04012001",,,"subj:04012001",,,"building material","Manufacture of materials like wallboard, lumber wiring for the building industry ","Matériaux de construction","La fabrication des matériaux utilisés par l'industrie de la construction ","materiales de construcción","Producción de materiales tales como planchas de yeso y alambres para la industria de la construcción. ","Baustoff","Fertigung von Materialien wie Bauplatten, Holzbefestigungen für die Bauindustrie. ","Materiali edili","Produzione di materiali utilizzati nell'edilizia ","建設資材","建設業における壁材、材木、配線などの材料の製造業者 "
"http://cv.iptc.org/newscodes/subjectcode/04012002","subj:04012002",,,"subj:04012002",,,"gold and precious material","Mining, refining and sales of gold and other precious metals ","Or et métaux précieux","La production, la transformation et la vente de l'or et des autres métaux précieux ","oro y materiales preciosos","Mineria, refinamiento y venta de oro y otros metales preciosos. ","Gold/Edelmetall","Gewinnung, Verfeinerung und Verkauf von Gold und anderen wertvollen Metallen. ","Oro, Materiali preziosi","Estrazione, raffinazione e vendita di oro e altri materiali preziosi ","貴金属","金やその他の貴金属の採掘、精製、販売 "
"http://cv.iptc.org/newscodes/subjectcode/04012003","subj:04012003",,,"subj:04012003",,,"iron and steel","Mining, refining and sales of iron-based metals ","Sidérurgie","La production, la transformation et la vente des métaux ferreux ","fierro y acero","Mineria, refinamiento y venta de metales a base de hierro. ","Eisen/Stahl","Gewinnung, Verfeinerung und Verkauf von eisenhaltigen Metallen. ","Siderurgia","Estrazione, raffinazione e vendita di metalli a base di ferro ","鉄鋼","鉄基金属の採掘、精製、販売 "
"http://cv.iptc.org/newscodes/subjectcode/04012004","subj:04012004",,,"subj:04012004",,,"non ferrous metal","Mining, refining and sales of copper, zinc, aluminium, and other metals not based on iron ","Métaux non ferreux","La production, la transformation et la vente des métaux non-ferreux tels que le cuivre et l'aluminium ","materiales no ferrosos","Mineria, refinamiento y venta de cobre, cinc, aluminio y otros metales no a base de hierro. ","Nichteisenmetall","Gewinnung, Verfeinerung und Verkauf von Kupfer, Zink, Aluminium und anderen nicht-eisenhaltigen Metallen. ","Metalli non ferrosi","Produzione, trasformazione e vendita di metalli non a base di ferro, come rame, zinco, alluminio ","非鉄金属","銅、亜鉛、アルミニウムおよび鉄に基づかない金属の採掘、精製、販売 "
"http://cv.iptc.org/newscodes/subjectcode/04012005","subj:04012005",,,"subj:04012005",,,"mining","The industry of digging for metals, raw materials such as coal, or precious gems such as diamonds ","Mines","L'industrie minière et la production de matière brute ","minería","La industria que escaba por metales y materiales brutos como carbón, o piedras preciosas como diamantes. ","Bergbau","Industriezweig, der nach Metallen oder Rohstoffen wie Kohle, oder wertvollen Edelsteinen wie Diamanten gräbt. ","Miniere","Estrazioni minerarie ","鉱業","金属、石炭のような原鉱石、ダイヤモンドのような貴金属を掘削する産業 "
"http://cv.iptc.org/newscodes/subjectcode/04013000","subj:04013000",,"subj:04013000",,,,"process industry","The business of turning raw materials into useable products ","Industries de transformation","L'industrie de transformation des matières brutes ","industrias de elaboración","El negocio de transformar materiales brutos en productos usables. ","Verarbeitende Industrie","Das Geschäft aus Rohstoffen nützliche Produkte herzustellen. ","Industria Trasformazione","Trasformazione delle materie prime in prodotti che possono essere usati ","加工業","原鉱石を有用な生産物に変える商売 "
"http://cv.iptc.org/newscodes/subjectcode/04013001","subj:04013001",,,"subj:04013001",,,"distiller and brewer","Manufacture of alcoholic beverages ","Boissons alcoolisées","L'industrie de fabrication de boissons alcooliques ","destilerías y cervecerías","Fabricación de bebidas alcoholicas. ","Alkoholische Getränke/Brauerei","Herstellung alkoholischer Getränke. ","Distillerie, Birrerie","Produzione di bevande alcoliche ","醸造","アルコール飲料の製造 "
"http://cv.iptc.org/newscodes/subjectcode/04013002","subj:04013002",,,"subj:04013002",,,"food","The business of processing, distributing and selling for basic human consumption ","Alimentation","L'industrie agro-alimentaire et le commerce de distribution et de vente des produits alimentaires de base ","alimentos","El negocio de procesar, distribuir y vender productos básicos para el consumo humano. ","Nahrungsmittel","Das Geschäft mit der Erzeugung, Verteilung und dem Verkauf von Grundbedarfsmitteln. ","Alimentare","Industria agro-alimentare, commercio, distribuzione e vendita dei prodotti alimentari ","食品","人間の基礎的消費物(食品)を加工、配送、販売する仕事 "
"http://cv.iptc.org/newscodes/subjectcode/04013003","subj:04013003",,,"subj:04013003",,,"furnishings and furniture","Manufacture of furniture, wallpaper, paints and fabrics for interior decoration ","Meubles et décoration","L'industrie de l'ameublement, du papier peint, de la peinture et des tissus pour la décoration d'intérieur ","muebles y decoración","Fabricación de muebles, papel mural, pinturas y telas para decoración interior. ","Möbel","Fertigung von Möbeln, Tapete, Farben und Erzeugnisse zur Inneneinrichtung. ","Arredamento, Mobili","Produzione di mobili, carta da parati, vernici e tessuti per la decorazione di interni ","インテリア","インテリア装飾のための家具、壁紙、塗料、生地の製造 "
"http://cv.iptc.org/newscodes/subjectcode/04013004","subj:04013004",,,"subj:04013004",,,"paper and packaging product","Production of paper material for writing, wrapping, printing, or packaging ","Papier et emballage","La papeterie, le papier d'imprimerie et d'emballage ","productos de papel y embalaje","Producción de materiales de papel para escribir, envolver, imprimir o empacar. ","Papier/Verpackung","Produktion von Papiermaterial zum Schreiben, Einwickeln, Drucken oder Verpacken. ","Carta, Imballaggi","Produzione di materiale cartaceo per scrivere, incartare, stampare o imballare ","製紙","書き物用、包装用、印刷用、梱包用の紙製品の生産 "
"http://cv.iptc.org/newscodes/subjectcode/04013005","subj:04013005",,,"subj:04013005",,,"rubber product","Production of rubber based materials for gloves, protective coatings, hoses and the like ","Caoutchouc","Produits à base de caoutchouc tels que les gants et les revêtements protecteurs, les tuyaux, etc. ","productos de caucho","Producción de materiales de goma para la fabricación de guantes, trajes protectores, mangueras y otros similares. ","Gummi","Herstellung von gummibasierten Materialien wie Handschuhe, Schutzmäntel, Schläuchen und Ähnliches. ","Gomma","Produzione di articoli a base di gomma per guanti, rivestimenti protettivi, manichette, ecc. ","ゴム製品","手袋、保護皮膜、ホースなどのゴム製品の生産 "
"http://cv.iptc.org/newscodes/subjectcode/04013006","subj:04013006",,,"subj:04013006",,,"soft drinks","Production of non-alcoholic drinks ","Boissons non alcoolisées","La production de boissons sans alcool ","bebidas no alcohólicas","Producción de bebidas no alcoholicas. ","Nicht alkoholische Getränke","Herstellung nicht-alkoholischer Getränke. ","Analcolici","Produzione di bevande analcoliche ","清涼飲料","アルコールが入っていない飲料の生産 "
"http://cv.iptc.org/newscodes/subjectcode/04013007","subj:04013007",,,"subj:04013007",,,"textile and clothing","Production of fabrics for furnishings and fixtures, and for clothing of various types ","Textile","L'Industrie du tissu pour l'ameublement et pour le vêtement ","textiles y vestuario","Producción de telas para muebles, instalaciones, y vestuario de varios tipos. ","Textil und Bekleidung","Produktion von Materialien für Möbel und Vorhänge und für verschiedene Sorten von Bekleidung. ","Tessile, Abbigliamento","Industria tessile per arredamenti e rifiniture, e per vestiario di vario tipo ","繊維","インテリア、服飾品や、様々なタイプの衣料品用生地の生産 "
"http://cv.iptc.org/newscodes/subjectcode/04013008","subj:04013008",,,"subj:04013008",,,"tobacco","Growing, producing and sale of tobacco products ","Tabac","La culture, la production et la vente des produits du tabac ","tabaco","Cultivar, producir y vender productos de tabaco. ","Tabak","Anbau, Produktion und Handel mit Tabakprodukten. ","Tabacchi","Coltura, produzione e vendita di prodotti del tabacco ","たばこ","タバコの栽培と生産、およびタバコ製品の販売 "
"http://cv.iptc.org/newscodes/subjectcode/04014000","subj:04014000",,"subj:04014000",,,,"tourism and leisure","Tourism and leisure industries ","Tourisme et loisirs","Les histoires liées au tourisme et à l'industie des loisirs ","turismo y tiempo libre","Historias acerca del turismo e industrias de tiempo libre ","Tourismus und Freizeit","Sport- und Freizeitindustrie. ","Turismo, Tempo libero","Industria del turismo e del tempo libero ","観光","観光事業とレジャー産業についての記事 "
"http://cv.iptc.org/newscodes/subjectcode/04014001","subj:04014001",,,"subj:04014001",,,"casino and gambling","The business of providing outlets for various games of chance using cards, dice, spinning wheels to betting on animal races ","Casinos","Tout ce qui va des établissements de jeux de hasard aux paris sur les courses d'animaux ","casinos y juegos de azar","El negocio que provee intslaciones para juegos de azar, cartas, dados, ruletas con apuestas o carreras de animales. ","Glücksspielbetrieb","Das Geschäft mit dem Angebot von verschiedenen Glücksspielen, wie Kartenspiel, Würfel, Lotto, Toto, Pferdewetten. ","Casinò, Giochi","Produzione di installazioni per il gioco d'azzardo e/o le scommesse di varia natura ","ギャンブル","カード、サイコロ、動物のレースに賭けるためのルーレットなどを利用する様々な「チャンスのゲーム」の販路を提供するビジネス "
"http://cv.iptc.org/newscodes/subjectcode/04014002","subj:04014002",,,"subj:04014002",,,"hotel and accommodation","The business of providing food and shelter to travellers ","Hotellerie","L'hébergement et la restauration des voyageurs ","hoteles y alojamiento","Negocio que provee comida y hospedaje a los viajeros. ","Gastgewerbe","Das Arbeitsfeld, Reisenden Verpflegung und Unterkunft anzubieten. ","Alberghiero","Industria alberghiera ","ホテル・旅館","旅行客に食物・住まいを供給するビジネス "
"http://cv.iptc.org/newscodes/subjectcode/04014003","subj:04014003",,,"subj:04014003",,,"recreational and sporting goods","Manufacture of goods for leisure activities ","Articles de sport et plein air","La fabrication de biens pour les activités de loisirs ","artículos recreacionales y deportivos","Producción de bienes para la entretención y actividades deportivas. ","Sport- und Freizeitartikel","Herstellung von Waren für sportliche Freizeitaktivitäten. ","Articoli sportivi, Tempo libero","Produzione di beni per attività legate allo sport e al tempo libero ","スポーツ・レジャー用品","レジャー活動用品の製造 "
"http://cv.iptc.org/newscodes/subjectcode/04014004","subj:04014004",,,"subj:04014004",,,"restaurant and catering","The business of providing prepared foods for customers in groups large and small ","Restauration","Le secteur de la restauration de groupes et des plats préparés ","restoranes y banquetería","Negocio que prepara comida para clientes en grupos pequeños o grandes. ","Gastronomie","Das Geschäft, zubereitete Nahrung für größere und kleinere Kundenkreise anzubieten. ","Ristorazione, Catering","Industria della ristorazione e/o della preparazione di piatti pronti per la clientela ","外食・仕出し","大小のグループ中の顧客に調理済みの食糧を供給するビジネス "
"http://cv.iptc.org/newscodes/subjectcode/04014005","subj:04014005",,,"subj:04014005",,,"tour operator","Operators of trips either locally, as around town, or to other countries ","Voyagistes","Organisateurs de circuits touristiques locaux comme à l'étranger ","operadores de turismo","Operador de viajes hacia cualquier lugar, en la ciudad u otros paises. ","Reiseveranstalter","Anbieter von Reisen, sowohl vor Ort, als auch in Städte oder in andere Länder. ","Tour Operator","Agenzie e società specializzate nell'organizzazione di viaggi e soggiorni ","旅行業","都市周辺、または他の国々のいずれかを地理的に紹介する旅行の業者 "
"http://cv.iptc.org/newscodes/subjectcode/04015000","subj:04015000",,"subj:04015000",,,,"transport","The means of getting from one place to the other without walking ","Industrie de transport","Ensemble des moyens permettant de déplacer des personnes ou des marchandises d'un point à un autre ","transporte","Medio que permite llegar de un lugar a otrosin caminar. ","Transport","Möglichkeiten von einem Ort zum anderen zu gelangen, ohne zu laufen. ","Trasporti","Industria dei trasporti e dello spostamento delle persone e/o delle merci ","運輸","歩行無しで、ある場所から他の場所へ到着する手段 "
"http://cv.iptc.org/newscodes/subjectcode/04015001","subj:04015001",,,"subj:04015001",,,"air transport","Airplane and airport operations ","Transport aérien","Les opérations aéroportuaires et de transport par air ","transporte aéreo","Aviones y operaciones de aeropuestos. ","Luftverkehr","Aktivitäten um Flugzeuge und Flughäfen. ","Aerei","Sistema del trasporto aereo, le operazioni aeree ed aeroportuali ","空運","飛行機と空港の運営(運用) "
"http://cv.iptc.org/newscodes/subjectcode/04015002","subj:04015002",,,"subj:04015002",,,"railway","The business of transporting people or cargo by rail ","Transport ferroviaire","Le transport de voyageurs et de marchandises par train ","ferrocarril","negocio de transporte de pasajeros o carga, a través de tren. ","Bahn","Geschäft mit dem Transport von Menschen und Ware auf der Schiene. ","Ferrovie","Trasporto di persone o merci su rotaie ","鉄道","鉄道による人々や積荷を輸送するビジネス "
"http://cv.iptc.org/newscodes/subjectcode/04015003","subj:04015003",,,"subj:04015003",,,"road transport","The business of transport goods by trucks and highways ","Transport routier","Le transport de marchandises par camion et par route ","transporte carretero","Negocio de transporte de bienes mediante camiones, a través de las carretereas. ","Straßenverkehr","Geschäft mit dem Transport von Waren durch LKW's und Straßen. ","Stradali","Trasporto di merci tramite autocarri e TIR su strade ed autostrade ","陸運","トラックと公道による輸送物のビジネス "
"http://cv.iptc.org/newscodes/subjectcode/04015004","subj:04015004",,,"subj:04015004",,,"waterway and maritime transport","Commercial movement of people or goods via boats, ships and water ","Transport fluvial et maritime","Le transport de marchandises par bateau et sur les voies navigables ","vías navegables y marítimo","Movimientos comerciales de gente o bienes a través de botes, barcos en el agua. ","Schifffahrt","Handelsbewegung von Menschen oder Waren mit Booten und Schiffen auf dem Wasserweg. ","Marittimi, Acque interne","Trasporto di persone e merci con mezzi di navigazione, traghetti, navi, ecc. ","水運","ボート・船・水による人々または品物の商用移動 "
"http://cv.iptc.org/newscodes/subjectcode/04016000","subj:04016000",,"subj:04016000",,,,"company information","Information about individual companies or business entities ","Vie des sociétés","L'information sur les sociétés ","información para empresas","informacióna acerca de individuos, compañias o entidades de negocios. ","Firmeninformation","Informationen über einzelne Firmen und Konzerne. ","Informazione d'impresa","Informazione riguardante le singole società e imprese d'affari ","企業情報","個々の会社か事業体に関する情報 "
"http://cv.iptc.org/newscodes/subjectcode/04016001","subj:04016001",,,"subj:04016001",,,"accounting and audit","Changes in choice of auditing firm. Reports on impact of changes in GAAP. ","Comptabilité et audit","Les changements de sociétés d'audit et les rapports sur l'impact des modifications comptables ","contabilidad y auditoría","Cambios en la forma de auditar firmas. Reportes del impacto de cambios en GAAP. ","Buchführung/Bilanzprüfung","Änderungen in der Wahl der Buchhaltungsfirma. Berichte über Auswirkungen von Änderungen in den Standards des Rechnungswesens GAAP/ IAS/ HGB.","Rendicontazione, Verifica","Valutazione di informazioni finanziarie ed esame da parte di esperti terzi dei documenti finanziari ; Revisione contabile e certificazione ","会計監査","会計検査をしている企業の選択の変化。GAAPで変化のインパクトについて報告する "
"http://cv.iptc.org/newscodes/subjectcode/04016002","subj:04016002",,,"subj:04016002",,,"annual and special corporate meeting","Announcements of upcoming meetings. Reports on meetings. ","Assemblées générales","L'annonce des assemblées générales annuelles et extraordinaires ainsi que les comptes rendus ","asambleas corporativas anuales y especiales","Anuncios de reuniones agendadas. Reportes de las reuniones. ","Hauptversammlung/Generalversammlung","Ankündigungen und Berichte von Versammlungen. ","Assemblee generali","Convocazioni di assemblee generali e straordinarie e relativi rapporti ","株主総会","企業による決算発表、会見、総会などのお知らせと発表 "
"http://cv.iptc.org/newscodes/subjectcode/04016003","subj:04016003",,,"subj:04016003",,,"annual report","Availability or contents of annual company reports. ","Rapports annuels","La publication et le contenu des rapports annuels de sociétés ","memorias anuales","Historias informando disponibilidad de reportes anuales de las compañías o sus contenidos. ","Geschäftsbericht","Die Verwendbarkeit oder Inhalte von Jahresabschlussberichten von Firmen. ","Relazioni annuali","Pubblicazioni e contenuti delle relazioni annuali delle società ","年次報告","入手可能性に関連するストーリー、あるいは年に一度の会社報告のコンテンツ "
"http://cv.iptc.org/newscodes/subjectcode/04016004","subj:04016004",,,"subj:04016004",,,"antitrust issue","Antitrust activities, monopoly regulation, etc. ","Problèmes de concurrence","Tout ce qui concerne les activités antitrust, la législation sur les monopoles, etc. ","problemas antimonopolio","Historias sobre actividades antimonopólicas, regulaciones, etc. ","Kartellfragen","Kartellaktivitäten und Wettbewerbsrichtlinien. ","Antitrust","Attività dell'antritrust, la legislazione sui monopoli, ecc... ","独占禁止","独占禁止の活動、独占規制、などに関連するストーリー "
"http://cv.iptc.org/newscodes/subjectcode/04016005","subj:04016005",,,"subj:04016005",,,"merger, acquisition and takeover","News on mergers, takeovers or acquisitions. ","Fusions-acquisitions","Les informations sur les fusions, les acquisitions, les absorption de sociétés ","fusiones, adquisiciones, absorciones","Noticias en fusiones, absorciones o adquisiciones. ","Fusion","Nachrichten über Fusionen, Übernahmen und Aufkäufe. ","Fusioni, Acquisizioni, Cambi gestione","Informazioni riguardanti fusioni, successioni o acquisizioni ","合併・買収","合併、吸収合併、あるいは企業買収のニュース "
"http://cv.iptc.org/newscodes/subjectcode/04016006","subj:04016006",,,"subj:04016006",,,"analysts' comment","Stock analyst comments, analysis and recommendations. ","Commentaires d'analystes","Les analyses, commentaires et recommandations des analystes boursiers ","comentarios de analistas","Historias de comentarios de analistas de la bolsa, análisis y recomendaciones. ","Analysten","Kommentare, Analysen und Empfehlungen von Aktienanalysten.","Commenti analisti","Osservazioni, analisi e raccomandazioni da parte di analisti ed esperti di finanza aziendale ","アナリシス","株式アナリスト･コメント、分析、および推薦..を含むストーリー "
"http://cv.iptc.org/newscodes/subjectcode/04016007","subj:04016007",,,"subj:04016007",,,"bankruptcy","Actual bankruptcy filings. ","Défaillances d'entreprise","Les informations sur les banqueroutes ","quiebra","Noticias sobre quiebras actuales. ","Konkurs","Aktuelle Einreichungen von Zahlungsunfähigkeit","Fallimenti","Informazioni sulla bancarotta ","倒産","実際の破産ファイリングについてのニュース "
"http://cv.iptc.org/newscodes/subjectcode/04016008","subj:04016008",,,"subj:04016008",,,"board of directors (appointment and change)","Appointments to or changes in the board of directors for a company. ","Carnet des entreprises","Les informations sur les nominations et les changements au sein des conseils d'administration de sociétés ","directorio - cambios y designaciones","Noticias sobre reuniones o cambios en los directorios de compañías. ","Geschäftsführung/Vorstand","Absprachen oder Wechsel in der Geschäftsführung eines Unternehmens. ","Consigli Amministrazione","Nomine o sostituzioni nei consigli d'amministrazione delle società ","役員人事","企業取締役会の任命、変更に関するニュース "
"http://cv.iptc.org/newscodes/subjectcode/04016009","subj:04016009",,,"subj:04016009",,,"buyback","Stock buyback programs. This should be kept distinct from Stock Activity (see below). ","Rachats d'actions","Les informations relatives aux programmes de rachat d'actions ","recompras","Noticias sobre programas de recompra de acciones. Debe guardar distinción con Actividad Accionaria (ver más abajo) ","Aktienrückkauf","Aktienrückkaufprogramme. Dies sollte getrennt geführt werden von Aktienbewegung (s.u). ","Riacquisto Azioni","Informazioni sui programmi per il riacquisto di azioni, da distinguere dall'attività azionaria ","株買い戻し","株買戻しに関する情報。一般的な株取引とは違う "
"http://cv.iptc.org/newscodes/subjectcode/04016010","subj:04016010",,,"subj:04016010",,,"C.E.O. interview","Interviews with Chief Executive Officers. ","Interviews de dirigeants","Les entretiens avec les dirigeants d'entreprises ","entrevistas con gerentes generales","Entrevistas con gerentes generales de compañías ","Stellungnahme","Interviews mit Geschäftsführern/Vorständen. ","Interviste Dirigenti","Interviste con direttori generali delle società ","経営者インタビュー","最高経営責任者との会見 "
"http://cv.iptc.org/newscodes/subjectcode/04016011","subj:04016011",,,"subj:04016011",,,"corporate officer","Appointments or changes in corporate officers. ","Dirigeants","Nomination ou changement dans l'organigramme de direction des sociétés ","ejecutivos de empresas","Citas o cambios en ejecutivos de empresas. ","Vorstand","Einstellungen und Veränderungen in den Vorständen der Geschäftsführung. ","Funzionari aziendali","Nomine o sostituzioni nell'organigramma delle società ","幹部人事","会社役員の任命または変更 "
"http://cv.iptc.org/newscodes/subjectcode/04016012","subj:04016012",,,"subj:04016012",,,"corporate profile","Descriptive profiles of companies. ","Portraits d'entreprises","Les informations sur les activités des sociétés ","perfiles corporativos","Historias que contengan descripción de perfiles de compañías. ","Firmenporträt","Umfassende Beschreibungen von Unternehmen","Profili aziendali","Profili descrittivi delle aziende, informazioni sulla loro attività ","企業概要","会社の記述的なプロファイルを含むストーリー "
"http://cv.iptc.org/newscodes/subjectcode/04016013","subj:04016013",,,"subj:04016013",,,"contract","Commercial contracts. ","Contrats","Les informations sur les contrats commerciaux ","contratos","Noticias acerca de contratos comerciales. ","Vertrag","Vertragliche Vereinbarungen.","Contratti","Informazioni sui contratti commerciali ","契約","商業上の契約についてのニュース "
"http://cv.iptc.org/newscodes/subjectcode/04016014","subj:04016014",,,"subj:04016014",,,"defence contract","The award of government contracts for defence related activity. ","Contrats militaires","Les contrats publics relevant de l'industrie de défense ","contratos de defensa","Adjudicación de contratos gubernamentales relativos a actividades de defensa. ","Rüstungsvertrag","Zusage von Regierungsverträgen in bezug auf Verteidigungsaktivitäten. ","Contratti militari","Contratti pubblici e appalti riguardanti l'industria della Difesa ","防衛契約","ディフェンスに関する活動のための政府契約の賞 "
"http://cv.iptc.org/newscodes/subjectcode/04016015","subj:04016015",,,"subj:04016015",,,"dividend announcement","Announcements regarding the disbursement of dividends. ","Dividendes","Les annonces de versement de dividendes ","anuncios de dividendos","Anuncios relacionados con distribución de dividendos. ","Dividende","Zusage von Regierungsverträgen in bezug auf Verteidigungsaktivitäten. ","Comunicazioni dividendi","Comunicazioni riguardanti il pagamento di dividendi ","配当","配当支払いに関するアナウンス "
"http://cv.iptc.org/newscodes/subjectcode/04016016","subj:04016016",,,"subj:04016016",,,"earnings forecast","Analyst prediction of company earnings. ","Prévisions de résultats","Les prévisions ou estimations sur les revenus des sociétés ","pronóstico de utilidades","Predicciones de analistas sobre utilidades de compañías. ","Gewinnprognose","Vorhersage von Firmenumsätzen durch Analysten. ","Previsioni profitti","Previsioni o stime riguardanti gli utili delle società ","収益見通し","会社事業所得のアナリスト予測 "
"http://cv.iptc.org/newscodes/subjectcode/04016017","subj:04016017",,,"subj:04016017",,,"financially distressed company","Aa company is financially distressed - not yet having filed for bankruptcy. ","Entreprise en difficulté","Les Informations sur les sociétés en difficulté mais pas encore en faillitte déclarée ","empresas con problemas financieros","Noticias de empresas penalizadas financieramente, no llegando aún a la quiebra. ","Unternehmenskrise","Ein ist Unternehmen finanziell in Bedrängnis, hat aber noch nicht Konkurs angemeldet. ","Aziende depresse","Informazioni riguardanti società finanziariamente in difficoltà ma non ancora fallite ","経営不振","会社が財政的に苦しめられるというニュース-まだ破産を登録しなかったこと "
"http://cv.iptc.org/newscodes/subjectcode/04016018","subj:04016018",,,"subj:04016018",,,"earnings","Any increase of earnings results. ","Résultats","Toutes informations sur les résultats d'une entreprise ","utilidades","Cualquier novedad sobre resultados de utilidades. ","Gewinn","Jede Steigerung des Umsatzergebnisses. ","Profitti","Informazioni riguardanti gli utili conseguiti ","収益","損益のいくらかの(どんな)リリース "
"http://cv.iptc.org/newscodes/subjectcode/04016019","subj:04016019",,,"subj:04016019",,,"financing and stock offering","New offerings of equity including initial public offerings. ","Introduction en bourse","Informations concernant les ouvertures de capital et les introductions en bourse ","financiamiento, ofertas de acciones","Historias sobre nuevas ofertas de patrimonio, incluyendo ofertas públicas. ","Aktien/Börsengang","Neue Wertpapierangebote, inklusive öffentliche Erstangebote. ","Finanziamenti, Offerte azionarie","Nuove aperture di capitale, Offerte pubbliche ","株式公開","IPOを含む株の買い付け条件 "
"http://cv.iptc.org/newscodes/subjectcode/04016020","subj:04016020",,,"subj:04016020",,,"government contract","The award of government contracts not related to defence activity ","Contrats publics","L'attribution de contrats publics sauf les activités de défense ","contratos gubernamentales","Adjudicación de contratos gubernamentales no relacionados con actividades de defensa. ","Öffentlicher Auftrag","Zusage von Regierungsverträgen ohne Bezug zu Verteidigungsaktivitäten. ","Contratti pubblici","Attribuzioni di contratti pubblici, esclusi quelli riguardanti la Difesa ","政府契約","ディフェンス活動に関連しない政府契約の賞 "
"http://cv.iptc.org/newscodes/subjectcode/04016021","subj:04016021",,,"subj:04016021",,,"global expansion","Planned or actual openings of offices in countries for the first time. ","Développement international","Ouvertures (ou prévsion d'ouverture) d'une représentation ou de bureaux dans un pays ","expansión global","Apertura de oficinas en el extranjero por primera vez, planificadas o actuales ","Globale Erweiterung","Geplante oder aktuell durchgeführte Ersteröffnung von Filialen in mehreren Ländern. ","Espansione globale","Apertura o previsione d'apertura di uffici o rappresentanze in altri paesi ","海外進出","各国における最初のオフィスの計画的なあるいは実際のオープニング "
"http://cv.iptc.org/newscodes/subjectcode/04016022","subj:04016022",,,"subj:04016022",,,"insider trading","The purchase or sales of stock by corporate officers or board members. ","Délits d'initiés","Informations sur l'achat ou la vente d'actions par des cadres dirigeants ou des administrateurs d'entreprises ","transacciones de allegados","Reportes de compra o venta de acciones por ejecutivos o directores de empresas. ","Insiderhandel","Handelsaktivitäten von Insidern, die auf deren Wissensvorsprung basieren und eine Reaktion des Marktes auf diese Information vorwegnehmen. ","Insider Trading","Acquisto o vendita di azioni da parte di funzionari o dirigenti di società ","インサイダー取引","会社役人、あるいはボードメンバーによる株の購入、あるいはセールの報告 "
"http://cv.iptc.org/newscodes/subjectcode/04016023","subj:04016023",,,"subj:04016023",,,"joint venture","Joint ventures between companies. (Not marketing related - see Marketing.) ","Entreprise en participation","Informations relatives aux joint ventures (sauf celles liées au marketing) ","operaciones conjuntas","Noticias sobre negocios conjuntos entre compañías (no relacionadas con Marketing - ver marketing) ","Joint Ventures","Kooperationsvereinbarung über den gemeinsamen Betrieb von Unternehmen, die einzubringenden Kapitalien, das zu liefernde Know-how, die aufzuteilenden Gewinne. Nicht in bezug auf Marketing. ","Joint Venture","Accordi di collaborazione da cui derivano società controllate congiuntamente dalle imprese che li hanno conclusi ","合弁事業","会社間のジョイントヴェンチャーに関するニュース(マーケティングとは関連しませんが-マーケティングを見て下さい) "
"http://cv.iptc.org/newscodes/subjectcode/04016024","subj:04016024",,,"subj:04016024",,,"leveraged buyout","Leveraged buyouts. ","Rachats d'entreprises","Informations sur les rachats d'entreprise par des dirigeants ","compras apalancadas","Noticias acerca de compras apalancadas ","Übernahme","Einflussreiche Aufkäufe. ","Leveraged buy out","Acquisto di pacchetti azionari da parte dei dirigenti offrendo in garanzia le attività dell'azienda ","ＬＢＯ","レバレッジドバイアウトについてのニュース "
"http://cv.iptc.org/newscodes/subjectcode/04016025","subj:04016025",,,"subj:04016025",,,"layoffs and downsizing","Planned or actual reductions in the labour force. ","Restructurations","Licenciements et plans sociaux ","despidos y reducciones de tamaño","Reducciones actuales o planificadas en la fuerza laboral de empresas. ","Entlassung und Rationalisierung","Geplante oder aktuell durchgeführte Minimierung der Arbeitskräfte/Ressourcen. ","Licenziamenti, Ridimensionamenti","Riduzioni programmate o attuate della forza lavoro all'interno delle aziende ","人員削減","計画的なあるいは実際の労働力の減少 "
"http://cv.iptc.org/newscodes/subjectcode/04016026","subj:04016026",,,"subj:04016026",,,"licensing agreement","Licensing agreements between companies. ","Accords de licence","Accords de licence entre les sociétés ","contratos de concesión de licencia","Historias acuerdos en la concesión de licencias entre compañías. ","Lizenz","Lizenzvereinbarungen zwischen zwei Vertragspartnern. ","Accordi di licenza","Accordi tra le società per concessioni di licenze ","ライセンス契約","ライセンスしている会社の合意についてのストーリー "
"http://cv.iptc.org/newscodes/subjectcode/04016027","subj:04016027",,,"subj:04016027",,,"litigation and regulation","Corporate law including litigation and regulations. ","Contentieux","Informations relatives au droit des sociétés y compris les litiges et les réglementations ","litigios y reglamentaciones","Historias sobre leyes corporativas, incluyendo litigios y regulaciones. ","Unternehmensrecht","Firmengesetze inklusive Rechtsstreitigkeiten und Regelungen. ","Contenziosi, Regolamenti","Il diritto societario, i regolamenti e le controversie legali ","企業訴訟","訴訟、および規制を含む会社法律をみなすストーリー "
"http://cv.iptc.org/newscodes/subjectcode/04016028","subj:04016028",,,"subj:04016028",,,"management change","Major appointments or changes in management below the level of corporate officer. ","Modification de l'organigramme","Nominations et changements importants dans l'encadrement hors cadres supérieurs ","cambios en la gerencia","Cambios en la administración bajo el nivel de gerente general ","Führungswechsel","Größere Anstellungen oder Wechsel in der Ebene unterhalb der Geschäftsführung. ","Cambi Management","Nomine o sostituzioni nel management ","人事異動","会社役員レベル以下のマネージメントの主要な任命、または変更 "
"http://cv.iptc.org/newscodes/subjectcode/04016029","subj:04016029",,,"subj:04016029",,,"marketing","Includes news regarding joint marketing agreements between companies, adoption of new product marketing strategies, etc. ","Marketing","Informations concernant les accords conjoints de marketing, l'adoption de stratégies pour le lancement de nouveaux produits, etc. ","comercialización","Incluye noticias de acuerdos de marketing entre empresas, marketing de nuevos productos. ","Marketing","Beinhaltet Nachrichten über Zusammenschlüsse von Unternehmen in Bezug auf das Marketing, Marketingstrategien für neue Produkte etc. ","Marketing","Accordi di commercio congiunto tra società, adozioni di strategie per il lancio di nuovi prodotti, ecc. ","新事業","会社間、新製品マーケティング戦略の採用などにおける共同マーケティング協定に関するニュースを含む "
"http://cv.iptc.org/newscodes/subjectcode/04016030","subj:04016030",,,"subj:04016030",,,"new product","Announcements of new products. ","Nouveaux produits","L'annonce de nouveaux produits ","nuevos productos","Anuncios de nuevos productos ","Neue Produkte","Ankündigung neuer Produkte. ","Nuovi prodotti","Annunci di nuovi prodotti ","新製品","新しい製品のアナウンス "
"http://cv.iptc.org/newscodes/subjectcode/04016031","subj:04016031",,,"subj:04016031",,,"patent, copyright and trademark","News related to patents, copyright and trademarks. ","Patentes et brevets","Informations relatives aux brevets, copyrights et marques déposées ","patentes, propiedad intelectual, marcas registradas","Noticias relacionadas con patentes, propiedad intelectual y marcas comerciales. ","Patent, Copyright und Warenzeichen","Artikel über Patente, Copyright und Warenzeichen. ","Brevetti, Copyright","Licenze, riproduzioni vietate, marchi di fabbrica ","知的所有権","特許、著作権、およびトレードマークに関するニュース "
"http://cv.iptc.org/newscodes/subjectcode/04016032","subj:04016032",,,"subj:04016032",,,"plant closing","Announcements of planned or actual plant closings. ","Fermetures d'usines","L'annonce de fermetures d'usines présentes ou à venir ","cierres de plantas","Anuncios de cierres actuales o planificados de plantas. ","Betriebsschlieung","Ankündigung geplanter oder aktueller Schließungen von Betrieben. ","Chiusure Stabilimenti","Annunci riguardanti progettate o attuate chiusure di impianti o fabbriche ","工場閉鎖","計画的なあるいは実際のプラント大引けのアナウンス "
"http://cv.iptc.org/newscodes/subjectcode/04016033","subj:04016033",,,"subj:04016033",,,"plant opening","Announcements of planned or actual plant openings. ","Ouvertures d'usines","L'annonce d'ouverture d'usines présentes ou à venir ","aperturas de plantas","Anuncios de apertura de plantas actuales o planificados. ","Betriebseröffnung","Ankündigung geplanter oder aktueller Eröffnungen von Betrieben. ","Aperture Stabilimenti","Annunci riguardanti progettate o attuate aperture di impianti o fabbriche ","工場新設","計画的なあるいは実際のプラント･オープニングのアナウンス "
"http://cv.iptc.org/newscodes/subjectcode/04016034","subj:04016034",,,"subj:04016034",,,"privatisation","Privatisation (privatisation) of state run companies. ","Privatisations","Les histoires concernant la privatisation d'entreprises publiques ","privatizaciones","Historias de privatizaciones de compañías estatales. ","Privatisierung","Privatisierung von staatlich geführten Unternehmen. ","Privatizzazioni","Privatizzazione di imprese pubbliche ","民営化","政府が運営する企業の民営化(民営化)に関するストーリー "
"http://cv.iptc.org/newscodes/subjectcode/04016035","subj:04016035",,,"subj:04016035",,,"proxy filing","Filings with regulatory agencies of proxy statements for upcoming shareholder votes. ","Procurations","Les déclarations de procuration en vue de l'assemblée générale des actionnaires ","registros por apoderados","Registros de poderes en organismos reguladores en relación con votos de accionistas. ","Anmeldung von Stimmrechtsvollmacht","Anmeldungen von Stimmrechtsanteilen von Aktionären bei Aufsichtsbehörden. ","Deleghe","Raccolta di deleghe di voto in vista dell'assemblea generale degli azionisti ","委任状勧誘","次期株主投票での代理声明を規制する機関のファイリング "
"http://cv.iptc.org/newscodes/subjectcode/04016036","subj:04016036",,,"subj:04016036",,,"rating","Corporate and sovereign debt and credit ratings (e.g. SandP or Moody's) ","Indice et classement","La notation des entreprises (ex: Standard and Poors ou Moody) ","clasificaciones","Clasificaciones de deuda y solvencia corporativa y soberana (Ej.: StandP o Moody's). ","Kreditwürdigkeit","Kollektive und individuelle Schulden und Kredit-Ratings (z.B SandP oder Moody's). ","Rating","Classificazione e valutazione secondo determinati indici della qualità dei titoli o della solidità finanziaria (ad es. S&P o Moody's) ","格付け","法人の、また主権がある負債、および債券格付け(例えばSandP、あるいはムーディーの) "
"http://cv.iptc.org/newscodes/subjectcode/04016037","subj:04016037",,,"subj:04016037",,,"research and development","Research and expenditure on new product development. ","Recherche et developpement","Informations sur la recherche et le développement de nouveaux produits ","investigación y desarrollo","Noticias sobre investigación e inversión en desarrollo de nuevos productos. ","Forschung und Entwicklung","Forschung und Ausgaben für die Entwicklung neuer Produkte. ","Ricerche, Sviluppo","Informazioni sulla ricerca e lo sviluppo di nuovi prodotti ","研究・開発","新しい製品開発の支出と研究に関してのニュース "
"http://cv.iptc.org/newscodes/subjectcode/04016038","subj:04016038",,,"subj:04016038",,,"quarterly or semiannual financial statement","Availability or contents of quarterly or semi-annual corporate reports. ","Comptes trimestriels et semestriels","La publication des rapports trimestriels ou semestriels des entreprises ","estados financieros trimestrales o semestrales","Historias sobre la disponibilidad o contenido de memorias corporativas trimestrales o semestrales. ","Quartals- und Halbjahresbilanz","Verfügbarkeit oder Inhalt von Quartals- oder Halbjahresbilanzen von Firmen. ","Comunicazioni finanziarie trimestrali, semestrali","Pubblicazione dei rapporti o del contenuto dei rapporti trimestrali o semestrali delle imprese ","決算","入手可能性に関連するストーリー、あるいは季別のあるいは半年毎の企業レポートのコンテンツ "
"http://cv.iptc.org/newscodes/subjectcode/04016039","subj:04016039",,,"subj:04016039",,,"restructuring and recapitalisation","Sale of company units, splits of existing companies into units under a holding company, etc. ","Recapitalisation","Les histoires relatives à la restructuration des entreprises, vente par appartement, création de holdings, etc. ","reestructuración, recapitalización","Historias sobre la venta de unidades de negocio o compras de compañías como unidades de negocio de holdings, etc. ","Neufinanzierung und Umstrukturierung","Verkauf von Unternehmensteilen, Aufsplittung von bestehenden Unternehmen in Teile einer Holding etc. ","Ricapitalizzazioni","Ristrutturazioni attraverso la vendita di unità produttive, divisione delle società sotto una holding, ecc. ","リストラ","企業単位、持ち株会社下の既存企業の分割単位の売上を含むストーリー "
"http://cv.iptc.org/newscodes/subjectcode/04016040","subj:04016040",,,"subj:04016040",,,"spin-off","Creation of new companies being spun off from existing companies. ","Essaimage","Les histoires concernant la création d'entreprises nouvelles issues de sociétés existantes ","escisiones","Historias sobre la creación de nuevas compañías a partir de divisiones de compañías existentes. ","Ausgründung","Gründung neuer Firmen, die sich aus bestehenden Firmen ausgegliedert haben. ","Spin-Off","Creazione di nuove società dallo scorporo di compagnie preesistenti ","分離独立","既存企業から分離されて新しいカンパニーの創設に関するストーリー "
"http://cv.iptc.org/newscodes/subjectcode/04016041","subj:04016041",,,"subj:04016041",,,"stock activity","Announcements of major stock events: splits, block trades, new highs or lows, etc. ","Activité du titre","Les annonces importantes concernant les mouvements d'actions. Ex : plus haut, plus bas, achat ou cession par blocs, division d'actions, etc. ","actividad accionaria","Anuncios de eventos accionarios importantes: particiones, comercio de bloques, nuevas alzas o caídas, etc. ","Aktienbewegung","Ankündigungen von großen Aktienereignissen: Splits, Blockverkäufe, neue Kurshöhen und Tiefen etc. ","Attività Titoli","Annunci importanti riguardanti il movimento dei titoli: vendite in blocco, nuovi cali o rialzi, ecc. ","株式動向","主要な株イベントのアナウンス:分割、大口売買、新高低値 "
"http://cv.iptc.org/newscodes/subjectcode/04016042","subj:04016042",,,"subj:04016042",,,"industrial production","Manufacture of durable and non-durable goods ","Production industrielle","Ce qui concerne la fabrication de biens durables et non-durables ","producción industrial","Fabricación de bienes durables y no durables. ","Industrieproduktion","Industrielle Produktion von haltbaren und nicht haltbaren Waren. ","Produzione industriale","Fabbricazione di beni durevoli e non durevoli ","鉱工業生産","耐久消費財と非耐久財の製造 "
"http://cv.iptc.org/newscodes/subjectcode/04016043","subj:04016043",,,"subj:04016043",,,"productivity","The cost of labour to produce an item of value, often measured as output per hour per person ","Productivité","Le coût du travail par rapport au coût de production d'un bien ","producción","Costo de trabajo para producir un ítem de valor, generalmente medido como el rendimiento por hora y por persona. ","Produktivität","Die Arbeitskosten etwas zu produzieren, meist berechnet durch die Leistung pro Stunde pro Person. ","Produttività","Costo del lavoro per la produzione di un bene di un determinato valore, spesso misurato come rendimento orario per persona ","生産性","ひとつの価値あるものを生み出すための労働コスト。しばしば、一人の人間の一時間の生産高で計られる "
"http://cv.iptc.org/newscodes/subjectcode/04016044","subj:04016044",,,"subj:04016044",,,"inventories","Goods not sold and held by the producer, wholesaler or retailer ","Stocks","L'ensemble des marchandises en stock ","inventarios","Bienes que el productor, vendedor en mayoría y minorista no vende ni tiene. ","Inventur","Waren, die unverkauft in der Produktion, beim Verteiler oder im Großhandel bleiben. ","Inventari","Insieme dei beni non venduti e tenuti dal produttore, grossista o dettagliante ","在庫","生産者、卸売業者あるいは小売り業者によって、売られずに保管されている商品 "
"http://cv.iptc.org/newscodes/subjectcode/04016045","subj:04016045",,,"subj:04016045",,,"sales","Either the exchange of goods for money, or the practice of discounting prices to increase the amount of goods sold, or to get rid of outdated merchandise ","Ventes","La vente de marchandises y compris en solde ","ventas","Intercambio de bienes por dinero o practica de descontar precios para aumentar la cantidad de bienes que se venden, o deshacerse de mercadería vieja. ","Absatz","Sowohl der Austausch von Waren gegen Geld, als auch die Praxis Preise zu drücken, um den Warenverkauf zu erhöhen oder um abgelaufene Waren loszuwerden. ","Vendite","Cessioni di beni, merci o servizi in cambio di un corrispettivo in denaro ","特売","お金と商品を交換すること。または、商品の販売量を増やすためや旧式の商品を処分するために割り引きすること "
"http://cv.iptc.org/newscodes/subjectcode/04016046","subj:04016046",,,"subj:04016046",,,"corporations","Business enterprises formally licensed with boards of directors and hierarchical structures of governance ","Personne morale","Entreprises formellement constituées avec un conseil d'administration et des structures hiérarchiques de gouvernement ","corporaciones","Empresas formalmente autorizadas con juntas de directores y estructuras de jerarquía de mando. ","Gesellschafter","Wirtschaftsunternehmen, die formal durch eine Geschäftsführungsbenene und eine hierarchische Führungsstruktur genehmigt sind. ","Società","Imprese formalmente costituite con consigli di amministrazione e strutture di direzione; Società di capitali; Società per azioni ","会社","取締役会や階層的な統治する機構から形式的に認められた商業的な事業体 "
"http://cv.iptc.org/newscodes/subjectcode/04016047","subj:04016047",,,"subj:04016047",,,"shareholders","Anyone holding a piece of paper issued by a company which changes in value and entitles them to dividends depending on the performance of the company ","Actionnaire","Toute personne possédant une action émise par une société et lui donnant droit de percevoir des dividendes ","accionistas","Cualquier portador que tenga un documento emitido por una empresa el cual les de valor y les de el derecho a dividendos dependiendo del desempeño de su empresa. ","Aktionär","Jeder Inhaber von Aktien einer Aktiengesellschaft (AG) und somit Miteigentümer an einem Unternehmen. ","Azionisti","Coloro i quali possiedono azioni emesse da una società, titoli di credito che rappresentano una quota del capitale nominale e che garantiscono loro diritto ai dividendi ","株主","会社によって支給された1枚の有価証券を持っている人。価値は変化し、会社の業績による配当に対する権利を与えられる "
"http://cv.iptc.org/newscodes/subjectcode/04016048","subj:04016048",,,"subj:04016048",,,"corporate performance","How well a company performs, measured by its net earnings, its dividends its earnings per share and price/earnings ratio ","Performance des entreprises","La mesure des performances des entreprises : revenus nets, revenu par action, dividendes, ratio coûts/revenus ","desempeño corporativo","Como se desempeña una empresa , medida en sus ganancias netas, dividendos, ganancias por acción y en proporción de precio ganancia. ","Unternehmensergebnis","Wie gut ein Unternehmen geführt ist, gemessen an dem Nettoeinkommen, den Dividenden, Anteilseinkommen und dem Preis-Leistungsverhältnis. ","Risultati aziendali","Performance di società in base ai guadagni netti, dividendi, guadagni per azione e rapporto prezzo/guadagni ","企業業績","会社の業績は、その純所得、その配当によってその1株あたり収益と株価収益率を測る "
"http://cv.iptc.org/newscodes/subjectcode/04016049","subj:04016049",,,"subj:04016049",,,"losses","When expenses exceed revenue ","Pertes","Quand les dépenses dépasse les revenus ","perdidas","Cuando los gastos exceden los ingresos. ","Verlust","Wenn Ausgaben die Einnahmen übersteigen. ","Perdite","Situazioni in cui le spese superano i profitti ","損失","経費が収入を超えること "
"http://cv.iptc.org/newscodes/subjectcode/04016050","subj:04016050",,,"subj:04016050",,,"credit ratings","Formal statements by certain rating agencies such as Standard and Poor's on the investment risk of a company, a country or enterprise ","Degré de solvabilité","Evaluation effectuée par certaines agences de notation (Standard and Poor's par ex.) sur le niveau de risque à l'investissement dans une entreprise, un groupe ou un pays ","clasificaciones de riesgo","Declaraciones formales hechas por ciertas agencias acerca de el riesgo de inversión de una compañía , país o empresa. ","Kreditrating","Formelle Stellungnahmen von verschiedenen Agenturen, die Ratings durchführen, Standrad and Poor's über das Investitionsrisiko einer Firma, eines Landes oder eines Unternehmens. ","Affidabilità creditizia","Valutazioni compiute da agenzie di categoria (ad es. S&P) sul livello di rischio di investimento da parte di una società, un paese o impresa ","信用度","会社、国あるいは企業に対する投資リスクにおいて、スタンダード･アンド･プアーズのようなある格付け機関から出された公式な報告 "
"http://cv.iptc.org/newscodes/subjectcode/04016051","subj:04016051",,,"subj:04016051",,,"stock splits","Issuing multiple shares for one share of stock. Usually occurs when the price of a stock has increased so much that its purchase price is not attractive. A reverse split is when one share is issued for multiple shares, to raise the per share value. ","échanges d'actions","Emission de nouvelles actions échangeables contre une ancienne (quand le prix de l'action est trop haut pour être attractif) et inversement, émission d'une nouvelle action échangeable contre X anciennes (pour faire monter le prix s'il est trop bas) ","distribución de acciones","Emitir múltiples acciones de una. Generalmente ocurre cuando el precio de una acción ha aumentado tanto que su precio de compra ya no resulta atractiva. Lo contrario sucede cuando se emite una acción para generar múltiples acciones, para elevar el valor ","Aktiensplitting","Bei einem Aktiensplit wird der aktuelle Aktienbestand einer AG in mehr Aktien aufgeteilt, weil. Dadurch werden Aktien mit sehr hohem Kursniveau optisch günstiger und attraktiver. ","Frazionamenti azionari","Frammentazioni di azioni uniche in varie azioni, con l'emissione di esse. Di solito si verifica quando il prezzo di un'azione aumenta a tal punto che che il suo valore d'acquisto non è attraente. ","株式分割","一株を分割し、多数の株式を発行することを言う。普通はその株の購入価格が魅力的ではなく、株価が高値の時に発生する。その逆に統合は一株あたりの株価を上げるために多数の株式を一つにまとめる "
"http://cv.iptc.org/newscodes/subjectcode/04016052","subj:04016052",,,"subj:04016052",,,"stock options","An agreement to either buy or sell a stock when it meets a certain price ","Options sur titres","Accord pour acheter ou vendre un titre quand il atteint un niveau prédeterminé ","opciones sobre acciones","Acuerdo para comprar o vender una acción cuando llegue a un determinado precio. ","Aktienoptionen","Eine beiderseitige Vereinbarung Aktien zu kaufen oder zu verkaufen, wenn diese einen bestimmten Preis erreicht haben. ","Stock Options","Accordi per comprare o vendere un'azione quando raggiunge un certo prezzo ","ストックオプション","株をある価格で売り買いする合意 "
"http://cv.iptc.org/newscodes/subjectcode/04016053","subj:04016053",,,"subj:04016053",,,"recalls (products)","A decision by a company to take back or repair a defective product ","Echanges de marchandises","Le rappel de marchandises où pièces défectueuses pour les réparer où les reprendre ","retiro de productos","Decisión que hace una empresa para retirar o reparar un producto defectuoso. ","Reklamation","Die Entscheidung eines Unternehmens ein defektes Produkt zurückzunehmen oder zu reparieren. ","Richiamo Prodotti","Richiamo di prodotti o parti di essi da parte di una società per ripararli o ritirarli del tutto ","製品リコール","欠陥製品を回収するか、あるいは修理する会社の決定 "
"http://cv.iptc.org/newscodes/subjectcode/04016054","subj:04016054",,,"subj:04016054",,,"globalization","Doing business around the world ","Mondialisation","Expansion du commerce mondial ","globalización","Hacer negocios en todo el mundo. ","Globalisierung","Weltweite Geschäftstätigkeit. ","Globalizzazione","Espansione commerciale ed imprenditoriale in tutto il mondo ","経済の国際化","世界中でビジネスすること "
"http://cv.iptc.org/newscodes/subjectcode/04016055","subj:04016055",,,"subj:04016055",,,"consumers","Buyers of goods and services ","Consommateurs","Les acheteurs de biens et de services ","consumidores","Compradores de bienes y servicios ","Verbraucher","Käufer von Waren und Dienstleistungen. ","Consumatori","Chi compra beni e/o servizi ","消費者","商品およびサービスの買手 "
"http://cv.iptc.org/newscodes/subjectcode/04016056","subj:04016056",,,"subj:04016056",,,"purchase","Items that companies buy, such as raw materials, office supplies etc. ","Achat","Articles que les compagnies achètent ","compras","Cosas que compañias compran, tales como materia prima, {utiles de oficina, etc. ","Einkauf","Dinge, die Firmen kaufen, wie Rohmaterial, Bürozubehör etc. ","Acquisti","Beni e articoli comprati dalle società, ad es. materie prime ma anche forniture per ufficio, ecc... ","仕入れ","原料、事務用品のような、企業が購入する品目 "
"http://cv.iptc.org/newscodes/subjectcode/04016057","subj:04016057",,,"subj:04016057",,,"new service","New services added by a company, such as new flight routes, etc. ","Nouvelle activité","Nouveaux services créés par une compagnie comme de nouvelles routes aériennes ","nuevo servicio","Nuevos servicios agregados por una compañía, tales como nuevas rutas de vuelo, etc. ","Neuangebot","Neues Angebot eines Unternehmens, wie neue Flugrouten etc. ","Nuovi Servizi","Nuovi servizi introdotti da una compagnia o società, ad es. nuove rotte aeree, ecc... ","新サービス","例えば、新しい航空路のように、会社が追加した新しいサービス "
"http://cv.iptc.org/newscodes/subjectcode/04017000","subj:04017000",,"subj:04017000",,,,"economy (general)","Content of a general nature about trade and the economy ","économie","L'économie et le commerce en général ","economía (general)","Contenido sobre el comercio y la economía en general ","Wirtschaft","Inhalte grundsätzlicher Art über Handel und Ökonomie. ","Economia (generico)","Economia e Commercio in senso generale ","経済（一般）","通商と経済についての一般的な性質に関する内容 "
"http://cv.iptc.org/newscodes/subjectcode/04017001","subj:04017001",,,"subj:04017001",,,"economic policy","Government directed policy on production, taxes, tariffs and things that affect the direction and health of the economy ","Politique économique","La politique gouvernementale en matière de production, taxes, prix et autres ayant un effet sur la santé de l'économie ","política económica","Política de gobierno sobre la producción, impuestos, aranceles, y cosas que afecten la dirección y salud de la economía. ","Wirtschaftspolitik","Regierungsgesteuerte Politik in Bezug auf die Produktionen, Steuern, Tarife und alles, was mit der Ausrichtung und Gesundheit der Wirtschaft zusammenhängt. ","Politica economica","Politica del governo riferita a produzione, tasse, tariffe e sui temi che hanno un effetto sullo stato dell'economia ","経済政策","生産、税金、経済、関税そして経済の方向性や健全性に影響を与える事柄に関しての政府の決定 "
"http://cv.iptc.org/newscodes/subjectcode/04018000","subj:04018000",,"subj:04018000",,,,"business (general)","Content of a general nature about business ","Affaires","Les affaires en général ","negocios (general)","Contenido general sobre negocios ","Geschäft/Markttätigkeit","Inhalte über Geschäfte und den Markt grundsätzlicher Art. ","Affari (generico)","Temi generali riguardanti gli affari ","ビジネス（一般）","ビジネスについての一般的な性質に関する内容 "
"http://cv.iptc.org/newscodes/subjectcode/04018001","subj:04018001",,,"subj:04018001",,,"institution","Either an established law, practice or system or an organization having a social, religious, educational or similar purpose such as hospital, school, prison ","Institution","Système ou organisation légalement établie ","institución","una ley establecida, práctica o sistema o una organización que tiene un proposito social, religioso, educacional o proposito similar, tales como hospital, escuela o prisión. ","Institution","Jedes bestehende Gesetz, jede Praxis, System oder Organisation, die eine soziale, religiöse, erzieherische oder ähnliche Absicht hat, wie Krankenhaus, Schule oder Gefängnis. ","Istituzioni","Legge, pratica, sistema o organizzazione avente scopo sociale, religioso, educativo o simili, ad es. ospedali, scuole, prigioni ","制度・機関","確立された法律、業務、体制、あるいは病院、学校、刑務所のように、社会的/宗教的/教育的に同じ目的を持っている組織 "
"http://cv.iptc.org/newscodes/subjectcode/04019000","subj:04019000",,"subj:04019000",,,,"finance (general)","Content of a general nature about finance ","Finances","Les finances en général ","finanzas (general)","Contenido general sobre finanzas ","Finanzen","Inhalte über Finanzen grundsätzlicher Art. ","Finanza (generico)","Temi generali riguardanti la finanza ","金融（一般）","金融についての一般的な性質に関する内容 "
"http://cv.iptc.org/newscodes/subjectcode/04019001","subj:04019001",,,"subj:04019001",,,"money and monetary policy","Government bank directed policy on the amount of money in circulation and the rate at which it can be loaned ","Politique monétaire","La politique monétaire des banques centrales et notamment la fixation des taux d'intérêts ","política monetaria y fiscal","Política bancaria del gobierno sobre la cantidad de dinero en circulación y la tasa de interés en que se puede hacer prestamos. ","Geld- und Finanzpolitik","Durch die Regierungsbank (Bundesbank) gesteuerte Politik über die Höhe des sich im Umlauf befindenden Geldes und die Zinsraten zu denen es verliehen wird. ","Politica monetaria","Politica monetaria delle banche centrali in riferimento al denaro in circolazione e ai tassi ","金融政策","通貨の流通量と貸し出しのできるお金の歩合に関して中央銀行が出した政策 "
"http://cv.iptc.org/newscodes/subjectcode/05000000","subj:05000000","subj:05000000",,,,,"education","All aspects of furthering knowledge of human individuals from birth to death. ","Education","Ce qui contribue à l'accroissement des connaissances tout au long de la vie ","educación","Todos las formas de lograr conocimiento desde el nacimiento a la muerte de las personas. ","Erziehung, Ausbildung","Alle Aspekte der Förderung von Wissen für den Menschen von der Geburt bis zum Tod. ","Istruzione","Acquisizione della conoscenza e apprendimento tramite la formazione in tutte le sue caratteristiche ","教育","人が生まれてから死ぬまでの知識の総局面 "
"http://cv.iptc.org/newscodes/subjectcode/05001000","subj:05001000",,"subj:05001000",,,,"adult education","Education provided for older students outside the usual age groups of 5-25 ","Formation permanente","L'enseignement aux plus de 25 ans ","educación de adultos","Educacion brindada a estudiantes mayres fuera del grupo usual de entre 5 y 25 años. ","Erwachsenenbildung","Ausbildung für ältere Lernende außerhalb der gewöhnlichen Altersgruppe der 5-25-jährigen. ","Adulti","Istruzione riguardante individui di età generalmente superiore ai 25 anni ","成人教育","通常教育を受ける5才から25才より上の世代へ提供される教育 "
"http://cv.iptc.org/newscodes/subjectcode/05002000","subj:05002000",,"subj:05002000",,,,"further education","Any form of education beyond basic education of several levels ","Enseignement post-scolaire","Tout enseignement au-delà de celui de base ","estudios adicionales","Cualquier forma de educación que va más allá de la educación basica o varios niveles. ","Weiterbildung","Jede Form der Ausbildung auf verschiedenen Ebenen, neben der Grundausbildung. ","Post-Scolare","Ogni forma di istruzione oltre quella di base ","生涯教育","色々な水準の基礎教育を超えて行われる様々な形の教育 "
"http://cv.iptc.org/newscodes/subjectcode/05003000","subj:05003000",,"subj:05003000",,,,"parent organisation","Groups of parents set up to support schools ","Parents d'élèves","Groupe de parents d'élèves réunis en association ","asociaciones de apoderados","Grupos de padres organizados para apoyar las escuelas. ","Eltern","Elterngruppen, die sich für die Schule engagieren. ","Comitati genitori","Gruppi di genitori istituiti per collaborare con l'attività scolastica ","保護者会","学校をサポートするため設立された保護者のグループ "
"http://cv.iptc.org/newscodes/subjectcode/05004000","subj:05004000",,"subj:05004000",,,,"preschool","Education for children under the national compulsory education age ","Préscolaire","L'enseignement en maternelle, avant l'âge de l'école obligatoire ","preescolar","Educación para niños bajo el sistema escolar. ","Vorschule/Kindergarten","Erziehung für Kinder unterhalb des nationalen regulären Schulalters. ","Scuola Infanzia","Istruzione dei bambini al di sotto dell'età scolare; Scuola Materna ","幼児教育","国の義務教育を受ける年齢に満たない子供たちのための教育 "
"http://cv.iptc.org/newscodes/subjectcode/05005000","subj:05005000",,"subj:05005000",,,,"school","A building or institution in which education of various sorts is provided ","écoles, collèges, lycées","L'endroit où est dispensé l'enseignement aux élèves ","escuelas","Un inmueble o institución donde educación de distintas clases es brindada. ","Schule","Gebäude oder Einrichtung, wo verschiedenartige Ausbildung angeboten wird. ","Scuola","Istituzione che garantisce formazione e istruzione a vari livelli ","学校","様々な形の教育を提供する建物や団体 "
"http://cv.iptc.org/newscodes/subjectcode/05005001","subj:05005001",,,"subj:05005001",,,"elementary schools","Schools usually of a level from kindergarten through 11 or 12 years of age ","école primaire","L'école à partir de 5 ou 6 ans jusqu'à 11 ou 12 ans ","escuela básica","Escuelas que generalmente son de un nivel de kinder hasta los 12 años de edad. ","Grundschule","Schulen für die Altersgruppe vom Kindergartenalter bis zu den 9 oder 10-jährigen. ","Primarie, Elementari","Livello di istruzione scolastica che generalmente va dalla scuola dell'infanzia fino agli 11 anni di età ","小学校","幼稚園から11歳あるいは12歳までの水準の学校 "
"http://cv.iptc.org/newscodes/subjectcode/05005002","subj:05005002",,,"subj:05005002",,,"middle schools","Transitional school between elementary and high school, 12 through 13 years of age ","Collège","Le collège (élèves entre l'école primaire et le lycée, entre 11 et 14 ans en général) ","escuela intermedia","Escuela entre básica, intermedia y liceo, 12 hasta 13 años. ","Haupt- und Realschule","Schule für die Altersgruppe der 11 bis 15-jährigen. ","Secondarie di 1.grado, Medie","Livello di istruzione scolastica tra le elementari e le medie superiori, generalmente tra gli 11 e i 14 anni di età ","中学校","12歳から13歳までの年齢の時に小学校と高校の間に通う過渡的な学校 "
"http://cv.iptc.org/newscodes/subjectcode/05005003","subj:05005003",,,"subj:05005003",,,"high schools","Pre-college/ university level education, 14 to 17 or 18 years of age, called freshman, sophomore, junior and senior ","Lycées","Le lycée, 14-18 ans ","liceo o secundaria","Nivel de educación universitaria y preuniversitaria de 14, 17 o 18 años de edad, llamados estudiantes de primer año, estudiantes de segundo año, medio y avanzada. ","Gymnasium","Universitätsvorbereitung für die 16 bis 18 oder 19-jährigen mit Abiturabschluss. ","Medie superiori","Livello di istruzione scolastica superiore generalmente tra i 14 e i 17-18 anni di età ; Istituti professionali; Istituti tecnici ; Licei; ","高校","14歳から17もしくは18歳の年齢まで通う単科、総合大学前の水準がある教育で、新入生、2年生、3年生、最上級生と呼ばれる "
"http://cv.iptc.org/newscodes/subjectcode/05006000","subj:05006000",,"subj:05006000",,,,"teachers union","Organization of teachers for collective bargaining and other purposes ","Syndicats d'enseignants","Le syndicat des professeurs ","sindicatos de docentes","Organizaciones gremiales de profesores para la negociación y otros propositos. ","Lehrer","Organisation der Lehrenden für gemeinsame Vereinbarungen und andere Zwecke. ","Sindacati Scuola","Organizzazioni sindacali dei lavoratori della scuola ","教員組合","団体交渉および他の目的のための教師の組織 "
"http://cv.iptc.org/newscodes/subjectcode/05007000","subj:05007000",,"subj:05007000",,,,"university","Institutions of higher learning capable of providing doctorate degrees ","Université","L'enseignement supérieur jusqu'au doctorat ","universidad","Institución de enseñanza superior capaz de proveer grados en doctorado. ","Hochschule","Institutionen der Lehre auf höherer Ebene, geeignet um Doktoren- und Professorentitel etc. zu verleihen. ","Università","Livello di istruzione superiore per il conseguimento di diplomi di laurea e dottorati; Accademie; Conservatori ","大学","博士号を提供することができる高度の教育施設 "
"http://cv.iptc.org/newscodes/subjectcode/05008000","subj:05008000",,"subj:05008000",,,,"upbringing","Lessons learned from parents and others as one grows up ","éducation en général","Les leçons tirées de l'expérience des autres ","crianza","Lecciones aprendidas de los padres y otros, a media que uno crece. ","Erziehung","Dinge, die Eltern und andere vermitteln, während man heranwächst. ","Educazione","Formazione costruita durante la crescita dall'insegnamento familiare e dall'esperienza ","しつけ","人が成長する上で親または自分以外の人から教えられること "
"http://cv.iptc.org/newscodes/subjectcode/05009000","subj:05009000",,"subj:05009000",,,,"entrance examination","Exams for entering colleges, universities, junior and senior high schools, and all other higher and lower education institutes, including cram schools, which help students prepare for exams for entry to prestigious schools. ","Examen ou concours d'entrée","Les examens d'entrée du collège à l'université et l'enseignement préparatoire à l'entrée aux grandes écoles ","examen de admisión","Exámenes de admisión a colegios, universidades, institutos y a todas las instituciones de educación escolar y técnico profesional, incluyendo institutos de preparación para entrar a mejores universidades. ","Aufnahmeprüfung/Abschluss","Prüfungen für die Aufnahme ins Gymnasium, zur Universität, Fachhochschulen und allen anderen höheren und niedrigen Bildungseinrichtungen, inklusive Vorbereitungseinrichtungen, die den Schülern bei der Examensvorbereitung helfen oder bei anderen Prüfungen. ","Esame Ammissione","Esame necessario per essere ammessi alla frequenza di corsi di istruzione di vario livello, incluso l'insegnamento preparatorio per l'ingresso in scuole prestigiose ","入試","名門学校の入学のための試験に準備している学生を援助する塾を含み、大学、高校、中学、そしてすべての他の高級または低級の教育機関に入学するための試験 "
"http://cv.iptc.org/newscodes/subjectcode/05010000","subj:05010000",,"subj:05010000",,,,"teaching and learning","Either end of the education equation ","Pédagogie","Les deux bouts de l'équation scolaire : enseigner et apprendre ","enseñanza y aprendizaje","Finalizar la Educación ","Lehren und Lernen","Beide Eckpfeiler des Gleichgewichts in der Ausbildung. ","Insegnamento, Apprendimento","Entrambi i termini di riferimento dell'Istruzione ","授業・学習","どちらも教育上同一視するという目的(学習指導法) "
"http://cv.iptc.org/newscodes/subjectcode/05010001","subj:05010001",,,"subj:05010001",,,"students","People of any age in a structured environment, not necessarily a classroom, in order to learn something ","étudiants","Les gens de tous âges qui recoivent un enseignement ","estudiantes","Gente de cualquier edad en un entorno estructurado, no necesariamente en una sala de clases, para aprender algo. ","Student","Menschen jeden Alters die sich in einer strukturellen Umgebung befinden, nicht notwendigerweise ein Klassenraum, um etwas zu lernen. ","Studente","Chi riceve un insegnamento da una istituzione e secondo un determinato programma ","学生","必ずしも教室は必要ではなく、何かを学ぶために組織だった環境にいる様々な年代の人々 "
"http://cv.iptc.org/newscodes/subjectcode/05010002","subj:05010002",,,"subj:05010002",,,"teachers","People with knowledge who can impart that knowledge to others ","Enseignants","Les gens chargés de transmettre leur savoir aux élèves ","profesores","Personas con conocimiento que pueden impartir conocimiento a otros. ","Lehrender","Menschen, die ihr Wissen anderen vermitteln. ","Insegnante","Chi trasmette una conoscenza agli studenti ","教師","知識をもち、その知識を他の人に伝えることができる人々 "
"http://cv.iptc.org/newscodes/subjectcode/05010003","subj:05010003",,,"subj:05010003",,,"curriculum","The courses offered by a learning institution and the regulation of those courses ","Programmes d'étude","Les enseignements (contenu et forme) proposés par une institution scolaire ","malla curricular","Cursos que ofrece una institución de aprendizaje con ciertas reglas. ","Curriculum/Lehrplan","Unterrichtseinheit einer Bildungseinrichtung und deren Regularien. ","Curriculum","Piano di studi proposto da un istituto di istruzione e sua programmazione ","カリキュラム","学習制度とそれらのコースの規則によって提供されるコース "
"http://cv.iptc.org/newscodes/subjectcode/05010004","subj:05010004",,,"subj:05010004",,,"test/examination","A measurement of student accomplishment ","Examen","Contrôle du niveau des étudiants ","prueba-exámen","forma de medir el aprendizaje de un estudiante. ","Prüfung","Messung und Bewertung der Fertigkeiten von Schülern. ","Esami, Test","Verifiche attuate per valutare lo stato di apprendimento da parte di uno studente ","試験","生徒の達成度を測るもの "
"http://cv.iptc.org/newscodes/subjectcode/05011000","subj:05011000",,"subj:05011000",,,,"religious education","Instruction by any faith, in that faith or about other faiths, usually, but not always, conducted in schools run by religious bodies ","Education religieuse","Instruction religieuse ou à propos des religions habituellement dispensées par les diverses confessions ","educación religiosa","instrucción dada por una fé, sobre esa fé o cualquier otra fé, usualmente, pero no siempre, realizada en escuelas dirigidas por religiosos. ","Religionserziehung","Einführung durch Gläubige in eine bestimmte oder andere Glaubensrichtungen, oft aber nicht immer in Schulen durch religiöse Institutionen. ","Istruzione religiosa","Istruzione e formazione di tipo religioso, generalmente trasmessa in scuole gestite da corpi religiosi ","宗教教育","宗教団体が運営する学校で教えられるもの(とは限らないが)という意味での信仰に基づく教育 "
"http://cv.iptc.org/newscodes/subjectcode/05011001","subj:05011001",,,"subj:05011001",,,"parochial school","A school run by the Roman Catholic faith ","Ecole catholique","Ecole dirigée par l'Eglise catholique ","escuela parroquial","Una escuela administrada por la fé Católica Romana. ","Gemeindeschule","Schule, die durch den römisch-katholischen Glauben bestimmt ist. ","Scuole Cattoliche","Scuole gestite da istituzioni religiose cattoliche ","カトリック校","ローマカトリック教によって経営されている学校 "
"http://cv.iptc.org/newscodes/subjectcode/05011002","subj:05011002",,,"subj:05011002",,,"seminary","A school of any faith specifically designed to train ministers ","Séminaire","Ecole de toute confession servant à former des hommes d'Eglise ","seminario","Una escuela de cualquier fé, destinada al entrenamiento de misnitros. ","Seminar","Schule jeden Glaubens, die ausgerichtet ist Priester auszubilden. ","Seminari","Istituti di formazione di ministri del culto ","神学校","何らかの宗教の、特に牧師を養成するための学校 "
"http://cv.iptc.org/newscodes/subjectcode/05011003","subj:05011003",,,"subj:05011003",,,"yeshiva","A school for training rabbis ","Yeshiva","Ecole pour former des rabbins ","yeshiva","Es una escuela que forma Rabinos. ","Jeschiva","Schule die ausgerichtet ist Rabbis auszubilden. ","Scuole Talmudiche","Istituti di formazione rabbinica ","ユダヤ神学校","ラビ(ユダヤ教の聖職者)を養成するための学校 "
"http://cv.iptc.org/newscodes/subjectcode/05011004","subj:05011004",,,"subj:05011004",,,"madrasa","A school for teaching Islam ","Ecole coranique","Ecole pour enseigner l'Islam ","madrasa","Es una escuela que enseña el Islam. ","Madrasa","Schule, die den Islam unterrichtet. ","Scuole coraniche","Istituti di formazione islamica ","イスラム神学校","イスラム教を教えるための学校 "
"http://cv.iptc.org/newscodes/subjectcode/06000000","subj:06000000","subj:06000000",,,,,"environmental issue","All aspects of protection, damage, and condition of the ecosystem of the planet earth and its surroundings. ","Environnement","Tous les aspects de la protection et de la préservation de l'écosystème et de son environnement ","medio ambiente","Todos los aspectos de protección, daño y condiciones del ecosistema del planeta tierra y sus alrededores. ","Umwelt","Alle Aspekte des Schutzes, der Zerstörung und die Bedingungen des Ökosystems der Erde und ihrer Umgebung. ","Ambiente","Condizione dell'ecosistema del pianeta, protezione e danni ","環境","惑星地球、およびその環境の生態系の保護、損害、および状態の全ての面 "
"http://cv.iptc.org/newscodes/subjectcode/06001000","subj:06001000",,"subj:06001000",,,,"renewable energy","Environmental impact of renewable energy, including solar, wind, hydro, biomass and geothermal ","énergies alternatives","Les histoires concernant l'impact sur l'environnement des énergies renouvelables, y compris le soleil, le vent, l'eau, la biomasse et la géothermie ","energía alternativa","Historias sobre el impacto ambiental de la energía renovable, incluyendo energía solar, de viento, hydro, biomasa y geotermal. ","Alternative Energie","Das Vorkommen von erneuerbaren Energien in der Umwelt, wie Solar, Wind, Wasser, Biomasse und Erdwärme. ","Energia rinnovabile","Impatto ambientale delle energie alternative e rinnovabili: sole, vento, acqua, biomasse, geotermia, ecc. ","エネルギー再利用","代替可能なエネルギーの環境への影響について歴史的に名高いものは、太陽、風、水力、生物、そして地熱が存在する "
"http://cv.iptc.org/newscodes/subjectcode/06002000","subj:06002000",,"subj:06002000",,,,"conservation","Preservation of wilderness areas, flora and fauna, including species extinction ","Protection de la nature","La préservation de la nature, flore et faune sauvages, et les espèces en voie d'extinction ","preservación","Historias sobre preservación de áreas silvestres, flora y fauna, incluyendo especies en extinción. ","Naturschutz","Die Erhaltung der Wildnis, Flora und Fauna, inklusive aussterbender Arten. ","Conservazione","Preservazione delle aree naturali vergini, della loro flora e fauna, e delle specie in via di estinzione ","環境保護","種の絶滅を含む、自然保護地域や動植物の保護に関する話 "
"http://cv.iptc.org/newscodes/subjectcode/06002001","subj:06002001",,,"subj:06002001",,,"endangered species","Those species of wildlife in danger of disappearing, largely because of changes in environment, hunting, or weather ","Espèce menacée","Les espèces sauvages en voie de disparition, en raison particulièrement de changements dans l'environnement, de la chasse ou de l'évolution du climat ","especies en peligro","Especies de la fauna en peligro de extinción, en gran parte debido a cambios en el hábitat, cacería, o clima. ","Artenschutz","Diejenigen Arten der Wildnis, die vom Aussterben bedroht sind, meist aufgrund sich ändernder Umweltbedingungen, Jagd oder Wetter. ","Specie a rischio","Specie di animali selvaggi considerati a rischio di estinzione, soprattutto a causa di cambiamenti ambientali, caccia, o modificazioni climatiche ","絶滅危惧種","主に環境、狩猟あるいは天候の変化のために姿を消す危険にある野生生物の種類 "
"http://cv.iptc.org/newscodes/subjectcode/06002002","subj:06002002",,,"subj:06002002",,,"ecosystem","A system of plants, animals and bacteria interrelated in its physical/chemical environment ","Ecosystème","Système relationnel des plantes, animaux et bactéries dans leur environnement physique et chimique ","ecosistema","Un sistema de plantas, animales y bacteria. ","Ökosystem","Ein geschlossenes System von Pflanzen, Tieren und Bakterien zusammenhängend in physikalischer und chemischer Umgebung. ","Ecosistema","Sistema naturale e relazioni nell'ambiente fra gli organismi che vi vivono ","生態系","物理的/化学的環境で相互関係を持つ植物、動物、バクテリアの体系 "
"http://cv.iptc.org/newscodes/subjectcode/06003000","subj:06003000",,"subj:06003000",,,,"energy saving","Conservation of electrical, and other power sources ","économies d'énergie","La conservation des sources d'énergie (dont l'électricité) ","ahorro de energía","Conservación de electricidad y otras fuentes de poder. ","Energieeinsparung","Erhaltung elektronischer und anderer Energiequellen. ","Risparmio energetico","Conservazione delle varie fonti di energia ","省エネ","電気やその他の動力源の管理 "
"http://cv.iptc.org/newscodes/subjectcode/06004000","subj:06004000",,"subj:06004000",,,,"environmental politics","The debate on environmental policy ","Politique de l'environnement","Le débat sur la politique de l'environnement ","política ambiental","el debate en politicas ambientales. ","Umweltpolitik","Die Debatte um umweltpolitische Fragen. ","Politica ambientale","Dibattito sulla politica per le varie forme di tutela dell'ambiente ","環境政策","環境政策についての議論 "
"http://cv.iptc.org/newscodes/subjectcode/06005000","subj:06005000",,"subj:06005000",,,,"environmental pollution","Corruption of air, water, land etc. by harmful substances ","Pollution de l'environnement","La pollution de l'air, de l'eau, du sol, etc. par des substances toxiques ","contaminación ambiental","Contaminación del aire, aguas, tierra, etc., por sustancias dañinas.. ","Umweltverschmutzung","Verschmutzung von Luft, Wasser, Land etc. durch schädliche Stoffe. ","Inquinamento","Contaminazione di aria, acqua, terra, ecc... da parte di sostanze dannose ","環境汚染","有害物質による、大気、水、土地などの汚染 "
"http://cv.iptc.org/newscodes/subjectcode/06005001","subj:06005001",,,"subj:06005001",,,"air pollution","Solid or gaseous matter affecting the quality of air that we breathe ","Pollution de l'air","Tout ce qui affecte la qualité de l'air que l'on respire ","contaminación del aire","Materia sólida o gaseosa que afecta la calidad del aire que respiramos. ","Smog/Luftverschmutzung","Feste und gasförmige Stoffe, die die Qualität der Luft, die wir atmen beeinflusst. ","Aria","Inquinamento dell'aria a causa di sostanze che ne alterano la qualità ","大気汚染","呼吸する空気の質に影響を与えている、固体かガスの物質 "
"http://cv.iptc.org/newscodes/subjectcode/06005002","subj:06005002",,,"subj:06005002",,,"water pollution","Solids or liquids that corrupt the quality of water that could be used for drinking or irrigation ","Pollution de l'eau","Tout ce qui affecte la qualité de l'eau utilisée pour boire ou irriguer ","contaminación del agua","Sólidos o líquidos que corrompen la calidad del agua que podría ser usada para beberse o riego. ","Wasserverschmutzung","Feste und flüssige Stoffe, die die Qualität des Wassers verschlechtern, was als Trinkwasser oder zur Bewässerung genutzt werden könnte. ","Acqua","Inquinamento dell'acqua provocato da sostanze che ne alterano la qualità ","水質汚染","飲用あるいは潅漑のために使われる水の質を改悪する固体あるいは液体 "
"http://cv.iptc.org/newscodes/subjectcode/06006000","subj:06006000",,"subj:06006000",,,,"natural resources","Stories about the environmental issues related to the exploitation of natural resources for human use ","Ressources naturelles","Les histoires liées à l'exploitation des ressources naturelles à usage de l'humanité ","recursos naturales","Historias sobre temas medioambientales, relacionados a la explotación de recursos naturales para uso humano. ","Ressourcen","Artikel über Umweltangelegenheiten bezogen auf die Ausbeutung der natürlichen Ressourcen durch die menschliche Verwertung. ","Risorse naturali","Sfruttamento delle risorse naturali per l'uso umano ","資源枯渇","人間の使用で天然資源の搾取と関係がある環境問題についての話 "
"http://cv.iptc.org/newscodes/subjectcode/06006001","subj:06006001",,,"subj:06006001",,,"land resources","That portion of a nation or state that is above water and available for development either for profit or for the general good of the public ","Réserve naturelle","La partie d'une nation ou d'un état situé au dessus du niveau de la mer et disponible pour le développement qu'il soit pour le profit ou pour le bien général ","recursos terrestres","Porción de un estado o país que esta sobre el agua y disponible para el desarrollo de ganancias, bienes en general o para el bien publico en general. ","Land","Der Teil eines Landes oder Staates, der oberhalb des Wassers liegt und zur Verfügung steht, sowohl für Profitzwecke als auch zur öffentlichen Nutzung. ","Risorse Terra","Quella parte di un paese al di sopra del livello del mare fruibile per lo sviluppo, o il profitto o il bene generale del pubblico ","土地資源","陸上にある国あるいは州などの一部。一般的には役に立つもの、または利益を得るためか公の利益のためのものである "
"http://cv.iptc.org/newscodes/subjectcode/06006002","subj:06006002",,,"subj:06006002",,,"parks","Areas set aside and developed for public enjoyment and recreation, including commercial development such as theme parks ","Parcs naturels","Espaces protégés et développés pour les loisirs du public, y compris les parcs d'attractions thématiques ","parques","Zonas apartadas y desarrolladas para la recreación del publico, incluyendo el desarrollo comercial tales como parque de atracciones. ","Park","Abseits gelegenen Gebiete, die zur öffentlichen Erholung und Unterhaltung genutzt werden, umfasst auch die kommerzielle Nutzung, wie z.B. Themenparks. ","Parchi","Spazi naturali protetti, sviluppati per visite e svago da parte del pubblico, ma anche lo sviluppo commerciale collegato ai parchi a tema ","公園","テーマパークのような商業開発を含む公共の楽しみとレクリエーションのために開発された特定の区域 "
"http://cv.iptc.org/newscodes/subjectcode/06006003","subj:06006003",,,"subj:06006003",,,"forests","Open areas of trees either available for public enjoyment, or for commercial purposes ","Forêts","Espaces arborés pour les loisirs du public ou dans un but commercial ","bosques","Áreas abiertas con árboles disponibles para la entretención del publico ,o para propósitos comerciales. ","Wald","Öffentliche Baumgebiete, die sowohl zur Erholung oder für kommerzielle Zwecke genutzt werden. ","Foreste","Aree verdi, boschi, foreste, giardini, utilizzabili per il piacere pubblico o per scopi commerciali ","森林","公共の楽しみ、または商業目的のために利用できる木々のオープンな区域 "
"http://cv.iptc.org/newscodes/subjectcode/06006004","subj:06006004",,,"subj:06006004",,,"wetlands","Areas generally marshy and not either under water or dry land. Often related to aquifers for water quality and/or wildlife ","Marais","Etendue d'eau dormante peu profonde envahie par la végétation aquatique ","pantanos","Áreas generalmente pantanosas o no. A menudo relacionadas con la calidad del agua y la fauna. ","Feuchtgebiet","Gebiete die im allgemeinen feucht sind und weder unter Wasser liegen, noch trockenes Land sind. Oft wasserfühend für die Wasserqualität oder Wildnis. ","Zone Umide","Aree generalmente paludose o acquitrini con presenza di flora e fauna selvatiche ","湿地","一般的には沼地のような場所を指し、水面下でも乾いた陸地でもない。しばしば水質や野生生物の点から帯水層の話しと関連付けられる "
"http://cv.iptc.org/newscodes/subjectcode/06006005","subj:06006005",,,"subj:06006005",,,"mountains","Elevated land masses formed over the ages either by erosion, volcanic eruption, or movement of massive geographical formations called plates ","Montagnes","Relief important du sol s'élevant à une grande hauteur ","montañas","Elevadas masas de tierra formas con en el tiempo ya sea por erosión, erupción volcánica, o movimientos de grandes formaciones geográficas llamadas placas subterráneas. ","Berg","Erhöhte Landmassen, die sich über die Jahre durch Erosion, Vulkanausbrüche, oder aus der Bewegung massiver geografischer Formationen, Platten genannt, gebildet haben. ","Montagne","Rilievi importanti del suolo formatisi nel corso delle ere. Monti, Colline, Catene montuose ecc. ","山","浸食と火山性噴火、またはプレートと呼ばれる巨大な地層の移動によって長年かかって形成された高地 "
"http://cv.iptc.org/newscodes/subjectcode/06006006","subj:06006006",,,"subj:06006006",,,"rivers","Moving water areas bounded by land that extend from earth sources and meander through land areas to join with other water areas. In smaller forms they are creeks, rivulets, streams etc ","Rivières","Cours d'eau de moyenne importance prenant sa source au milieu des terres et affluent d'un fleuve qui lui se jette dans la mer ","ríos","Agua en movimiento cercada por tierra que se extiende desde fuentes en la tierras serpenteando por el terreno para unirse con otras zonas en donde haya agua. De maneras mas pequeñas hay riachuelos y vertientes. ","Fluss","Fließende Wassergebiete, die von Land umgeben sind, aus Erdquellen entspringen und sich durch Landgebiete schlängelnd mit anderen Wassergebieten verbinden. In kleineren Formen sind es Bäche, Wasserläufe, Rinnsale. ","Corsi d'acqua","Torrenti, Ruscelli Fiumi ecc. che si estendono dalle loro sorgenti per unirsi ad altri corsi d'acqua o sboccare in laghi o mari ","河川","陸地に境界づけられた、水源から他の水域と合流するまで曲がりくねって流れる流水域。より小さい形態では、それらは小川(creeks,rivulets,streams)である "
"http://cv.iptc.org/newscodes/subjectcode/06006007","subj:06006007",,,"subj:06006007",,,"oceans","Salt water masses separating continents or other major geographical masses. smaller forms are seas or lakes or ponds ","Océans","Vaste étendue d'eau salée baignant une grande partie de la terre ","océanos","Grandes masas de agua salada que separan continentes u otras masas geográficas. De menor tamaño hay mares, lagos. ","Ozean","Salzwassermassen, die Kontinente oder andere große geografische Landmassen trennen. Kleinere Formen sind, Meere, Seen und Teiche. ","Mari, Oceani, Laghi","Vaste distese d'acqua che separano i continenti o le terre, ma anche i mari interni e i laghi ","海","大陸、あるいは他の主要な地理的なかたまりを分けている塩水のかたまり。より小さな形態は海あるいは湖あるいは池である "
"http://cv.iptc.org/newscodes/subjectcode/06006008","subj:06006008",,,"subj:06006008",,,"wildlife","All forms of animal life that have not been domesticated ","Animaux sauvages","Les animaux qui n'ont pas été domestiqués ","vida salvaje","Toda forma de vida animal que no haya sido domesticado. ","Wildtier","Alle Lebensformen von wilden, noch nicht gezähmten Tieren. ","Fauna Selvatica","Forme di vita animale non addomesticate ","野生生物","飼い慣らされていない動物生命のすべての形態 "
"http://cv.iptc.org/newscodes/subjectcode/06006009","subj:06006009",,,"subj:06006009",,,"energy resources","Such resources as coal, gas, wind, sunlight etc., used to generate heat, electricity and power ","Energie","L'ensemble des ressources énergétiques ","recursos energéticos","Recursos como carbón, gas, viento, luz solar, etc., que se usan para generar calor, electricidad y energía. ","Rohstoff","Rohstoffe wie Kohle, Gas, Wind, Sonne, die genutzt werden um Wärme, Elektrizität und Strom zu erzeugen. ","Risorse Energetiche","Insieme delle risorse utilizzate per generare calore, elettricità, energia: carbone, gas, vento, luce solare, ecc... ","エネルギー資源","石炭、ガス、風力、太陽光など、熱、電力、動力を生成する資源 "
"http://cv.iptc.org/newscodes/subjectcode/06007000","subj:06007000",,"subj:06007000",,,,"nature","Taken as a whole the natural environment of flora and fauna ","Nature","L'environnement naturel, le monde à la fois physique et biologique : éléments, faune, flore, etc. ","naturaleza","Que incluye toda el medioambiente natural de la flora y fauna. ","Natur","Gesamtheit von Flora und Fauna. ","Natura","Ambiente naturale di flora e fauna nel suo insieme complessivo ","自然","植物相、動物相から成る全ての自然環境 "
"http://cv.iptc.org/newscodes/subjectcode/06007001","subj:06007001",,,"subj:06007001",,,"invasive species","Non-native plants, animals and other organisms that tend to take over native species ","Espèces envahissantes","Plantes, animaux ou organismes non autochtones qui supplantent les espèces autochtones ","especies invasoras.","Plantas no nativas, animales u otros organizmos que tienden a sobreponerse a las especies nativas. ","Invasive Arten","Nicht-einheimische Pflanzen, Tiere und andere Organismen, die einheimische Arten oft vertreiben. ","Specie invasive","Piante, animali e altri organismi non autoctoni ma che tendono a soppiantare specie del luogo ","外来種","在来種にとってかわる可能性のある、外来の植物、動物、他の生命体 "
"http://cv.iptc.org/newscodes/subjectcode/06008000","subj:06008000",,"subj:06008000",,,,"population","People and their growth and development within a natural setting ","Population","Ensemble des habitants d'un pays, d'une même région, d'une ville,... ","población","La gente, su crecimiento y desarrollo dentro de su ambiente. ","Bevölkerung","Wachstum und Entwicklung der Menschen innerhalb einer natürlichen Umgebung. ","Popolazione","Insieme delle persone, loro crescita e sviluppo in un ambiente naturale ","人口問題","自然状態での、人口の増加や発展 "
"http://cv.iptc.org/newscodes/subjectcode/06009000","subj:06009000",,"subj:06009000",,,,"waste","Environmental impact of waste, including recycling efforts ","Déchets","Les histoires concernant l'impact sur l'environnement des déchets, y compris le recyclage ","desechos","Historias sobre el impacto ambiental de los desechos, incluyendo esfuerzos por reciclaje. ","Abfall","Umweltbelastung durch Müll, inklusive Wiederverwertung. ","Rifiuti","Impatto dei rifiuti sull'ambiente, comprese le iniziative volte al loro riciclaggio ","廃棄物・再利用","再生利用の試みなど、廃棄物の環境に対する影響についての記事 "
"http://cv.iptc.org/newscodes/subjectcode/06010000","subj:06010000",,"subj:06010000",,,,"water","Environmental issues about bodies of water, including oceans, lakes, streams and reservoirs, as well as ice, glaciers and forms of precipitation ","Distribution de l'eau","Les problèmes d'environnement impliquant l'eau, y compris les océans, les lacs, les cours d'eau, les barrages réservoirs mais aussi la glace et les glaciers et les formes de précipitation ","suministro de agua","Historias sobre el medioambiente acuático, incluyendo océanos, lagos, tormentas, reservas, así como hielo, glaciares y todo tipo de precipitaciones. ","Wasser","Umweltprobleme von Wassereinheiten, inklusive Meere, Seen, Flüsse und Reservoire, sowie Eis, Gletscher und Formen des Niederschlags. ","Acqua","Problemi dell'ambiente che implicano l'acqua: dagli oceani e mari allo scioglimento dei ghiacciai alle precipitazioni ecc. ","水資源","大洋、湖、小川、貯水池や、氷、氷河、降雨の形態などの、水の環境問題に関する記事 "
"http://cv.iptc.org/newscodes/subjectcode/06011000","subj:06011000",,"subj:06011000",,,,"global warming","All issues relating to global warming including temperature research, remote sensing on temperature trends, debate on global warming, ways to reduce emissions and carbon trading. ","Alerte à la pollution","Les questions relatives à l'alerte environnementale y compris les températures et les moyens pour réduire les émissions de CO2 ","calentamiento global","Esta categoría incluye todos los aspectos relacionados al calentamiento global, incluyendo investigación de temperaturas, seguimiento remoto a tendencias de temperatura, debate sobre calentamiento global, vías de reducción a la emisión y comercio de carbó ","Globale Erwärmung","Alle Probleme, in Bezug auf die globale Erwärmung, inklusive Klimaforschung, Ferndiagnose von Temperaturentwicklungen, Debatten um die Erderwärmung und Wege die Schadstoffemission und den Kohlenstoffgehalt zu verringern. ","Effetto serra","Riscaldamento globale della terra, ricerche sulla temperatura e sulle sue modifiche, dibattito sulla riduzione delle emissioni ","温暖化","このカテゴリーは気温研究、気温傾向に関する遠隔検知や、地球温暖化現象に関する議論、排出量削減方法、排出権取引といった、地球温暖化現象に関連するすべての問題を含む "
"http://cv.iptc.org/newscodes/subjectcode/06012000","subj:06012000",,"subj:06012000",,,,"hazardous materials","Materials that are harmful to humans or animals if they are exposed to them. Includes radiation, poison gases, chemicals, heavy metals, PCBs, and certain plant products ","Matières dangereuses","Matières dangereuses pour les êtres vivants s'ils y sont exposés : radiations, gaz toxiques, produits chimiques, métaux lourds, PCB, etc. ","materiales tóxicos","Materiales que son dañinos para los humanos si se exponen a estos, como la radiación, gases venenosos, químicos, metales pesados, PCB (bifenilos policlorados), y ciertos productos hechos en plantas industriales. ","Giftstoff","Materialien, die für Mensch und Tier gefährlich sind, wenn diese mit ihnen in Kontakt kommen. Umfasst Radioaktivität, giftige Gase, Chemikalien, Schwermetalle, PCBs, und bestimmte pflanzliche Produkte. ","Materie pericolose","Materiali tossici o pericolosi per gli esseri viventi che vi siano esposti. Radiazioni, gas velenosi, prodotti chimici, metalli pesanti, ecc. ","有害物質","人間または動物にさらされる場合、有害となる物質。放射線、毒ガス、化学薬品、重金属、PCBおよびあるプラント製品を含む "
"http://cv.iptc.org/newscodes/subjectcode/06013000","subj:06013000",,"subj:06013000",,,,"environmental cleanup","Processes whereby contaminated areas are cleaned of hazardous materials so they can be inhabited again by either people or animals. ","Dépollution","moyens de nettoyage et de décontamination ","limpieza ambiental","Procesos por los cuales las áreas contaminadas se limpian quitándoles materiales peligrosos para que así puedan volver a ser habitados por personas o por animales. ","Umweltsäuberung","Prozess bei dem verseuchte Gebiete von schädlichem Material gereinigt werden, sodass diese wieder bewohnbar sind für Menschen und Tiere. ","Disinquinamento","Processi attuati per la pulizia e la decontaminazione di aree da materiale tossico ","汚染除去","人々あるいは動物が再び居住できるように、汚染地域から危険性物質をきれいに片づけるプロセス "
"http://cv.iptc.org/newscodes/subjectcode/07000000","subj:07000000","subj:07000000",,,,,"health","All aspects pertaining to the physical and mental welfare of human beings. ","Santé","Etat physique et mental des organismes vivants ","salud","Todos los aspectos pertinentes al bienestar psicológico y mental de los seres humanos. ","Medizin, Gesundheit","Alle Aspekte des körperlichen und geistigen Wohlbefindens von Menschen. ","Salute","Conseguimento e mantenimento del buono stato psicofisico della persona, ma anche degli altri esseri viventi ","健康","人間の身体または精神的な厚生に関するすべての局面 "
"http://cv.iptc.org/newscodes/subjectcode/07001000","subj:07001000",,"subj:07001000",,,,"disease","Any harmful or destructive condition ","Maladies","Altération de la santé ","enfermedades","Cualquier condición dañina o destructiva. ","Krankheit","Jeder gesundheitsgefährdende oder zerstörerische Zustand. ","Malattia","Alterazione dello stato di salute ","病気","何らかの危険または有害な健康状態 "
"http://cv.iptc.org/newscodes/subjectcode/07001001","subj:07001001",,,"subj:07001001",,,"communicable diseases","Diseases that can be transmitted from one person or animal to another ","Maladies contagieuses","Maladie transmissible d'un individu (homme ou animal) à l'autre ","enfermedades contagiosas","Enfermedades que se pueden transmitir de una persona o animal a otra. ","Ansteckende Krankheit","Krankheiten, die von einem Menschen oder Tier zu einem anderen übertragen werden können. ","Contagiosa","Malattia trasmissibile da una persona o animale ad un'altra/o ","伝染病","人や動物から伝染がありうる病気 "
"http://cv.iptc.org/newscodes/subjectcode/07001002","subj:07001002",,,"subj:07001002",,,"virus diseases","Diseases caused by infection within cells by viruses ","Maladie virale","Maladie provoquée par l'infection de cellules par un virus ","enfermedades virósicas","Enfermedades causadas por una infección dentro de células a través de virus. ","Virusinfektion","Krankheiten, ausgelöst durch Infektionen innerhalb der Zellen durch Viren. ","Virale","Malattia provocata da un'infezione delle cellule da parte di un virus ","ウイルス疾患","ウイルスによる細胞内の感染によって引き起こされる病気 "
"http://cv.iptc.org/newscodes/subjectcode/07001003","subj:07001003",,,"subj:07001003",,,"AIDS","Acquired Immunity Deficiency Syndrome, an incurable disease caused by the human immunodeficiency virus ","SIDA","Le syndrome du SIDA est constitué par une ou plusieurs maladies révélant un déficit immunitaire de l'organisme qui est dû à un agent viral transmissible ","sida","Síndrome de Inmuno Deficiencia Adquirida , enfermedad incurable causada por el virus de inmunodeficiencia humano. ","Aids","Acquired Immunity Deficiency Syndrome, eine unheilbare Krankheit verursacht durch HIV. ","AIDS","Sindrome da Immunodeficienza Acquisita ","エイズ","後天性免疫欠陥症候群、HIVウイルスによって起こされた不治の病気 "
"http://cv.iptc.org/newscodes/subjectcode/07001004","subj:07001004",,,"subj:07001004",,,"cancer","A serious and often fatal disease caused when normal cells mutate into tumours ","Cancer","Tumeur maligne caractérisée par la dégénérence des cellules d'un organe ou d'un tissu ","cáncer","Enfermedad grave y a menudo fatal causada cuando las células normales se transforman en tumores. ","Krebs","Eine ernsthafte und meist tödliche Krankheit, bei der sich Zellen zu Tumoren entwickeln. ","Cancro","Tumore maligno caratterizzato dalla degenerazione delle cellule di un organo o di un tessuto ","がん","普通の細胞が腫瘍のという状態に突然変異することによって起こる、重大な、そしてしばしば致命的な病気 "
"http://cv.iptc.org/newscodes/subjectcode/07001005","subj:07001005",,,"subj:07001005",,,"heart disease","A degenerative and serious disease caused by narrowing of the arteries feeding the heart ","Maladie cardiaque","Maladie dégénérative provoquée par le rétrécissement des artères ","enfermedades cardíacas","Enfermedad grave y degenerativa causada por la obstrucción de las arterias que llegan al corazón. ","Herzkrankheit","Eine verbreitete und ernsthafte Krankheit, verursacht durch die Verengung der Gefäße, die das Herz versorgen. ","Cardiache","Malattie riguardanti il cuore ed il sistema cardiocircolatorio; infarto, ostruzione dei vasi ecc. ","心臓病","深刻かつ退行的な病気。心臓に血液を送っている動脈が狭まることによって起こる "
"http://cv.iptc.org/newscodes/subjectcode/07001006","subj:07001006",,,"subj:07001006",,,"alzheimer's disease","A disorder of the brain leading to dementia ","Alzheimer","Maladie cérébrale progressive entraînant une démence ","mal de alzheimer","Desorden mental que conduce a la demencia.
 ","Alzheimer Krankheit","Eine Verwirrung des Geistes, die zur Demenz führt. ","Alzheimer","Malattia cerebrale che conduce progressivamente alla demenza ","アルツハイマー病","痴呆症につながる脳の障害 "
"http://cv.iptc.org/newscodes/subjectcode/07001007","subj:07001007",,,"subj:07001007",,,"animal diseases","Disorders affecting animals that do not necessarily endanger humans ","Maladie animale","Troubles affectant les animaux mais ne mettant pas nécessairement en danger l'être humain ","enfermedades animales","Desordenes que afectan a los animales que no necesariamente ponen en peligro a seres humanos.
 ","Tierkrankheit","Krankheit, die Tiere befällt, aber nicht notwendigerweise gefährdend für Menschen ist. ","Malattie degli Animali","Disturbi o malattie che colpiscono gli animali e non necessariamente mettono in pericolo la specie umana ","動物の病気","動物がかかる病気。人間にも害を及ぼすとは限らない "
"http://cv.iptc.org/newscodes/subjectcode/07001008","subj:07001008",,,"subj:07001008",,,"plant diseases","Disorders affecting plants caused either by parasites or environmental factors ","Maladie végétale","Troubles affectant les plantes provoquées par des parasites ou par l'environnement ","enfermedades de plantas","Desordenes que afectan a las plantas ya sea por parásitos o factores ambientales. ","Pflanzenkrankheit","Krankheit, die Pflanzen befällt, verursacht durch Parasiten oder durch Umwelteinflüsse. ","Malattie delle Piante","Disturbi o malattie che colpiscono gli organismi vegetali causate da parassiti o fattori legati all'ambiente ","植物の病気","植物がかかる病気。寄生虫か、環境のいずれかの要因が原因となる "
"http://cv.iptc.org/newscodes/subjectcode/07001009","subj:07001009",,,"subj:07001009",,,"retrovirus","A family of RNA viruses such as those causing leukaemia and AIDS ","Retrovirus","Famille de virus à ARN comme ceux provoquant la leucémie et le SIDA ","retrovirus","un familiar de los viruses RNA, tales como aquellos que causan la Leucemia y el Sida. ","Retrovirus","Familie des RNA Virus, wie der, der Leukämie und Aids verursacht. ","Retrovirus","Una famiglia dei virus RNA come quelli che causano la leucemia e l'AIDS ","レトロウイルス","白血病やエイズを引き起こすウイルスのようなRNAウイルス群 "
"http://cv.iptc.org/newscodes/subjectcode/07002000","subj:07002000",,"subj:07002000",,,,"epidemic and plague","An epidemic is a rapidly spreading condition in a community and a plague is usually a deadly disease of epidemic proportions ","épidémie","Développement rapide d'une maladie contagieuse chez un grand nombre d'individus d'une région donnée. Un fléau est généralement une épidémie mortelle ","epidemias y plagas","Una epidemia es una situación que se propaga rápidamente en una comunidad y que produce enfermedad. ","Epidemie","Eine Epidemie ist ein sich in einer Gemeinschaft rasch verbreitender Zustand, eine Plage ist eine meist tödliche Krankheit mit epidemischer Verbreitung. ","Epidemia","Sviluppo rapido di una malattia contagiosa all'interno di una comunità; malattia mortale di proporzioni epidemiche ","感染症","流行病は公衆に急速に広まる症状で、疫病は伝染性の致命的な病気 "
"http://cv.iptc.org/newscodes/subjectcode/07003000","subj:07003000",,"subj:07003000",,,,"health treatment","In general treatment of diseases and other conditions to produce wellness ","Traitements","Les moyens mis en œuvre pour soigner une maladie ","tratamiento de salud","Tratamiento en general de males y otras condiciones que producen enfermedades. ","Heilung/Therapie","Behandlung von Krankheiten und Heilungsbedingungen. ","Cura","In generale, trattamento volto alla cura delle malattie e comunque a produrre condizioni di benessere ","治療","健康をもたらすため、病気および他の症状の処置概要 "
"http://cv.iptc.org/newscodes/subjectcode/07003001","subj:07003001",,,"subj:07003001",,,"prescription drugs","Drugs that can be purchased only with a doctor's authorization ","Prescription médicale","Médicaments ou drogues ne pouvant être achetés que sur ordonnance du médecin ","medicamento bajo prescripción médica","Drogas que solo se pueden comprar con la autorización de un doctor. ","Droge auf Rezept","Drogen, die ausschließlich mit der Erlaubnis des Arztes verabreicht werden dürfen. ","Farmaci su ricetta medica","Medicinali acquistabili solo dietro prescrizione da parte del medico ","処方","医師の発行した処方箋がないと購入できない薬剤 "
"http://cv.iptc.org/newscodes/subjectcode/07003002","subj:07003002",,,"subj:07003002",,,"dietary supplements","Nutrients taken in addition to food to bolster health ","Compléments nutritifs","Eléménts nutritifs pris en complément de la nourriture pour satisfaire les besoins journaliers de l'organisme ","sumplementos alimenticios","Nutrientes que se toman además de la comida para fortalecer la salud. ","Diätische Ergänzung","Nährstoffe, die der Nahrung beigefügt werden zur Förderung der Gesundheit. ","Integratori","Elementi o sostanze nutritive assimilate in aggiunta al cibo al fine di sostenere la salute ","サプリメント","健康を強めるために食物に加えて取られる栄養物 "
"http://cv.iptc.org/newscodes/subjectcode/07003003","subj:07003003",,,"subj:07003003",,,"diet","Controlled food consumption ","Régime","Contrôle de la consommation d'aliments ","dieta","Consumo controlado de comida. ","Diät","Kontrollierter Konsum von Nahrungsmitteln. ","Dieta","Regime alimentare controllato ","ダイエット","食事量を制限すること "
"http://cv.iptc.org/newscodes/subjectcode/07003004","subj:07003004",,,"subj:07003004",,,"medical procedure/test","Any of a variety of treatments such as stress tests, catheterization, blood tests, computerised axial tomography scan or magnetic resonance imaging ","Protocole médical","Variété de traitements comme les IRM, les scanners, analyses de sang ","exámen/procedimiento médico","Cualquiera de las variedades de tratamientos, tales como los exámenes de stress, exámen de sangre, tomografía axial computarizada. ","Medizinische Untersuchung/Test","Jede Variation der Behandlung wie Stresstests, Katheterisieren, Bluttests, CT oder MCR. ","Esame medico","Trattamento praticato secondo un determinato protocollo per la valutazione di un determinato disturbo o malattia ","医療検査","ストレス検査、カテーテル挿入、血液検査、コンピュータ化された断層写真撮影、磁気共鳴映像診断などの治療 "
"http://cv.iptc.org/newscodes/subjectcode/07003005","subj:07003005",,,"subj:07003005",,,"therapy","Treatment of physical, mental or medical conditions by non-surgical means ","Thérapie","Traitement de la condition physique, mentale ou médicale par des moyens non chirurgicaux ","terapia","Tratamiento físico, mental o médico mediante medios no cirurgicos. ","Therapie","Behandlung der physikalischen, mentalen oder medizinischen Kondition mit nicht-chirurgischen Mitteln. ","Terapia","Trattamento finalizzato a risolvere una patologia ","理学療法","外科的手段を行わない、体･心や病状の治療 "
"http://cv.iptc.org/newscodes/subjectcode/07004000","subj:07004000",,"subj:07004000",,,,"health organisations","Includes stories about specific health organizations, including professional associations, non-profits and international groups ","Organisations de santé","Les organisations de santé, syndicats, associations professionnelles, ONG et organismes internationaux,… ","organizaciones de salud","Incluye historias sobre organizaciones de salud, como asociaciones profesionales, grupos internacionales y organismos sin fines de lucro. ","Gesundheitsorganisation","Spezielle Gesundheitsorganisationen, inklusive professionelle Zusammenschlüsse, non-profit und internationale Gruppen. ","Organizzazioni Sanitarie","Organizzazioni operanti nel campo della salute, incluse associazioni professionali, gruppi internazionali e non profit ","保健衛生機関","専門職団体や非営利および国際的団体を含んだ、特定の保健衛生機関のこと "
"http://cv.iptc.org/newscodes/subjectcode/07005000","subj:07005000",,"subj:07005000",,,,"medical research","Investigation into the causes and cures of diseases ","Recherche médicale","La recherche sur les causes des maladies et sur leur traitement ","investigación médica","Investigación acerca de las causas y curas de enfermedades. ","Medizinische Forschung","Ursache- und Therapieforschung bei Krankheiten. ","Ricerca medica","Ricerca applicata specificatamente sulla natura delle malattie e le loro cause e sul progresso nella cura di esse ","医療研究","病気の原因および治療法の調査 "
"http://cv.iptc.org/newscodes/subjectcode/07006000","subj:07006000",,"subj:07006000",,,,"medical staff","Doctors, nurses, interns and others in a medical facility ","Personnel médical","Les médecins, infirmiers aide-soignants, etc. travaillant dans des installations médicales ","personal médico","Dcotores, efermeras, internistas y otros en una dependencia medica. ","Gesundheitspersonal","Ärzte und Pflegepersonal, innerhalb und außerhalb einer medizinischen Einrichtung.","Personale medico","Dottori, infermieri, medici interni e altri che operano in una struttura medica ","医療従事者","医療施設の医師、看護師、インターンと他の医療スタッフ "
"http://cv.iptc.org/newscodes/subjectcode/07006001","subj:07006001",,,"subj:07006001",,,"primary care physician","Patient's basic health care doctor - first point of call for all health related problems ",,,,,"Hausarzt","Allgemeinmediziner - erster Kontakt bei Gesundheitsproblemen. ","Medicina di Base","Insieme delle attività riguardanti le prestazioni di base, del medico di medicina generale e di assistenza primaria operante nel territorio ","開業医","患者の基本的健康維持を担当する医師－健康に関するすべての問題について第１次的に対応する "
"http://cv.iptc.org/newscodes/subjectcode/07006002","subj:07006002",,,"subj:07006002",,,"health-workers union","Issues involving industry groups for doctors, nurses, health workers etc. ",,,,,"Gewerkschaft für medizinische Berufe","Fragen, die sich auf organisierte Vertretungen für Ärzte, Schwestern und Pflegepersonal beziehen. ","Sindacati Sanità","Organizzazioni e attività sindacali riguardanti i lavoratori del comparto Sanità ","医療従事者組合","医師、看護師、ヘルスワーカーなどの組合に関する問題 "
"http://cv.iptc.org/newscodes/subjectcode/07007000","subj:07007000",,"subj:07007000",,,,"medicine","A substance used with the expectation that it will eliminate disease or illness ","Médicaments","Remèdes pris pour éliminer la maladie ","medicamentos","Sustancia que es administrada con intencion de eliminar un mal o enfermedad. ","Medizin/Medikament","Ein Mittel, das verabreicht wird in der Hoffnung ein Leiden oder eine Krankheit zu heilen. ","Medicina","Sostanza o trattamento usato con l'aspettativa che possa eliminare un'infermità o una malattia ","医薬品","病気または体調不良を除去するために使用される物質 "
"http://cv.iptc.org/newscodes/subjectcode/07007001","subj:07007001",,,"subj:07007001",,,"herbal","Treatment based on the use of herbs and other plants to cure or alleviate disease symptoms ","Phytothérapie","Médecine par les plantes ","herbales","Tema basado en el uso de hierbas y otras plantas para la cura o alivio de síntomas de enfermedades. ","Homöopathie","Behandlung, die auf der Nutzung von Kräutern und anderen Pflanzen beruht, um Krankheitssymptomen vorzubeugen oder zu heilen. ","Fitoterapia","Trattamento basato sull'utilizzo di erbe e altre piante ","漢方","薬草やその他の植物を用いた病気症状を治療したり緩和するための治療 "
"http://cv.iptc.org/newscodes/subjectcode/07007002","subj:07007002",,,"subj:07007002",,,"holistic","Treatment of the whole person including mental and social factors rather than just the symptoms of the disease. ","Médecine holistique","Médecine qui traite le patient comme un tout et pas seulement en fonction des symptômes ","holísticos","Tratado sobre la persona completa, incluyendo factores mentales, sociales más allá de sólo los síntomas de una enfermedad. ","Ganzheitliche Medizin","Behandlung der gesamten Person, unter Einbeziehung mentaler und sozialer Faktoren, eher als die Krankheitssymptome selbst. ","Olistica","Trattamento che considera il paziente come un intero, inclusi i fattori mentali e sociali, e non solo sulla base dei sintomi ","全人的医療","病気による症状よりも精神的、社会的な要因を含む人に対する全体的な治療 "
"http://cv.iptc.org/newscodes/subjectcode/07007003","subj:07007003",,,"subj:07007003",,,"western","The practice of diagnosis, treatment and prevention of disease based on modern scientific research in the western hemisphere. ","Médecine occidentale","Pratique de la médecine selon les normes en vigueur dans les pays occidentaux ","occidentales","Diagnóstico, tratamiento y prevención de enfermedades basados en investigación científica moderna del occidente. ","Schulmedizin","Diagnostische, Behandlung und Prävention von Krankheiten, basierend auf modernen wissenschaftlichen Forschungen der westlichen Welt. ","Occidentale","Diagnosi, trattamento e prevenzione delle malattie basata sulla moderna ricerca scientifica ","西洋医学","西洋の近代科学の研究に基づいた病気の診断、治療および予防 "
"http://cv.iptc.org/newscodes/subjectcode/07007004","subj:07007004",,,"subj:07007004",,,"traditional Chinese","The practice of diagnosis, treatment and prevention of disease based on traditional methods developed in the orient. ","Médecine traditionnelle chinoise","Pratique de la médecine selon les méthodes de la Chine traditionnelle ","chinos tradicionales","Diagnóstico, tratamiento y prevención de enfermedades basados en métodos tradicionales desarrollados en oriente. ","Chinesische Medizin","Diagnose, Behandlung und Prävention von Krankheiten basierend auf traditionellen Methoden aus dem Orient. ","Cinese","Diagnosi, trattamento e prevenzione delle malattie basata sui metodi tradizionali sviluppatisi in oriente, specie in Cina ","東洋医学","東洋で発展した伝統的な方法に基づいた病気の診断、治療および予防 "
"http://cv.iptc.org/newscodes/subjectcode/07008000","subj:07008000",,"subj:07008000",,,,"preventative medicine","Substances used to prevent diseases or illnesses ","Médecine préventive","Remèdes utiliser pour prévenir les maladies ","medicina preventiva","Sustancias utilizadas para prevenir males y enfermedades. ","Vorsorge","Stoffe, die zur Vorbeugung von Krankheiten genutzt werden. ","Medicina preventiva","Uso dei rimedi per prevenire l'insorgenza di infermità o malattie ","予防薬","病気または体調不良を予防するために使用される物質 "
"http://cv.iptc.org/newscodes/subjectcode/07008001","subj:07008001",,,"subj:07008001",,,"vaccines","Medications designed to create immunity to diseases ","Vaccins","Médications utilisées pour immuniser contre des maladies ","vacunas","Medicamentos diseñados para desarrollar inmunidad frente a las enfermedades. ","Impfung","Medikamente, die erzeugt werden um gegen Krankheiten immun zu werden. ","Vaccino","Farmaco prodotto per sviluppare immunità rispetto a una certa malattia ","ワクチン","病気に対する免疫を作るための薬剤 "
"http://cv.iptc.org/newscodes/subjectcode/07009000","subj:07009000",,"subj:07009000",,,,"injury","A traumatic condition of the human body caused usually by outside forces ","Blessures","Blessure, lésion comportant une plaie ","lesiones","Una condición traumática del cuerpo humano, usualmente causada por elementos externos. ","Invalidität/Versehrte","Eine traumatische körperliche Beeinträchtigung, verursacht durch äußerliche Gewalteinwirkung. ","Ferite, Lesioni","Condizioni traumatiche generalmente determinate da cause esterne ","けが","通常外部の作用により引き起こされた人体の外傷性の症状 "
"http://cv.iptc.org/newscodes/subjectcode/07010000","subj:07010000",,"subj:07010000",,,,"hospital and clinic","Medical facilities for the treatment of illnesses and injury ","Hôpitaux et cliniques","Etablissement, hôpital ou clinique, aménagé pour dispenser tous les soins médicaux et chirurgicaux ","hospitales y clínicas","Instalaciones médicas utilizadas para el tratamiento de enfermedades o lesiones. ","Krankenhaus","Medizinische Einrichtung zur Behandlung von Krankheiten und Verletzungen. ","Ospedali, Cliniche","Istituti medici per il trattamento e la cura ","病院・診療所","疾病や傷害を治療するための医療施設 "
"http://cv.iptc.org/newscodes/subjectcode/07011000","subj:07011000",,"subj:07011000",,,,"government health care","Health care provided by national governments ","Santé publique","Le programme de santé publique ","atención estatal de salud","Cuidado de la salud a cargo de gobiernos nacionales. ","Staatliche Gesundheitsfürsorge","Gesundheitsfürsorge, die von der Regierung unterstützt wird. ","Servizio Sanitario Nazionale","Sistema sanitario pubblico garantito dallo Stato; Programma pubblico per la salute ","保健所","国家政府によって提供された健康管理 "
"http://cv.iptc.org/newscodes/subjectcode/07011001","subj:07011001",,,"subj:07011001",,,"medicare","A program of the U.S. government to provide health care to senior citizens ","Medicare","Aux USA, programme gouvernemental de santé à destination des personnes âgées et des handicapés ","salud pública para jubilados en eeuu","Programa del gobierno de Estados Unidos para brindar atención de salud al adulto mayor. ","Pflegeversicherung","Staatliche Gesundheitsversorgung von älteren Menschen. ","Medicare","Specifico programma del governo USA di assistenza sanitaria agli anziani e ai portatori di handicap ","高齢者医療保険制度","米政府による高齢者に対する医療保険制度 "
"http://cv.iptc.org/newscodes/subjectcode/07011002","subj:07011002",,,"subj:07011002",,,"medicaid","A program of the U.S. government to provide health care to needy citizens of all ages ","Medicaid","Aux USA, programme gouvernemental d'aide médicale aux plus pauvres ","salud pública en eeuu","Programa del gobierno de Estados Unidos para brindar atención de salud a ciudadanos de escaso recursos de todas las edades. ","Staatliche Krankenversicherung","Staatliche Gesundheitsversorgung von Menschen aller Altersgruppen. ","Medicaid","Specifico programma del governo USA di assistenza sanitaria ai cittadini bisognosi ","低所得者医療扶助制度","米政府によるすべての年齢の貧困者に対する医療扶助制度 "
"http://cv.iptc.org/newscodes/subjectcode/07012000","subj:07012000",,"subj:07012000",,,,"private health care","Health care provided by privately funded or insured organizations ","Assurances médicales","Programme ou assurance santé privés ","atención privada de salud","Cuidado de la salud a cargo de organizaciones privadas o aseguradoras. ","Private Gesundheitsfürsorge","Gesundheitsfürsorge, die von privat finanzierten oder Versicherungsorganisationen unterstützt wird. ","Sistema sanitario privato","Assistenza sanitaria fornita da organizzazioni e/o istituzioni privati ","民間保健機関","個人的に資金を供給するか、あるいは保証された組織によって提供されたヘルスケア "
"http://cv.iptc.org/newscodes/subjectcode/07013000","subj:07013000",,"subj:07013000",,,,"healthcare policy","Health-related policy decisions including what different countries are doing regarding prescription drug policies, AIDS, psychiatric care, health care funding and related topics. ","Politique de santé","Les politiques de santé ","política de atención de salud","Decisiones políticas de salud, incluyendo lo que los diferentes países están haciendo sobre prescripción de medicamentos, SIDA, cuidado psicológico, financiamiento de la asistencia médica y temas relacionados. ","Gesundheitspolitik","Politische Entscheidungen in Bezug auf die Gesundheit, umfasst was die Länder tun für die Drogenbekämpfung, AIDS, psychiatrische Versorgung, öffentliche Mittel für die Gesundheitsversorgung und ähnliches. ","Politica Salute","Decisioni politiche riguardanti la salute e le strategie dei vari paesi su questi temi ","保健政策","健康関連の政策決定、さまざまな国が行っている処方薬に関する政策、エイズ、精神病治療、医療資金供給と関連した項目を含む "
"http://cv.iptc.org/newscodes/subjectcode/07013001","subj:07013001",,,"subj:07013001",,,"food safety","Issues relating to food cleanliness and contamination ","Sûreté alimenatire","Les questions touchant à la sureté alimentaire et aux contaminations ","seguridad alimenticia","Asuntos que tienen que ver con la limpieza y contaminación de los alimentos. ","Lebensmittelkontrolle","Artikel im Kontext von Lebensmittelreinheit und Lebensmittelvergiftung. ","Sicurezza alimentare","Strategie per garantire la qualità degli alimenti, lotta contro ogni forma di adulterazione ","食品安全","食物の清潔さと汚染に関連している問題 "
"http://cv.iptc.org/newscodes/subjectcode/07014000","subj:07014000",,"subj:07014000",,,,"medical specialisation","The different medical specialist areas. ","Spécialisations médicales","Les différentes spécialisations médicales ","especializaciones médicas","Diferentes áreas de especialización médica. ","Medizinisches Spezialgebiet","Verschiedene medizinische Spezialgebiete. ","Specializzazioni mediche","Differenti aree e discipline di specializzazione medica ","専門医療","異なる医学専門分野 "
"http://cv.iptc.org/newscodes/subjectcode/07014001","subj:07014001",,,"subj:07014001",,,"geriatric","Research into aging and age-related issues including age-related illnesses, medical research, trends, geriatric medicine and related topics like age discrimination and health insurance for an ageing population. ","Gériatrie","La recherche en matière de vieillesse ","geriatría","Investigación en asuntos etarios, incluido enfermedades relacionadas con la edad, investigación médica, tendencias, medicina geriátrica, otros temas como discriminación etaria y seguro de salud para la población mayor. ","Geriatrie","Erforschung des Alters oder altersbedingte Probleme, wie Krankheiten, medizinische Forschung, Entwicklungen, altersspezifische Medizin, und verwandte Themen wie Altersdiskriminierung und Gesundheitsfürsorge im Alter. ","Geriatria","Medicina che si occupa della salute degli anziani e cura i disturbi e le malattie della terza età ","老年病","老化、加齢性の問題の研究で、加齢性の病気、医学の研究、傾向、老人病の薬と老人のための年齢差別や健康保険のような関連した項目を含む "
"http://cv.iptc.org/newscodes/subjectcode/07014002","subj:07014002",,,"subj:07014002",,,"pediatrics","Research and medicine specifically for the young - includes premature babies, infant care, childhood disease and treatment - also teen-related health and behaviour problems. ","Pédiatrie","Médecine et médecins spécialisés dans les maladies enfantines et plus généralement de la naissance à l'adolescence ","pediatría","Investigación y medicina especializada en jóvenes, incluye bebés prematuros, cuidado de niños, enfermedades y tratamiento de niños, además de salud y problemas de comportamiento de adolescentes. ","Pädiatrie","Forschung und Medizin speziell für die Jüngeren, umfasst Neugeborene, Kleinkindversorgung, Kinderkrankheiten und ihre Behandlung, sowie Gesundheitsfragen von Jugendlichen und ihre Verhaltensprobleme. ","Pediatria","Medicina specializzata nelle malattie dell'infanzia e dell'età evolutiva ","小児病","特に若者のための研究と医学-未熟児、乳児ケア、幼児の病気と治療を含み-同じく10代の健康と行動問題を含む "
"http://cv.iptc.org/newscodes/subjectcode/07014003","subj:07014003",,,"subj:07014003",,,"reproduction","Reproductive technologies like invitro fertilization and cloning as well as related debates. Sexual development matters and sexually transmitted diseases would also fall under this category. ","Reproduction","Des techniques de reproduction in vitro au débat sur le clonage en passant par le développement sexuel et les maladies sexuellement transmissibles ","reproducción","Incluye tecnologías reproductivas, como fertilización in vitro, clonación y debates relacionados. Desarrollo de asuntos sexuales y enfermedades de transmisión sexual. ","Reproduktionsmedizin","Reproduktionstechnologien, wie Invitrofertilisation, sowohl das Klonen als auch die damit zusammenhängenden Debatten. Entwicklungen der Sexualität und durch sexuellen Kontakt übertragene Krankheiten fallen auch in diese Kategorie. ","Riproduzione","Ricerca e medicina specializzate nelle tematiche proprie della riproduzione umana ","生殖医学","ここには関連した議論のみならず、体外受精やクローン技術のような生命操作技術を含める。性発達性障害や性転換症においてもこのカテゴリーに分類される "
"http://cv.iptc.org/newscodes/subjectcode/07014004","subj:07014004",,,"subj:07014004",,,"genetics","The science and research into genetic-base disease and cures for disease. This would include proteomics (the study of what proteins are produced by which genes and what those proteins do), general genetics and stem-cell research. ","Génétique","La recherche sur les gênes et l'hérédité y compris l'étude des protéines par exemple ","genética","La ciencia e investigación de enfermedades genéticas, su tratamiento y cura. Esto puede incluir proteomics (el estudio de qué proteínas se producen por qué genes y qué hacen esas proteínas), genética general e investigación celular. ","Genetik","Wissenschaft und Forschung in Bezug auf Störungen des genetischen Codes und deren Ursachen. Umfasst Proteinforschung (Studium welches Gen, welches Eiwieß produziert und was diese tun), allgemeine Genetik und Stammzellenforschung. ","Genetica","Scienza e ricerca applicate ai temi riguardanti le malattie genetiche e il loro trattamento; la ricerca sulle cellule staminali, ecc. ","遺伝子治療","遺伝子ベースの病気と病気の治療法についての科学と研究。プロテオミクス(どのタンパク質がどの遺伝子によって造られ、それがどのような役割を果たしているか調べる研究)や一般的な遺伝学全般と幹細胞についての研究を含む "
"http://cv.iptc.org/newscodes/subjectcode/07014005","subj:07014005",,,"subj:07014005",,,"obstetrics/gynecology","Specialty of female reproductive organs ","Gynécologie","Spécialité de la médecine concernant les femmes ","--","-- ","Gynäkologie","Krankheiten der weiblichen Sexual- und Fortpflanzungsorgane. ","Ginecologia, Ostetricia","Medicina dell'apparato riproduttivo femminile, della fecondazione, gestazione e parto ","産婦人科","女性生殖器の専門 "
"http://cv.iptc.org/newscodes/subjectcode/07015000","subj:07015000",,"subj:07015000",,,,"medical service","Medical support for doctors, including blood tests and other medical tests on individuals, X-rays CAT scans MRIs etc. ","Examens médicaux","Les examens et analyses médicaux : sang, radio, scanners, etc. ","servicios médicos","Soporte médico para doctores, incluyendo test de sangre y otros test para personas, rayos X, escáner, MRI, etc. ","Medizinische Dienstleistung","Medizinische Unterstützung/Hilfsmittel für Ärtze, wie Bluttests oder andere Tests an Einzelnen, Röntgen, CT, MRT etc.","Servizio Medico","Esami ed analisi mediche e altri test praticati da personale specializzato. ","臨床検査","医者に対する医療的なサポートとなるもの。血液検査やX線撮影、MRIなどの個々に行う様々な医療検査を含む "
"http://cv.iptc.org/newscodes/subjectcode/07016000","subj:07016000",,"subj:07016000",,,,"physical fitness","The condition of a person's cardio-vascular and muscular health. ","Etat physique","L'état de santé cardio-vasculaire et musculaire ","estado físico","Condición cardiovascular y muscular de una persona. ","Fitness","Kondition in Bezug auf die Gesundheit des Herz-Kreislauf-Systems und der Muskulatur. ","Forma fisica","Condizioni di salute di una persona a livello cardiovascolare e muscolare ","体力","人の持久力や筋力などの状態 "
"http://cv.iptc.org/newscodes/subjectcode/07017000","subj:07017000",,"subj:07017000",,,,"illness","Non-specific maladies such as stomach aches, headaches, flat feet, lumbago ","Maladie","Maladies bénignes comme les douleurs d'estomac, les maux de tête ou le lumbago ","enfermedad","Enfermedades no especifica tales dolor de estomago, dolor de cabeza, pie plano, lumbago. ","Leiden","Unspezifische Krankheiten wie Magenschmerzen, Kopfschmerzen, Plattfüße, Hexenschuss. ","Malesseri","Malanni non specifici, disturbi come mal di stomaco, mal di testa, lombaggine ","体調不良","腹痛、頭痛、偏平足、腰痛のような非特定の疾病 "
"http://cv.iptc.org/newscodes/subjectcode/07017001","subj:07017001",,,"subj:07017001",,,"mental illness","Those illnesses affecting the mind ","Maladie mentale","Maladies affectant le mental ","enfermedad mental","Aquellas enfermedades que afectan la mente ","Psychische Krankheit","Die Krankheiten, die die Psyche betreffen. ","Malattia mentale","Malattia o disturbo mentale o psicologico; malattia psichiatrica ","精神障害","心を冒す病気 "
"http://cv.iptc.org/newscodes/subjectcode/07017002","subj:07017002",,,"subj:07017002",,,"eating disorder","Anorexia, bulimia, overeating and similar illnesses ","Troubles alimentaires","Anorexie, boulimie et troubles de l'alimentation ","desordenes alimenticios.","Anorexia, bilimia, consumo excesivo de alimentos y otras enfermedades similares. ","Essstörung","Magersucht, Bulimie, Adipositas und vergleichbare Krankheiten. ","Disturbo alimentare","Disturbi dovuti ad una cattiva alimentazione ed alterato rapporto con il cibo ","摂食障害","拒食症、過食症、食べ過ぎ、および同様の病気 "
"http://cv.iptc.org/newscodes/subjectcode/07017003","subj:07017003",,,"subj:07017003",,,"obesity","A condition of body weight generally considered 20 percent above the norm for gender, age, height and bone structure ","Obésité","Masse corporelle généralement supérieur à 20% de la normale en fonction du sexe, de l'âge, de la taille et de la structure osseuse ","obesidad","Una condición del peso corporal considerada generalmente 20 por ciento sobre lo normal para el género, la edad, la altura y la estructura del hueso ","Übergewicht","Zustand des Körpergewichts, der 20 Prozent über dem Normalgewicht liegt, je nach Geschlecht, Alter und Größe und Körperbau. ","Obesità","Condizione del peso corporeo generalmente considerata in ordine al 20 % al di sopra della norma per quanto riguarda sesso, età, peso e struttura ossea ","肥満","性別、年齢、身長、および骨格の標準より、一般に体重が20パーセント重い状態 "
"http://cv.iptc.org/newscodes/subjectcode/07018000","subj:07018000",,"subj:07018000",,,,"medical conditions","Various stages of disease, illness or injury ","Etat de santé","Etats de l'évolution des maladies ou des blessures ","condiciones médicas","Varias etapas de una nfermedad, malestar o de lesión ","Medizinischer Zustand","Verschiedene Stadien von Krankheit, Leiden oder Verletzung. ","Condizioni mediche","Vari stadi dell'evoluzione delle malattie o degli stati di infermità ","症状","病気、体調不良、傷害のさまざまな状態 "
"http://cv.iptc.org/newscodes/subjectcode/07019000","subj:07019000",,"subj:07019000",,,,"patient","Issues which affect population in general as attendees at hospitals or doctors' surgeries. ",,,,,"Patient","Fragen, die Menschen betreffen, die übergreifend Insassen von Krankenhäusern oder in ärztlicher Behandlung sind. ","Paziente","Chi è affetto da uno stato di malattia o da un disturbo ed è sottoposto a cure o terapie ","患者","病院への来院者、あるいは医師の手術を受ける人々が抱える問題 "
"http://cv.iptc.org/newscodes/subjectcode/08000000","subj:08000000","subj:08000000",,,,,"human interest","Lighter items about individuals, groups, animals or objects. ","Gens animaux insolite","Histoires légères sur des groupes, des individus, des animaux ou des objets ","interés humano","Cosas acerca individuos, grupos, animales u objetos. ","Vermischtes","Weniger Schwerwiegendes über Personen, Gruppen, Tiere oder andere Objekte. ","Storie, Curiosità","Argomenti di natura insolita o bizzarra, temi leggeri. ","人間的興味","個人、グループ、動物、あるいは物についてのより明るい項目 "
"http://cv.iptc.org/newscodes/subjectcode/08001000","subj:08001000",,"subj:08001000",,,,"animal","Animals of all types ","Animaux","Les histoires d'animaux ","animales","historias que envuelven a animales de todos clases. ","Tier","Tiere aller Arten","Animali","Argomenti riguardanti gli animali di tutti i tipi ","動物","すべての種類の動物に関する記事 "
"http://cv.iptc.org/newscodes/subjectcode/08002000","subj:08002000",,"subj:08002000",,,,"curiosity","Content of an unusual nature that can raise questions or amuse ","Insolite","Les histoires bizarres, amusantes ou faisant réfléchir ","curiosidades","Historias de una naturaleza inusual que pueden general interrogantes o sorprender. ","Kurioses","Außergewöhnliche Inhalte, die Erheiterung oder Fragen auslösen. ","Curiosità","Argomenti di natura insolita o bizzarra che possono suscitare quesiti o divertimento ","好奇心","(読者に)疑問を引き起こしたり(読者を)面白がらせるような珍しい記事 "
"http://cv.iptc.org/newscodes/subjectcode/08003000","subj:08003000",,"subj:08003000",,,,"people","Unusual content about people of all levels ","Gens","Les histoires insolites sur les gens ","gente","Usualmente, historias acerca de personas de todas clases. ","Leute","Außergewöhnliche Inhalte über Personen auf allen Ebenen. ","Persone","Argomenti insoliti sulle persone ","人々","あらゆる地位にある人間についての常ならぬ話 "
"http://cv.iptc.org/newscodes/subjectcode/08003001","subj:08003001",,,"subj:08003001",,,"advice","Letters and answers about personal problems that are publishable ","Conseil, recettes","Courriers publiables sur des problèmes personnels et les réponses ","consejos","Cartas y respuestas de problemas personales que son publicables. ","Ratgeber","Briefe und Antworten über persönliche Probleme, die veröffentlichbar sind. ","Consigli, Suggerimenti","Lettere e risposte su problemi personali che possono essere pubblicate; Rubriche di posta ","人生相談","公開可能である個人的な問題についての手紙や回答 "
"http://cv.iptc.org/newscodes/subjectcode/08003002","subj:08003002",,,"subj:08003002",,,"celebrity","Celebrity news, i.e. Madonna has a baby, Elton John sues his accountants etc. ","Célébrités","Les histoires sur les célébrités, vedettes ","celebridades","Noticias sobre celebridades como Madonna tiene un hijo, Elton John demanda a sus contadores, etc. ","Prominente","Berühmtheiten-Nachrichten, wie z.B Madonnas Baby. ","Celebrità","Vicende di celebrità e di gossip ","有名人","有名人についてのニュース。つまり、マドンナが赤んぼうを身ごもった。エルトン･ジョンが、彼の会計係を告訴した等 "
"http://cv.iptc.org/newscodes/subjectcode/08003003","subj:08003003",,,"subj:08003003",,,"accomplishment","Achievements by individuals or groups, such as charitable fundraising, winning a competitive contest etc ","Succès","Réalisation individuelle ou en groupe (comme la récolte de fonds humanitaire ou le succès dans une compétition) ","logros","Logros de los individuos o grupos, tales como donaciones caritativas, ganar una competencia, un concurso, etc. ","Leistung (gesellschaftlich)","Tätigkeiten von Einzelnen und Gruppen, wie karitatives Fundraising, Gewinn eines Wettbewerbs etc. ","Iniziative, Realizzazioni","Azioni considerevoli compiute da singoli o gruppi, come offerte di carità, donazioni, ma anche la vincita di un concorso ","活躍","慈善募金活動、コンテストの優勝など、個人やグループによる業績 "
"http://cv.iptc.org/newscodes/subjectcode/08003004","subj:08003004",,,"subj:08003004",,,"human mishap","Stories arising from silly/stupid human errors e.g. like forgetting to tie one end of a bungee cord ","Mésaventures","Les histoires sur des gaffes, des erreurs bêtes ou stupides ","desgracia humana","Historias sobre errores humanos tontos o estupidos e.j.como olvidarse de atar un extremo de una cuerda del amortiguador auxiliar ","Missgeschick","Artikel über blöde menschliche Fehler e.g. wie das Vergessen ein Ende eines Bungeeseiles festzubinden. ","Errori, Disavventure","Contrattempi ed errori con conseguenze di varia gravità ","失敗","例えばバンジージャンプコードの片方を結び忘れるような愚かな人為的ミスから起きる話 "
"http://cv.iptc.org/newscodes/subjectcode/08003005","subj:08003005",,,"subj:08003005",,,"fortune-telling","The forecasting of future events or the delineation of character by methods not ordinarily considered to have a rational basis ",,,,,"Wahrsagerei","Vorhersage von zukünftigen Ereignissen oder die Beschreibung von Charakteren mit Methoden, die gewöhnlich nicht auf rationaler Grundlage stattfindet. ","Predizioni futuro","Pratiche di predizione di eventi futuri o di delineazione di un carattere, attraverso metodi solitamente considerati non avere una base razionale ","占い","未来の出来事の予測や性格判断、通常、合理的な根拠をもたないと考えられる "
"http://cv.iptc.org/newscodes/subjectcode/08004000","subj:08004000",,"subj:08004000",,,,"mystery","Something unexplained or unknown ","ésotérisme","Choses inexpliquées ou inconnues ","misterios","Algo inexplicable o desconocido. ","Mysteriöses","Etwas Unbekanntes oder Unerklärbares. ","Mistero","Temi riguardanti il mondo dell'inesplicabile e dello sconosciuto ","謎","説明のつかないもの、あるいは未知のもの "
"http://cv.iptc.org/newscodes/subjectcode/08005000","subj:08005000",,"subj:08005000",,,,"society","Stories of well-known people ","Mondanités","Histoires sur des personnages connus ","sociedad","notas acerca de gente bastante conocida. ","Society","Geschichten über Prominente. ","Società","Vicende accadute a persone note; Mondanità ","社交","有名な人々の記事 "
"http://cv.iptc.org/newscodes/subjectcode/08005001","subj:08005001",,,"subj:08005001",,,"ceremony","Rituals of a non-religious nature such as dedications, wreath layings, ship launchings etc ","Cérémonie","Rituels non religieux comme des dédicaces, lancement d'un bateau ","ceremonia","Rituales no religiosos tales como dedicaciones, inauguraciones, lanzamientos de barcos, etc. ","Zeremonie","Rituale nicht-religiöser Art wie Weihungen, Kranzniederlegungen, Schiffstaufen etc. ","Cerimonie","Riti laici o comunque di natura non religiosa: incoronazioni, vari di barche, dedicazioni ecc... ","式典","献呈、献花や船の進水式のような非宗教的性質の儀式 "
"http://cv.iptc.org/newscodes/subjectcode/08005002","subj:08005002",,,"subj:08005002",,,"death","The human interest aspects of the demise of a person ",,,,,"Tod","Menschliches Interesse an dem Ableben einer Person. ","Morte","Gli aspetti riguardanti l'interesse sulla morte delle persone ","死","人の死に関する人間的興味 "
"http://cv.iptc.org/newscodes/subjectcode/08005003","subj:08005003",,,"subj:08005003",,,"funeral","The ceremony to intern the remains of a person ",,,,,"Beerdigung","Zeremonie zur Bestattung eines Menschen. ","Funerali","Cerimonie di esequie e sepoltura ","葬儀","遺体を埋葬するための儀式 "
"http://cv.iptc.org/newscodes/subjectcode/08005004","subj:08005004",,,"subj:08005004",,,"estate bestowal","The distribution of the estate of a person according to their will and any disagreements between the heirs ",,,,,"Erbschaft","Die Verteilung des Besitzes einer Person nach ihrem Willen und die Streitigkeiten der Angehörigen. ","Testamenti, Eredità","Questioni testamentarie e riguardanti l'eredità di una persona: esecuzioni, disaccordi fra gli eredi ecc. ","財産分与","故人の遺志あるいは相続者間の争いに基づく財産の分配 "
"http://cv.iptc.org/newscodes/subjectcode/08005005","subj:08005005",,,"subj:08005005",,,"memorial","Commemorative ceremony or object - plaque, statue etc - in remembrance of a person. ",,,,,"Gedenkstätte","Zeremonien oder Stätten des Gedenkens - Gedenktafeln, Statuen etc., in Erinnerung an eine Person. ","Commemorazioni","Commemorazioni ","追悼","飾り板、銅像など人物を記念するための事物、式典 "
"http://cv.iptc.org/newscodes/subjectcode/08006000","subj:08006000",,"subj:08006000",,,,"award and prize","Decorations, awards and prizes, including those given by the government. ","Prix et récompenses","Décorations, prix, y compris ceux distribués par l'Etat ","premios","Condecoraciones y premios, incluidos aquellos otorgados por el gobierno. ","Auszeichnung/Preis","Orden, Auszeichnungen und Preise inklusive der, die durch die Regierung vergeben werden. ","Premi","Decorazioni, onorificenze, riconoscimenti e premi, compresi quelli conferiti dallo Stato ","叙勲・賞","勲章、賞と賞品、政府によって与えられたものを含む "
"http://cv.iptc.org/newscodes/subjectcode/08006001","subj:08006001",,,"subj:08006001",,,"record","Non-sport achievement by an individual or group that sets a new record, such as most books read, holding your breath longest ","Record","Exploit non sportif réalisé par un individu ou un groupe ","récord","logro del no-deportivo por un individuo o un grupo que fija un nuevo expediente, tal como la mayoría de libros leídos, mantener la respisación por mayor tiempo. ","Rekord","Nicht-sportliche Leistungen eines Einzelnen oder einer Gruppe, die einen neue Rekord aufstellen, wie meiste gelesene Bücher, längstes Luftanhalten. ","Primati","Record o primati in eventi non sportivi stabiliti da singoli o da gruppi; Guinness Primati ","記録","個人又はグループが達成した息止め最長記録やほとんどの本を読むなどのスポーツ以外の新記録 "
"http://cv.iptc.org/newscodes/subjectcode/08007000","subj:08007000",,"subj:08007000",,,,"imperial and royal matters","Imperial and royal family members, including matters on legal systems. ","Royauté","Les informations sur les membres de familles royales et impériales ","asuntos imperiales, reales","Noticias de los miembros de familias reales e imperiales, incluyendo asuntos de sistemas legales. ","Adel","Adelige oder Angehörige von Königsfamilien, inklusive Angelegenheiten amtierender Königshäuser. ","Case reali","Temi riguardanti membri di famiglie reali o imperiali ","皇室・王室","法制度に関する事項を含む、皇室と王室メンバーについてのニュース "
"http://cv.iptc.org/newscodes/subjectcode/08008000","subj:08008000",,"subj:08008000",,,,"plant","An organism of the kind exemplified by trees, shrubs, grasses, ferns, and mosses, typically growing in a permanent site ",,,,,"Pflanzenwelt","Organismen wie Bäume, Gräser, Farne und Moose, die typischerweise in einem bestimmten Gebiet wachsen. ","Piante","Il verde: alberi, arbusti, prati, felci, muschi ecc. che crescono in un dato luogo ","植物","高木、低木、草、シダ、こけなどに例示される生物であり、一定の場所で成長する "
"http://cv.iptc.org/newscodes/subjectcode/09000000","subj:09000000","subj:09000000",,,,,"labour","Social aspects, organizations, rules and conditions affecting the employment of human effort for the generation of wealth or provision of services and the economic support of the unemployed. ","Social","Ensemble des activités économiques des hommes, d'un pays, en vue de produire quelque chose d'utile pour la communauté, aspects sociaux, organisations, réglements, chômage ","mano de obra","Aspectos sociales, organizaciones, reglas y condiciones que afectan el empleo y la generación de riqueza o provisión de servicios. Soporte económico a los desempleados. ","Arbeit, Soziales","Soziale Aspekte, Organisationen, Regeln und Bedingungen bezogen auf die bezahlte Arbeit von menschlicher Leistung, für eine Generation des Wohlstands oder Belohnung für Dienstleistungen und die wirtschaftliche Unterstützung bei Arbeitslosigkeit. ","Lavoro","Aspetti sociali, organizzazioni, regole e condizioni riguardanti impiego e forme di occupazione e le forme di sostegno per chi non è occupato ","労働","豊かな世代への雇用におけるの人間の努力、またはサービス規定、失業者への経済的サポートに影響する社会的局面、組織、ルールや状況 "
"http://cv.iptc.org/newscodes/subjectcode/09001000","subj:09001000",,"subj:09001000",,,,"apprentices","People who are in the work force at a learning level, serving under a master ","Apprentissage","Salariés qui apprennent un métier sous la direction d'un patron ","aprendices","Personas que forman parte de uanfuerza de trabajo en el nivel inicial, sirviendo bajo un maestro. ","Ausbildung/Lehrstelle","Menschen, die sich lernend im Arbeitsprozess befinden und von einem Ausbilder betreut werden. ","Apprendistato","Attività di formazione lavoro ","職業訓練","雇い主の下で働き、労働力の中において習得段階にある人々 "
"http://cv.iptc.org/newscodes/subjectcode/09002000","subj:09002000",,"subj:09002000",,,,"collective contract","Usually written contracts covering a specific class of worker ","Convention collective","Convention régissant les relations sociales d'une catégorie de salariés ","contratos colectivos","Contratosusualmente escritos y que cubren una clase especifica de trabajadores. ","Tarifvertrag","Schriftliche Verträge, die sich auf eine bestimmte Gruppe von Beschäftigten beziehen. ","Contratti collettivi","Contratti di lavoro di una specifica categoria di lavoratori ","労働協約","通常、労働者の特定クラスをカバーしている契約 "
"http://cv.iptc.org/newscodes/subjectcode/09002001","subj:09002001",,,"subj:09002001",,,"contract issue-wages","Element of contracts and contract discussions centring on remuneration ","Accords salariaux","L'emploi salarié ","contratos/pagos","Elementos acerca de contratos y discusiones de contratos centrados en una remunieración. ","Gehaltstarifvertrag","Teile der Tarifverträge und Tarifverhandlungen, die sich auf die Vergütung beziehen. ","Contratti, Salario","Elemento della negoziazione contrattuale riguardante la remunerazione e gli stipendi ","賃金契約","報酬について的を絞った契約と契約議論の要素 "
"http://cv.iptc.org/newscodes/subjectcode/09002002","subj:09002002",,,"subj:09002002",,,"contract issue-healthcare","Element of contracts and contract discussions centring on health care issues ","Assurance sociale privée","Eléments ou négociation de contrats sur l'assurance sociale privée ","contratos/cuidado de salud","Elementos acerca de contratos y discusiones de contratos centrados en cuidados de salud. ","Krankengeld","Teile des Tarifvertrages und der Tarifverhandlungen, die sich auf die Versorgung im Krankheitsfall beziehen. (Achtung: ist in Deutschland Teil des Manteltarifvertrages und nicht separat geregelt). ","Contratti, Assistenza sanitaria","Elemento della negoziazione contrattuale riguardante l'assistenza sanitaria ","企業健保","健康管理の問題について的を絞った契約と契約議論の要素 "
"http://cv.iptc.org/newscodes/subjectcode/09002003","subj:09002003",,,"subj:09002003",,,"contract issue-work rules","Element of contracts and contract discussions centring on rules affecting issues such as lunch and other breaks, work shifts, vacation scheduling, seniority, sick leave etc. ","Règlement intérieur d'entreprises","Eléments ou négociation de contrats sur le règlement intérieur des entreprises ","contratos/normas de trabajo","Elementos acerca de contratos y discusiones de contratos sobre temas tales como almuerzo, descanso, horas laborales, vacaciones, horarios, antigüedad, etc. ","Manteltarifvertrag","Teile des Tarifvertrages und der Tarifverhandlungen, die sich auf die Versorgung, Pausenregelung, Urlaubsregelung, Arbeitszeit, Krankmeldung etc. beziehen. ","Contratti, Norme lavoro","Elemento della negoziazione contrattuale riguardante le regole sul lavoro e temi quali i turni, le ferie, l'anzianità, ecc... ","就業規則","昼食と他の休憩、交代勤務、休暇計画、年功、病欠などのような規則や、契約の問題に的を絞った契約論議 "
"http://cv.iptc.org/newscodes/subjectcode/09003000","subj:09003000",,"subj:09003000",,,,"employment","Paid labour ","Emploi","Travail rémunéré ","empleo","trabajo pagado. ","Beschäftigung","Bezahlte Arbeit. ","Impiego","Lavoro dipendente remunerato ","雇用","賃金の払われる労働 "
"http://cv.iptc.org/newscodes/subjectcode/09003001","subj:09003001",,,"subj:09003001",,,"labor market","A pool of people who are working or are seeking work ","Marché du travail","Les personnes travaillant ou cherchant du travail ","mercado laboral","Grupo de personas que tienen o buscan trabajo. ","Arbeitsmarkt","Arbeitende und arbeitssuchende Bevölkerung. ","Mercato Lavoro","Temi riguardanti chi lavora o è in cerca di lavoro ","労働市場","働いている、もしくは求職中の労働力 "
"http://cv.iptc.org/newscodes/subjectcode/09003002","subj:09003002",,,"subj:09003002",,,"job layoffs","The reduction of a company's work force through dismissal because of changing economic factors ","Plan social","La diminution du nombre de salariés d'une entreprise par licenciement en raison du changement de la situation économique ","despidos","Reducción de la fuerza laboral de una empresa por medio del despido debido al cambio de factores económicos. ","Personalabbau","Die Reduzierung von Arbeit innerhalb einer Firma durch Entlassungen aufgrund sich ändernder wirtschaftlicher Bedingungen. ","Licenziamento","Riduzione della forza lavoro a causa del cambiamento di fattori economici ","一時解雇","経済的な要因の変化によって生じる企業力衰退による解雇 "
"http://cv.iptc.org/newscodes/subjectcode/09003003","subj:09003003",,,"subj:09003003",,,"child labor","Employment of children, usually under the age of 18 ","Travail des enfants","Le travail des enfants, généralement les moins de 18 ans ","trabajo infantil","Niños que trabajan, generalmente menores de 18 años. ","Kinderarbeit","Beschäftigung von Kindern meistens unter 18 Jahre. ","Lavoro minorile","Lavoro esercitato da minori di 18 anni di età ","少年労働","通常、18歳以下の雇用 "
"http://cv.iptc.org/newscodes/subjectcode/09003004","subj:09003004",,,"subj:09003004",,,"occupations","Generally one's trade, profession or business although professions are usually such things as lawyers and doctors, and occupations are such as clerks or truckers ","Profession","D'une manière générale le métier de quelqu'un, ","ocupaciones","Generalmente es lo que uno se dedica aunque las profesiones son a menudo tales cosas como abogados y doctóreselas ocupaciones son oficinistas o chóferes. ","Beruf","Tätigkeit, Profession oder Geschäft im Allgemeinen, obwohl mit Profession meist Rechtsanwälte und Ärzte, mit Tätigkeit eher Angestellte oder Fernfahrer gemeint sind.","Professioni","Occupazioni , mestieri in generale ","職業","ここで言う職業はtrade(商売)""、""profession""、""business""を示す。普通、""profession""は弁護士や医者といった専門識のことを言い、""occupations""は事務員あるいはトラック運転手などに使われている """
"http://cv.iptc.org/newscodes/subjectcode/09004000","subj:09004000",,"subj:09004000",,,,"labour dispute","Differences of opinion about work conditions, pay, etc ","Conditions de travail","Les débats sur les conditions du travail ","conflictos laborales","Diferentes opiniones acerca de las condiciones de trabajo, pagos, etc. ","Tarifkonflikt","Meinungsverschiedenheiten der Tarifpartner über Arbeitsbedingungen, Bezahlung etc. ","Vertenze","Dispute sul lavoro, sulle condizioni di impiego, sulle paghe, ecc. ","労働争議","労働条件、賃金などに関する見解の相違 "
"http://cv.iptc.org/newscodes/subjectcode/09005000","subj:09005000",,"subj:09005000",,,,"labour legislation","Laws governing work and labour ","Législation du travail","La législation régissant le travail et les relations sociales dans l'entreprise ","legislación laboral","Leyes que riguen el trabajo y los empleos. ","Arbeitsrecht","Gesetze, die Beschäftigung und Arbeit regeln. ","Legislazione Lavoro","Leggi che regolano lavoro e manodopera ","労働法","仕事と労働を管理している法律 "
"http://cv.iptc.org/newscodes/subjectcode/09006000","subj:09006000",,"subj:09006000",,,,"retirement","The years after work ","Retraite","La période commençant à partir de la cessation d'activité rémunérée ","jubilación","Los años despues del trabajo. ","Ruhestand","Die Jahre nach der Berufstätigkeit. ","Pensione","Gli anni dopo il lavoro, periodo che comincia a partire dal collocamento a riposo ","退職","職を終えること "
"http://cv.iptc.org/newscodes/subjectcode/09007000","subj:09007000",,"subj:09007000",,,,"retraining","Providing a worker training in new skills when his old skills are no longer applicable ","Reconversion","L'acquisition de nouvelles compétences ","recapacitación","Proveer a los empleados de nuevos conocimientos cuando sus oficios se convienten en obsoletos. ","Umschulung","Maßnahme, um neue Sachkenntnisse zu erwerben, wenn die bestehenden nicht mehr länger verwendbar sind. ","Riqualificazione","Acquisizione da parte del lavoratore di nuove competenze, anche per mezzo di attività di tirocinio ","再訓練","古びた技量がもはや適用可能でない場合に、新しい技術の労働者トレーニングを提供すること "
"http://cv.iptc.org/newscodes/subjectcode/09008000","subj:09008000",,"subj:09008000",,,,"strike","A job action involving cessation of work ","Grèves","Arrêt de travail ","huelga","Una acción de los empleados que envuelve la paralización de labores. ","Streik","Eine Arbeitsaktion, umfasst die Niederlegung der Arbeit. ","Sciopero","Astensione volontaria dal lavoro attuata per iniziativa dei lavoratori, che determina un'interruzione dell'attività, per ottenere miglioramenti ","ストライキ","業務活動停止を伴う抗議行動 "
"http://cv.iptc.org/newscodes/subjectcode/09009000","subj:09009000",,"subj:09009000",,,,"unemployment","Lack of paid work ","Chômage","Le fait de ne pas avoir d'emploi salarié ","desempleo","falta de trabajo remunerado. ","Arbeitslosigkeit","Das Fehlen von bezahlter Arbeit. ","Disoccupazione","Mancanza di lavoro pagato ","失業","賃金労働を失うこと "
"http://cv.iptc.org/newscodes/subjectcode/09010000","subj:09010000",,"subj:09010000",,,,"unions","Groups established to represent bodies of workers ","Syndicats","L'association de personnes ayant pour but la défense d'intérêts communs ","sindicatos","Grupos establecidos para representar cuerpos de trabajo. ","Gewerkschaft","Etablierte Gruppen, um die Arbeiterschaft zu vertreten. ","Sindacati","Associazioni di lavoratori costituite per tutelare gli interessi economici e professionali della categoria ","労働組合","労働者の団体を代表するために設立された集まり "
"http://cv.iptc.org/newscodes/subjectcode/09011000","subj:09011000",,"subj:09011000",,,,"wage and pension","Parts of a salary divided for current income and future income ","Salaire brut","Salaires réellement versés et cotisations vieillesse ","salarios y pensiones","Parte de un salario dividido por el actual y futuro ingreso. ","Lohn/Rente","Teile des Gehalts, aufgeteilt in aktuelles und zukünftiges Einkommen. ","Paghe, Pensioni","Remunerazioni periodiche spettanti ai lavoratori; Remunerazioni periodiche spettanti a chi è collocato a riposo ","賃金・年金","給料を現収入と将来の収入に分けた部分 "
"http://cv.iptc.org/newscodes/subjectcode/09011001","subj:09011001",,,"subj:09011001",,,"employee benefits","Either benefits provided to an employee by a company, such as pensions, health insurance; or monetary compensation paid by a government to the jobless usually called unemployment benefits ","Allocations sociales","Allocations versées par une société à un employé telles que pension et assurance santé, ou allocations chômage versées par l'état aux sans emploi ","beneficios laborales","Beneficios que se le entregan a un trabajador por una compañía, como pensiones, seguro de salud; o compensación monetaria que el gobierno le paga a los cesantes que generalmente solicitan beneficios de desempleo. ","Arbeitnehmerzulage","Sowohl Vergütungen, die ein Arbeitnehmer von einer Firma erhält, wie Pensionen, Krankenversicherung, als auch der finanzielle Ausgleich, den die Regierung zahlt bei Arbeitslosigkeit, Arbeitslosengeld genannt. ","Indennità'","Sussidi destinati a chi lavora ma anche i sussidi di disoccupazione previsti per chi ne è privo ","福利厚生","年金や健康保険のような、企業から従業員への給付金。あるいは通常失業手当と呼ばれる政府によって失業者に支払われた金銭補償 "
"http://cv.iptc.org/newscodes/subjectcode/09011002","subj:09011002",,,"subj:09011002",,,"social security","FICA. Money paid by individual and companies into a government account to be paid out when that individual reaches a certain age ","Cotisations Vieillesse","Argent versé par une personne et par les entreprises dans un fond public pour être reversé quand l'individu atteint un certain âge ","seguridad social","FICA(Federal Insurance Contributions Act) Dinero que un individuo o empresa paga a una cuenta del gobierno para después que lo reembuelsen cuando esta persona llegue a cierta edad. ","Sozialversicherung","Zahlungen, die von Einzelnen und Firmen an die Regierung geleistet werden und in einem bestimmten Alter an den Einzelnen ausgezahlt wird. ","Previdenza sociale","Assicurazioni sociali finanziate con contribuzione obbligatoria che garantiscono il lavoratore dal rischio di non avere mezzi in caso di invalidità, vecchiaia, malattia, disoccupazione ecc. ","社会保障","連邦保険拠出金法。個人と会社によって政府口座に払い込み、個人がある年齢に達したら支払われるお金 "
"http://cv.iptc.org/newscodes/subjectcode/09012000","subj:09012000",,"subj:09012000",,,,"work relations","The give and take between management and labour ","Relations du travail","Les relations entre patrons et employés ","relaciones laborales","EL dar y recibir entre la administración y los empleados. ","Arbeitsbeziehung","Das Geben und Nehmen zwischen Unternehmensführung und Beschäftigten. ","Rapporto Lavoro","Relazione tra datore lavoro e lavoratore ","労使関係","経営側と労働者間のやりとり "
"http://cv.iptc.org/newscodes/subjectcode/09013000","subj:09013000",,"subj:09013000",,,,"health and safety at work","Rules and procedures for guaranteeing the health of workers ","Règles de sécurité au travail","Le règlement et les procédures internes assurant la sécurité des travailleurs au sein de l'entreprise ","salud y seguridad laboral","Reglas y procedimientos para garantizar la salud de los empleados. ","Arbeitssicherheit","Regeln und Maßnahmen, die die Gesundheit der Arbeiter garantieren. ","Salute, Sicurezza sul lavoro","Regolamenti e procedure assunti sul posto di lavoro per garantire la salute dei lavoratori ","労働安全衛生","労働者の健康を保証する規則と手続き "
"http://cv.iptc.org/newscodes/subjectcode/09014000","subj:09014000",,"subj:09014000",,,,"advanced training","Additional training to enhance current skills ","Formation continue","Formation supplémentaire dans le but de renforcer les aptitudes ","capacitación especializada","Entrenamiento adicional para mejorar la qualidades de un empleado. ","Berufliche Weiterbildung / Fortbildung","Ergänzende Maßnahmen, um aktuelle Sachkenntnisse zu erwerben. ","Tirocinio avanzato","Formazione supplementare per il miglioramento delle competenze ","専門教育","さらに技能を高めるための訓練 "
"http://cv.iptc.org/newscodes/subjectcode/09015000","subj:09015000",,"subj:09015000",,,,"employer","The person who employs workers and pays the salaries and other benefits to workers ","Employeurs","La personne qui emploie des employés, paie les salaires et autres avantages sociaux ","empleadores","La persona que emplea a los ","Arbeitgeber","Derjenige, der Arbeiter beschäftigt und ihre Löhne und andere Vergütungen zahlt. ","Datore lavoro","Chi dà lavoro, paga i salari e le altre competenze dovute ","雇用者","労働者を雇い、給料やその他の手当てなどを支給する者 "
"http://cv.iptc.org/newscodes/subjectcode/09016000","subj:09016000",,"subj:09016000",,,,"employee","A person who trades his time and talent for money and other benefits ","Personnel","Une personne qui échange son temps et ses capacités pour de l'argent ou d'autres avantages ","empleados","Una persona que cambia su tiempo y talento por dinero y otros beneficios. ","Arbeitnehmer","Jemand der seine Zeit und Talente gegen Geld und andere Vergütungen anbietet. ","Lavoratore","Chi svolge la sua attività occupazionale traendone in cambio una paga e altri vantaggi ","被雇用者","自分の時間や能力を代価に、お金やその他の手当てなどを受給する者 "
"http://cv.iptc.org/newscodes/subjectcode/10000000","subj:10000000","subj:10000000",,,,,"lifestyle and leisure","Activities undertaken for pleasure, relaxation or recreation outside paid employment, including eating and travel. ","Vie quotidienne et loisirs","Activités entreprises pour le plaisir personnel en dehors du travail, y compris le restaurant et les voyages ","estilo de vida y tiempo libre","Competencias que generalmente entretienen. ","Freizeit, Modernes Leben","Aktivitäten zum Vergnügen, zur Entspannung und Erholung, außerhalb von bezahlter Arbeit, inklusive Essen und Reisen. ","Tempo libero","Piaceri personali e svaghi, gastronomia e viaggi ","生活・余暇","賃金が支払われる仕事以外で、楽しみのための活動、休養、あるいはレクリエーションであり、食べることや旅行を含んでいる "
"http://cv.iptc.org/newscodes/subjectcode/10001000","subj:10001000",,"subj:10001000",,,,"game","Contests generally for ones amusement ","Jeux","Activité intellectuelle ou physique aux fins d'amusement ","juegos","Competencias que generalmente entretienen. ","Spiel","Allgemeiner Wettstreit zur Unterhaltung. ","Giochi","Attività ludica fisica o intellettuale di puro svago ","ゲーム","一般に娯楽のための競技 "
"http://cv.iptc.org/newscodes/subjectcode/10001001","subj:10001001",,,"subj:10001001",,,"Go","A strategic, deterministic Chinese board game played by alternately placing stones on a grid ","Jeu de Go","Jeu de stratégie d'origine chinoise ","go. ajedrez japonés","Ajedrez japonés. ","Go","Ein strategisches chinesisches Brettspiel. ","Go","Gioco cinese di strategia in cui alternativamente i giocatori depongono o no una pedina su di un tavoliere sul quale è tracciata un griglia ","碁","中国の戦略的ボードゲーム。ます目上に相互に石を置いて競う "
"http://cv.iptc.org/newscodes/subjectcode/10001002","subj:10001002",,,"subj:10001002",,,"chess","A game played on a chequered board with 16 pieces to each side with specific ranges of movement depending on their identity ","échecs","Jeu de stratégie sur un tableau carré divisé en 64 cases, alternativement claires et foncées, et qui oppose deux adversaires munis chacun de 16 pièces blanches pour l'un et noires pour l'autre ","ajedrez","Un juego para el cual se utiliza un tablero con 16 piezas por lado, con especificos movimientos que dependen de su identidad. ","Schach","Ein Spiel, was auf einem quadratischen Brett mit 16 Figuren auf jeder Seite und mit bestimmten Zügen, gespielt wird, die abhängig sind von der Identität der jeweiligen Figur. ","Scacchi","Gioco di strategia fatto su una scacchiera con 16 pezzi per giocatore che compiono specifiche mosse in base alla loro caratteristica ","チェス","両サイドに置いてある各々動かせる範囲が決まっている16個の駒を使って、格子縞の盤上で遊ぶゲーム "
"http://cv.iptc.org/newscodes/subjectcode/10001003","subj:10001003",,,"subj:10001003",,,"bridge","A card game of four players who bet on the hands of each other, developed from Russian whist ","Bridge","Jeu de cartes (52) dérivé du whist et qui oppose deux équipes de deux partenaires dont l'une doit réaliser le contrat ou nombre de plis annoncé aux cours d'enchères initiales ","bridge","Un juego de cartas entre cuatro jugadores quienes apuestas a las manos de cada uno. ","Bridge","Kartenspiel mit vier Spielern, die gegenseitig auf das Blatt des anderen Wetten abschließen, entwickelt aus einem russischen Kartenspiel. ","Bridge","Gioco di carte in quattro a coppie contrapposte, in cui le carte rappresentano lo strumento necessario per sviluppare le manovre. Trova le sue radici nel whist, praticato in Inghilterra fin dal XVI secolo ","ブリッジ","お互いのもち札(お金)をかけて、4人のプレーヤーで行うカードゲーム。ロシア式ホイストが発展したもの "
"http://cv.iptc.org/newscodes/subjectcode/10001004","subj:10001004",,,"subj:10001004",,,"shogi","A strategic board games which is native to Japan and is often called Japanese chess ",,,,,"Shogi","Ein strategisches Brettspiel aus Japan, oft auch Japanisches Schach genannt. ","Shogi","Gioco strategico su una scacchiera originario del Giappone; Scacchi Giapponesi ","将棋","日本固有の戦略的ボードゲームであり、しばしば、ジャパニーズチェスと呼ばれる "
"http://cv.iptc.org/newscodes/subjectcode/10002000","subj:10002000",,"subj:10002000",,,,"gaming and lottery","Gambling, often involving selection of sets of numbers one expects to come up ","Jeux de hasard et loteries","Jeu de hasard impliquant le plus souvent des séries de chiffres que l'on s'attend à voir sortir"" ""","juegos de azar y loterías","Juego que normalmente envuelve la selección de un conjunto de números que uno espera acertar. ","Glücksspiel und Lotterie","Spielen um Geld, meist im Zusammenhang mit Zahlen und dem Setzen auf erhoffte Kombinationen. ","Giochi d'azzardo, Lotterie","Giochi d'azzardo di varia natura; Estrazioni di numeri o di serie di numeri cui sono associati determinati premi in denaro ","くじ・賭博","ギャンブル。しばしば、一連の数字から当たると期待するものを選ぶことを必要とする "
"http://cv.iptc.org/newscodes/subjectcode/10003000","subj:10003000",,"subj:10003000",,,,"gastronomy","The art of good eating ","Gastronomie","L'art du bien manger ","gastronomía, restoranes y cocina","EL arte de comer bien. ","Essen und Trinken","Die Kunst des guten Essens. ","Gastronomia","Arte del mangiare e del bere bene ","グルメ","美食の技術 "
"http://cv.iptc.org/newscodes/subjectcode/10003001","subj:10003001",,,"subj:10003001",,,"organic foods","Food which is grown using no artificial fertilizers or chemical compounds ","Aliments biologiques","La nourriture biologique élevée sans l'utilisation de fertilisants ou autres composés chimiques ","alimentos orgánicos","Comida que se produce no usando fertilizantes artificiales o compuestos químicos. ","Biologische Nahrungsmittel","Nahrungsmittel, die erzeugt wurden, ohne künstlichen Dünger oder chemische Zusätze. ","Alimenti biologici","Alimenti composti esclusivamente di elementi naturali e senza aver fatto uso di fertilizzanti artificiali o composti chimici ","自然食品","人工の肥料あるいは化合物を使わずに育てられる食物 "
"http://cv.iptc.org/newscodes/subjectcode/10004000","subj:10004000",,"subj:10004000",,,,"hobby","Various types of activities for amusement, such as collecting stamps, building models, quilting, crafts ","Violons d'Ingres","Passe temps divers : collections, modélisme, broderie,… ","pasatiempos","Varios tipos de actividades para la entretención tales como coleccionar estampillas, construir modelos, costura o manualidades. ","Hobby","Verschiedene Arten der Freizeitbeschäftigung, wie z.B. Sammeln von Briefmarken, Modellbau, Handarbeit, Kunstgewerbe. ","Hobby","Attività varie realizzate per puro divertimento; Passatempi ","趣味","楽しみのための様々な行動。たとえば、切手収集や模型作り、キルト作り、クラフトのようなもの "
"http://cv.iptc.org/newscodes/subjectcode/10004001","subj:10004001",,,"subj:10004001",,,"DIY","DIY - do it yourself. Normally the construction, repair or maintenance of residential property by an amateur ",,,,,"Heimwerken","Do it yourself. Reparatur, Bau oder Instandhaltung im häuslichen Bereich durch einen Nichtfachmann. ","Bricolage","Attività manuale e piccoli lavori di costruzione, riparazione o altro eseguiti in casa per passatempo e per proprio diletto; Fai da te ","ＤＩＹ","ドゥ・イット・ユアセルフ。愛好家による住居の建設、修理、維持など。 "
"http://cv.iptc.org/newscodes/subjectcode/10004002","subj:10004002",,,"subj:10004002",,,"shopping","Consumer purchasing and related trends, but not the business aspects of retailing ",,,,,"Shopping","Konsumeinkäufe und Entwicklungen in diesem Zusammenhang, nicht den wirtschaftlichen Aspekt des Handels betreffend. ","Shopping","Andare in giro per negozi per guardare e fare acquisti, soprattutto di capi di vestiario o accessori personali, ma non l'aspetto strettamente commerciale della vendita ","ショッピング","消費者の購入動向、ただし小売りの事業的側面ではない "
"http://cv.iptc.org/newscodes/subjectcode/10004003","subj:10004003",,,"subj:10004003",,,"gardening","The non-commercial aspects of landscaping, growing plants, trees and other vegetation that gives pleasure to the gardener and others ",,,,,"Gärtnern","nicht-kommerzielle Seite der Gärtnerei, Bepflanzung von Bäumen und anderer Vegetation, die dem Gärtner und anderen Freude machen. ","Giardinaggio","Arte, tecnica ed altri aspetti non commerciali riguardanti la cura delle piante, degli alberi e del verde in generale, intesa come passatempo per chi lo fa ","園芸","造園、植樹、植栽などの植物に関する非営利的側面であり、本人と他の人々に喜びをもたらす "
"http://cv.iptc.org/newscodes/subjectcode/10005000","subj:10005000",,"subj:10005000",,,,"holiday or vacation","Leisure travel to a single location and/or country over a short period of time ","Vacances","Courte période de repos pendant laquelle une personne se rend en voyage dans un lieu et/ou un pays ","vacaciones","Artículos sobre viajes recreativos a un solo lugar y/o país durante un período corto. ","Urlaub","Freizeitreise zu einem bestimmten Ort und/oder Land. ","Vacanze","Viaggi o permanenza in determinati luoghi per riposo o per svago; Villeggiature ","休暇","一つの場所そして/あるいは国をまたぐ短い期間のレジャー旅行 "
"http://cv.iptc.org/newscodes/subjectcode/10006000","subj:10006000",,"subj:10006000",,,,"tourism","Leisure travel involving visits to a number of locations and/or countries over an extended period of time, often as part of an organized group ","Tourisme","Voyage de loisir dans des différents lieux et/ou pays, souvent dans le cadre d'un groupe organisé ","turismo","Artículos sobre viajes recreativos que involucren visitas a una serie de lugares y/o países durante un período prolongado, a menudo como parte de un grupo organizado. ","Reise","Freizeitreise zu mehreren Orten und/oder Ländern über einen längeren Zeitraum, oft im Rahmen einer größeren Gruppe. ","Turismo","Viaggi compiuti durante il tempo libero, con visite, spesso facendo parte di gruppi organizzati; Iniziative relative al turismo ","観光旅行","しばしば団体グループの一部として、長い期間にわたって多くの場所そして/あるいは国々への訪問を伴うレジャー旅行 "
"http://cv.iptc.org/newscodes/subjectcode/10007000","subj:10007000",,"subj:10007000",,,,"travel and commuting","Transport options, travel networks, commuting, car pooling and business travel ","Voyage et transport quotidien","Stories about transport options, travel networks, commuting, car pooling and business travel ","viajes y desplazamiento diario","Artículos acerca de opciones de transporte, redes de viajes, desplazamiento laboral diario, acuerdos de turnos para el traslado y viajes de negocios. ","Reiseverkehr","Transportbedingungen, Reiseverbindungen, Pendelverkehr, Fahrdienste und Geschäftsreisen. ","Spostamenti, Trasporti quotidiani","Temi riguardanti le varie opzioni di trasporto, collegamenti, pendolari, car pooling e viaggi d'affari ","通勤・出張","輸送経路、旅行ネットワーク、通勤、相乗りとビジネス旅行 "
"http://cv.iptc.org/newscodes/subjectcode/10007001","subj:10007001",,,"subj:10007001",,,"traffic","Traffic reports and/or warnings ","Information routière","L'information routière : état des routes, embouteillages,... ","tráfico","Reportes de tráfico y/o alertas. ","Verkehrsbericht","Verkehrsberichte und/oder Warnhinweise. ","Traffico","Informazioni riguardanti il traffico: stato delle strade, formazione di code, esodi e controesodi ecc. ","交通情報","交通に関する情報や警告 "
"http://cv.iptc.org/newscodes/subjectcode/10008000","subj:10008000",,"subj:10008000",,,,"club and association","Organizations joined by individuals because of similar interests ","Associations et clubs","Cercle de personnes avec un intérêt commun se réunissant régulièrement dans un lieu déterminé ","clubes y asociaciones","Organización integrada por individuos que comparten los mismos intereses. ","Verein","Einrichtungen, die von Einzelnen besucht werden, aufgrund gemeinsamer Interessen. ","Club, associazioni","Circoli o organizzazioni cui aderiscono individui con interessi comuni ","クラブ・協会","同じような興味を持った人が参加する団体 "
"http://cv.iptc.org/newscodes/subjectcode/10009000","subj:10009000",,"subj:10009000",,,,"lifestyle (house and home)","Unique culture of ones own home ","Vie quotidienne","Le mode de vie à la maison ","estilo de vida (casa y hogar)","La cultura de nuestros hogares. ","Wohnen","Einheitliche Kultur und Einrichtung des eigenen Heims. ","Vita quotidiana","Vita in casa e in famiglia ","住まい・暮らし","家庭のなかの独自文化 "
"http://cv.iptc.org/newscodes/subjectcode/10010000","subj:10010000",,"subj:10010000",,,,"leisure (general)","Activities carried out in ones' spare time ","Loisirs","Les activités pratiquées pendant son temps libre ","tiempo libre (general)","Actividades realizadas por uno en su tiempo libre. ","Freizeit","Aktivitäten, die jemand in seiner freien Zeit ausübt. ","Svaghi (generico)","Attività varie realizzate durante il proprio tempo libero ","レジャー（一般）","余暇で行う行動 "
"http://cv.iptc.org/newscodes/subjectcode/10011000","subj:10011000",,"subj:10011000",,,,"public holiday","A day or days set off for celebration ","Jour férié","Jour(s) de congé férié ","festivos","Día o días destinados a celebraciones. ","Feiertag","Ein oder mehrere Tage, die für Feierlichkeiten festgesetzt sind. ","Festività","Giorni dedicati a celebrazioni, cerimonie pubbliche ","休日","祝うための日あるいは日々 "
"http://cv.iptc.org/newscodes/subjectcode/10012000","subj:10012000",,"subj:10012000",,,,"hunting","An activity involving the use of weapons or traps for the capturing of animals ","Chasse","Action de poursuivre des animaux dans le but de les tuer ou de les capturer ","caza","Una actividad que implica el uso de armas de fuego o tgrampas para la captura de animales. ","Jagd","Eine Aktivität, bei der Waffen oder Fallen benutzt werden, um Tiere zu fangen. ","Caccia","Attività che prevede l'uso di armi o trappole per catturare animali ","狩猟","武器や罠を使って動物を捕まえる活動 "
"http://cv.iptc.org/newscodes/subjectcode/10013000","subj:10013000",,"subj:10013000",,,,"fishing","An activity involving the use of baits, lures, weapons and traps for the capture of aquatic species ","Pêche","Action de poursuivre des espèces aquatiques dans le but de les tuer ou de les capturer ","pesca","Una actividad que implica el uso de carnadas, anzuelos o harpones para la captura de especies acuaticas. ","Angeln","Eine Aktivität, die Köder, Waffen und Netze benutzt um Wassertiere zu fangen. ","Pesca","Attività che richiede l'uso di esche, ami, armi e trappole per la cattura di specie acquatiche ","釣り","餌、ルアー、武器、罠を使って水生種を捕まえる活動 "
"http://cv.iptc.org/newscodes/subjectcode/10014000","subj:10014000",,"subj:10014000",,,,"auto trends","The evolution of the automobile ","Evolution de l'automobile","Les tendances d'évolution de l'automobile ","evolución del automóvil","Evolución del automóvil. ","Oldtimer","Entwicklungsgeschichte des Autos. ","Automobili","Evoluzione delle automobili, auto di moda, saloni automobilistici ","自動車情報","自動車の進化 "
"http://cv.iptc.org/newscodes/subjectcode/10015000","subj:10015000",,"subj:10015000",,,,"adventure","Expeditions, daring feats, exploration, record-breaking, risk-associated events ",,,,,"Abenteuer","Expeditionen, Entdeckungsreisen, gefährliche Kunstsstücke, Rekorde, risikoreiche Ereignisse ","Avventura","Spedizioni, prove di abilità, esplorazioni, superamento di record, situazioni rischiose ","冒険","探検、冒険、記録への挑戦、危険をともなう催し "
"http://cv.iptc.org/newscodes/subjectcode/10016000","subj:10016000",,"subj:10016000",,,,"beauty","Issues relating to improving one's appearance and attractiveness, including reviews of beauty products ",,,,,"Schönheit","Artikel in Bezug auf Attraktivität und äußerliches Erscheinen, beinhaltet auch die Besprechung von Schönheitsprodukten ","Bellezza","Cosmesi, prodotti e riviste riguardanti la cura del corpo e i prodotti cosmetici ","美容","人々の容姿や魅力の向上に関する活動で、美容品の紹介を含む "
"http://cv.iptc.org/newscodes/subjectcode/10017000","subj:10017000",,"subj:10017000",,,,"consumer issue","Shopping, products for the home, relevant surveys, product recalls ",,,,,"Konsum","Einkaufen, relevante Umfragen, Reklamationen, Produkte in Bezug auf Haushalt und Wohnen. ","Questioni Spesa","Acquisti, prodotti per la casa, indagini, richiami di prodotti ","消費者問題","家庭消費のための商品購入、関連する調査、商品のリコール "
"http://cv.iptc.org/newscodes/subjectcode/10018000","subj:10018000",,"subj:10018000",,,,"wedding","The marriage ceremony and the events that surround it - showers, rehearsal, parties, honeymoon, etc. ",,,,,"Hochzeit","Die Heiratszeremonie und die Ereignisse, die damit zusammenhängen wie Hochzeitsnacht, Parties, Vorbereitungen, Geschenke ","Matrimonio","Cerimonia di Nozze ed eventi correlati: ricevimento, addio al celibato/nubilato, luna di miele, ecc. ","結婚式","結婚とそれに伴う出来事、結婚祝い、式のリハーサル、パーティ、新婚旅行など "
"http://cv.iptc.org/newscodes/subjectcode/11000000","subj:11000000","subj:11000000",,,,,"politics","Local, regional, national and international exercise of power, or struggle for power, and the relationships between governing bodies and states. ","Politique","Tout ce qui est relatif à l'exercice du pouvoir local, régional, national et international ainsi que les relations entre gouvernements et états ","política","Ejercicio o lucha local, regional, nacional e internacional por el poder, y relaciones entre las entidades rectoras y los estados. ","Politik","Lokale, regionale, nationale und internationale Übungen der Stärke oder zur Erlangung von Stärke, und die Beziehung zwischen regierenden Einheiten und Staaten. ","Politica","Attività di governo e legislativa a livello locale, regionale, nazionale e internazionale, i partiti, le relazioni tra enti governativi e tra gli stati ","政治","地方、地域、国家および国際的な権力の行使、権力のための闘争や、統治する組織や国家の間の関係 "
"http://cv.iptc.org/newscodes/subjectcode/11001000","subj:11001000",,"subj:11001000",,,,"defence","Anything involving the defence of one's own country ","Défense","Toute action pour défendre son pays ","defensa","Cualquier cosa que tenga que ver con la defensa de su propio país. ","Verteidigung","Alles was die Verteidigung des eigenen Landes umfasst. ","Difesa","Attività e politica relative alla Difesa del paese ","防衛","自分自身の国を防御すること "
"http://cv.iptc.org/newscodes/subjectcode/11001001","subj:11001001",,,"subj:11001001",,,"veterans affairs","Care and provision for those who served in the military ","Anciens combattants","La prise en charge des anciens combattants ","asuntos de ex combatientes","Cuidado y previsión de aquellos que sirven en las fuerzas armadas. ","Veteran","Versorgung und Pensionen für ehemalige Soldaten. ","Veterani, Reduci","Attenzioni e provvedimenti rivolti per chi ha servito sotto le armi, specie durante un conflitto ","退役軍人","軍役に服した人への世話と支給 "
"http://cv.iptc.org/newscodes/subjectcode/11001002","subj:11001002",,,"subj:11001002",,,"national security","The philosophy of securing a nation and its borders, as well as the well being of its citizens ","Sécurité nationale","Philosophie politique pour assurer la sécurité d'un pays, de ses frontières et du bien être de ses citoyens ","seguridad nacional","Filosofía de proteger al país y sus fronteras, como también a el bien común de sus ciudadanos. ","Nationale Sicherheit","Die Sicherheitsvorstellungen ein Land und seine Grenzen zu schützen, genauso wie das Wohlergehen der Bürger. ","Sicurezza nazionale","Protezione della nazione e dei suoi confini, come anche il bene comune dei suoi cittadini ","国家安全保障","市民の安寧と同様に、国とその国境を安全に保つことについての考え方 "
"http://cv.iptc.org/newscodes/subjectcode/11001003","subj:11001003",,,"subj:11001003",,,"security measures","Means of making a nation, a state, a building or a person secure from harm and outside interference. ","Mesures de sécurité","Les moyens de protéger un pays, un état, un bâtiment ou une personne d'éventuelles agressions extérieures ","medidas de seguridad","Medio para construir un país, estado, edificio o proteger a una persona de daños desde el exterior. ","Sicherheitsmaßnahme","Mittel eine Nation, einen Staat, ein Gebäude oder eine Person vor Verletzung und äußeren Eingriffen zu schützen. ","Misure Sicurezza","Adozione di mezzi e misure volti a garantire la sicurezza di una nazione, uno stato, un edificio o una persona da danni/torti e interferenze esterne ","治安対策","国･国家･建物･人を、災難や外部の妨害から保護すること "
"http://cv.iptc.org/newscodes/subjectcode/11001004","subj:11001004",,,"subj:11001004",,,"armed Forces","Those employed by a government to conduct war, or to enforce the security of a nation ","Forces armées","Fonctionnaires chargés de conduire la guerre et d'assurer la sécurité d'un pays ","fuerzas armadas","Aquellos contratados por el gobierno para dirigir un conflicto armado, o para asegurar la seguridad de un país. ","Bundeswehr","Die Angestellten der Regierung, die im Krieg eingesetzt werden oder die Sicherheit einer Nation durchsetzen. ","Forze Armate","Insieme di uomini, donne e mezzi destinati alla difesa militare dello Stato ","軍隊","戦争を行う、あるいは国家の安全保障のために政府により雇用された人たち "
"http://cv.iptc.org/newscodes/subjectcode/11001005","subj:11001005",,,"subj:11001005",,,"military equipment","Equipment issued to members of the armed forces ","équipement militaire","Ce qui équipe les membres des forces armées ","equipamiento militar","Equipamiento entregado a miembros de las fuerzas armadas. ","Militärische Ausrüstung","Ausrüstung der bewaffneten Streitkräfte. ","Equipaggiamento militare","Equipaggiamento di cui sono dotati i vari componenti delle forze armate ","軍装備品","軍隊のメンバーに支給される装備 "
"http://cv.iptc.org/newscodes/subjectcode/11001006","subj:11001006",,,"subj:11001006",,,"firearms","Anything that uses an explosive in a directed manner to propel an object that can maim or kill ","Armes à feu","Engins utilisant une matière explosive pour propulser un objet dans le but de mutiler ou de tuer ","arma de fuego","Todo lo que use un explosivo de manera directa para impulsar un objeto que pueda mutilar o matar. ","Waffen","Alles, was eine direkte Explosion nutzt, um ein Objekt zu betreiben, was verletzt oder tötet. ","Armi da fuoco","Strumenti portatili che utilizzano una carica esplosiva per sparare un proiettile in grado di ferire o uccidere; fucili, pistole, mitragliatrici ecc. ","兵器","火薬を直接用い、殺傷力のある物体を発射するもの "
"http://cv.iptc.org/newscodes/subjectcode/11001007","subj:11001007",,,"subj:11001007",,,"biological and chemical weapons","Devices using biological agents, or chemical mixtures to disable, maim or kill an opponent ","Armes biologiques et chimiques","Engins utilisant des agents biologiques ou chimiques dans le but de neutraliser, mutiler ou tuer un adversaire ","armas biológicas y químicas","Aparatos que emplean agentes biológicos, o mezclas químicas para inutilizar, mutilar o matar a un enemigo. ","Biologische und Chemische Waffen","Biologische Hilfsmittel, oder chemische Substanzgemische, um einen Gegner kampfunfähig zu machen, zu verletzen oder zu töten. ","Armi biologiche, chimiche","Dispositivi d'arma che utilizzano agenti biologici o composti chimici ","生物化学兵器","生物媒体または化学混合物で敵に障害を与える、または殺傷する兵器 "
"http://cv.iptc.org/newscodes/subjectcode/11001008","subj:11001008",,,"subj:11001008",,,"missile systems","Anything that propels an inert, explosive, biological or chemical object through the air with the aim of disabling, maiming or killing an opponent. ","Systèmes de missiles","Engins chargés d'explosifs de forte puissance, d'agents biologiques ou chimiques, ayant leur propre système de propulsion et de guidage dans le but de neutraliser, mutiler ou tuer un adversaire ","sistemas de misiles","Todo lo que impulse un objeto inerte, explosivo, biológico o químico a través del aire con el objeto de lisiar, mutilar o matar a un enemigo. ","Raketensystem","Alles, was ein Gas, eine Explosion, biologische oder chemische Objekte durch die Luft befördert in der Absicht einen Gegner kampfunfähig zu machen, zu verletzen oder zu töten. ","Sistemi missilistici","Dispositivi d'arma autoguidati o teleguidati con sistemi di autopropulsione in grado di portare cariche di vario genere ","ミサイル","敵に障害を与える、または殺傷する目的で、不活性物質や爆発物あるいは生物化学物体を空中に推進させるもの "
"http://cv.iptc.org/newscodes/subjectcode/11001009","subj:11001009",,,"subj:11001009",,,"nuclear weapons","Weapons that use controlled radioactivity from the decay of certain elements to disable, maim or kill an opponent ","Arme nucléaire","Engins explosifs utilisant la réaction nucléaire et la radioactivité dégagée pour neutraliser, mutiler ou tuer un adversaire ","armas nucleares","Armas que emplean radioactividad controlada desde la descomposición de ciertos elementos hasta lisiar, mutilar y matar a un enemigo. ","Nuklearwaffen","Waffen, die kontrollierte Radioaktivität nutzen durch den Zerfall verschiedener Elemente um den Gegner kampfunfähig zu machen, zu verletzten oder zu töten. ","Armi nucleari","Armi che producono o utilizzano energia nucleare ","核兵器","ある種の元素の崩壊によって生じる放射能をコントロールし、敵を無力にしたり、傷つけたり、または殺害するために使用する兵器 "
"http://cv.iptc.org/newscodes/subjectcode/11002000","subj:11002000",,"subj:11002000",,,,"diplomacy","The use of verbal and written skills for persuading others to your point of view ","Diplomatie","L'art de la négociation entre états, gouvernements ","diplomacia","El uso de las habilidades escritas y habladas que permiten disuadir el punto de vista de otros. ","Diplomatie","Anwendung sprachlicher oder schreibender Fähigkeiten, um andere von den eigenen Standpunkten zu überzeugen. ","Diplomazia","Rapporti politici fra gli Stati ed i Governi, l'attività di negoziazione ","外交","言葉や書面であなたの見解を他人に説得する技術 "
"http://cv.iptc.org/newscodes/subjectcode/11002001","subj:11002001",,,"subj:11002001",,,"summit","Includes meetings of leaders, foreign and finance ministers from the Group of Eight major nations and Group of Seven industrialized nations. ","Sommet","Rencontre entre dirigeants d'au moins deux pays au niveau des chefs d'état ou de gouvernement. (Ex: Conseil européen, G7 et G8) y compris au niveau des ministres des affaires étrangères ou des finances ","cumbre","Incluye reuniones de líderes, ministros de relaciones exteriores y de finanzas del Grupo de los Ocho países principales y Grupo de los Siete países industrializados. ","Gipfel/G-7/ G-8","Umfasst Treffen von Regierenden, Außen- und Finanzministern der Gruppe der 8 größten Staaten und der Gruppe der 7 Industriestaaten (G7/G8). ","Summit","Vertici di capi di governo e/o ministri, compresi G8 e G7 ","サミット","主要8カ国(G8)および先進7カ国(G7)の首脳、外務大臣及び大蔵大臣の会議 "
"http://cv.iptc.org/newscodes/subjectcode/11002002","subj:11002002",,,"subj:11002002",,,"international relations","Non-violent relations between nations through negotiation, treaty, or personal meetings ",,,,,"Internationale Beziehungen","Nichtgewalttätige Beziehung zwischen zwei Staaten in Form von Verhandlungen, Verträgen und persönlichen Treffen ","Relazioni Internazionali","Rapporti fra gli stati per mezzo di relazioni diplomatiche, trattati o incontri ","国際関係","交渉、条約、あるいは私的会議を通しての非暴力による国家間の関係 "
"http://cv.iptc.org/newscodes/subjectcode/11002003","subj:11002003",,,"subj:11002003",,,"peace negotiations","Negotiations intended to bring an end to a conflict ",,,,,"Friedensverhandlung","Verhandlung, die das Ende eines Konflikts herbeiführen soll ","Negoziati Pace","Negoziati avviati per porre fine ad un conflitto ","和平交渉","対立の終結を意図した交渉 "
"http://cv.iptc.org/newscodes/subjectcode/11002004","subj:11002004",,,"subj:11002004",,,"alliances","Coalitions of like-minded groups formed to present a stronger force against any challenges ",,,,,"Bündnis","Koalitionen gleichgesinnter Gruppen, die sich bilden um eine stärkere Kraft gegen jede Herausforderung demonstrieren zu können. ","Alleanze","Coalizioni di gruppi che la pensano alla stessa maniera per presentare una forza maggiore contro ogni sfida ","同盟","どんな挑戦に対しても、より強い力を示すための同種の考え方をもつ組織同志の提携 "
"http://cv.iptc.org/newscodes/subjectcode/11003000","subj:11003000",,"subj:11003000",,,,"election","The selection of representatives by the casting of votes ","élections","La désignation d'un ou plusieurs représentants par un vote ","elecciones","La selección de un representante mediante el conteo de votos. ","Wahl","Die Auswahl der Repräsentanten durch das Abgeben von Stimmen. ","Elezioni","Scelta democratica da parte di un popolo di suoi rappresentanti chiamati a governarlo e a legiferare ","選挙","投票による代表者の選出 "
"http://cv.iptc.org/newscodes/subjectcode/11003001","subj:11003001",,,"subj:11003001",,,"political candidates","Individuals who are chosen to stand for office ","Candidats","Personnes qui postulent à un mandat électif ","candidatos políticos","Individuos que se eligen para representar y tener un cargo político. ","Kandidat","Individuen, die sich zur Wahl stellen. ","Candidato","Chi si presenta per essere votato nella competizione elettorale per una determinata carica politica ","候補者","公職につくために選択される個人 "
"http://cv.iptc.org/newscodes/subjectcode/11003002","subj:11003002",,,"subj:11003002",,,"political campaigns","Campaigns for public office ","Campagne électorale","Campagne pour l'élection à une charge publique ","campañas políticas","Campañas para tener un cargo político. ","Wahlkampf","Kampagnen für öffentliche Parteien. ","Campagna elettorale","Campagna che si svolge in vista del voto ","政治活動","公職の運動 "
"http://cv.iptc.org/newscodes/subjectcode/11003003","subj:11003003",,,"subj:11003003",,,"campaign finance","The money that makes campaigns for public office possible ","Financement de campagne","L'argent utilisée pendant la campagne à des fins de propagande électorale ","campañas financieras","Dinero que financia las campañas para un cargo publico. ","Wahlkampffinanzierung","Geld, das Kampagnen für öffentliche Parteien ermöglicht. ","Finanziamento elettorale","Denaro utilizzato per finanziare una campagna elettorale ","政治資金","公職につくための運動を可能にするためのお金 "
"http://cv.iptc.org/newscodes/subjectcode/11003004","subj:11003004",,,"subj:11003004",,,"national elections","Choosing individuals for government at a national level ","Elections nationales","Le choix des personnes pour gouverner au niveau national ","elecciones nacionales","Elegir personas para el gobierno a nivel nacional. ","Bundestagswahl","Wahl einzelner Regierungsvertreter auf nationaler Ebene. ","Politiche","Elezioni per scegliere rappresentanti e governanti a livello nazionale ","国政選挙","国家レベルの政治のため、個人を選出 "
"http://cv.iptc.org/newscodes/subjectcode/11003005","subj:11003005",,,"subj:11003005",,,"regional elections","Choosing individuals for government at a regional level ","Elections régionales","Le choix des personnes pour gouverner au niveau régional ","elecciones regionales","Elegir personas para el gobierno a nivel regional. ","Landtagswahl/Bürgerschaftswahl","Wahl einzelner Regierungsvertreter auf der regionalen Ebene. ","Regionali","Elezioni per scegliere rappresentanti e governanti a livello Regionale ","地域選挙","地域レベルで政治家を選ぶ "
"http://cv.iptc.org/newscodes/subjectcode/11003006","subj:11003006",,,"subj:11003006",,,"local elections","Choosing individuals for government at the basic level, whether city, village or county ","Elections locales","Le choix des personnes pour gouverner au niveau local, généralement municipal ","elecciones locales","Elegir personas para el gobierno a nivel básico, ya sea en cuidad, aldea o condado. ","Kommunalwahl","Wahl einzelner Regierungsvertreter auf der unteren Ebene, wie Stadt, Kreis oder Bezirk. ","Amministrative","Elezioni per scegliere rappresentanti e governanti a livello locale (provincia, comune, circoscrizione, ecc.) ","地方選挙","都市、村、郡の基本レベルで政治家を選ぶ "
"http://cv.iptc.org/newscodes/subjectcode/11003007","subj:11003007",,,"subj:11003007",,,"voting","The act of selecting an individual you would like to represent your interests in government ","Opération de vote","Acte par lequel une personne exprime son opinion en désignant le candidat qu'elle souhaiterait voir représenter ses intérêts ","votación","Acto de seleccionar que le gustaría que representara sus intereses en el gobierno. ","Stimmwahl","Die Wahl eines Individuums, der die eigenen Interessen in der Regierung vertreten soll. ","Voto","Operazioni elettorali durante le quali il cittadino è chiamato a scegliere fra i vari candidati, ma anche i dati relativi all'affluenza dei votanti, nonché i dati con i risultati elettorali al termine dello scrutinio ","投票","個人の主張を代表する政治家を選出する行為 "
"http://cv.iptc.org/newscodes/subjectcode/11003008","subj:11003008",,,"subj:11003008",,,"poll","Periodic measurement of a political candidate's standing with the public ","Sondage","Mesure périodique de l'état de l'opinion vis-à-vis d'un parti ou d'un candidat ","encuesta","Monitoreo constante de la posicion de un político ante el público. ","Wahlumfrage","Regelmäßige Erhebung des Meinungsbildes in der Öffentlichkeit zu einem politischen Kandidaten. ","Sondaggio elettorale","Misurazione periodica del favore del pubblico di cui gode un candidato politico ","世論調査","選挙立候補者への市民からの支持を定期的に測定すること "
"http://cv.iptc.org/newscodes/subjectcode/11003009","subj:11003009",,,"subj:11003009",,,"european elections","Choosing individuals for a body which is at a higher level than national government, e.g. European parliament ","Elections européennes","Elire des candidats au Parlement européen ","elecciones europeas","Elecciones individuales de un individuo para integrar un cuerpo internacional. Ej. Parlamento Europeo. ","Europawahl","Wahl von Vertretern in ein Gremium auf höherer als nationaler Ebene, z.B Europaparlament. ","Europee","Elezioni che interessano un'istituzione a livello superiore a quello nazionale, per es. per il Parlamento Europeo ","欧州選挙","国の政府より上位にあたる団体(例えば欧州議会)の構成員を選出すること "
"http://cv.iptc.org/newscodes/subjectcode/11003010","subj:11003010",,,"subj:11003010",,,"primary","Preliminary elections on a local or regional basis leading up to a regional or national election ","Elections primaires","Elections préliminaires au niveau local ou régional ","primarias","Elecciones primarias a nivel local o regional con miras a eleciones regionales o nacionales. ","Vorwahl","Vorwahlen auf lokaler oder regionaler Ebene, die zu einer regionalen oder nationalen Wahl führen. ","Primarie","Consultazioni preliminari condotte su base locale o regionale per la scelta di candidati in vista delle elezioni amministrative, regionali o politiche ","予備選","地方、国政選挙につながる地域あるいは地方基盤での予備選挙 "
"http://cv.iptc.org/newscodes/subjectcode/11004000","subj:11004000",,"subj:11004000",,,,"espionage and intelligence","Covert collection of information ","Espionnage","Collecte clandestine de renseignements ","espionaje e inteligencia","Colección secreta de información. ","Spionage und Geheimdienst","Versteckte Beschaffung von Informationen. ","Servizi Segreti, Intelligence","Raccolta segreta di informazioni ed interventi per la sicurezza dello Stato ","情報機関","情報の隠れた収集 "
"http://cv.iptc.org/newscodes/subjectcode/11005000","subj:11005000",,"subj:11005000",,,,"foreign aid","Help provided by one nation to another ","Aide internationale","Aide apportée par un pays à un autre ","ayuda internacional","Ayuda proporcionada por una nación a otra. ","Auslandshilfe","Hilfe, die ein Land einem anderen gewährt. ","Aiuto estero","Aiuto fornito da una nazione ad un 'altra, o a paesi in via di sviluppo; Aiuti internazionali ","対外援助","国によって外部に提供された援助 "
"http://cv.iptc.org/newscodes/subjectcode/11005001","subj:11005001",,,"subj:11005001",,,"economic sanction","Punitive actions taken by one country against another including trade restrictions, embargoes etc. ","Sanction économique","Sanctions prises par un pays contre un autre, comme un embargo ou des restrictions commerciales ","sanción económica","Acciones punitivas tomadas por un país en contra de otro, incliyendo restricciones cambiarias, embargos, etc. ","Wirtschaftliche Sanktion","Strafende Handlungen eines Staates gegen einen anderen, Handelseinschränkungen, Embargos etc. beinhaltend ","Sanzioni economiche","Sanzioni adottate da un'istituzione internazionale, da un gruppo di paesi o da un solo paese a discapito di un altro: restrizioni sul commercio, embarghi, ecc... ","経済制裁","ある国に対し、相反するもう一つの国が貿易規制や通商禁止などを含む懲罰を行うこと "
"http://cv.iptc.org/newscodes/subjectcode/11006000","subj:11006000",,"subj:11006000",,,,"government","The system for ruling a country ","Gouvernement","Groupe de personnes désignées ou élues pour administrer un pays ","gobierno","El sistema que rige a un país. ","Regierung","Das regulierende System eines Landes. ","Governo","Sistema di governo che amministra una nazione ","政府","国を統治するためのシステム "
"http://cv.iptc.org/newscodes/subjectcode/11006001","subj:11006001",,,"subj:11006001",,,"civil and public service","The paid service by civilians for the government, and the often non-paid service of individuals for the benefit of others (public service) ","Service public","Les services fournis à titre onéreux ou gratuits par les fonctionnaires de l'état au bénéfice des usagers ","servicios civiles y públicos","El servicio pagado de parte de civiles para el gobierno, y el frecuentemente servicio no pagado de individuos para el beneficio de otros (servicios publicos). ","Öffentlicher Dienst","Bezahlte Dienstleistung von Zivilisten für die Regierung und die oftmals unbezahlte eherenamtliche Dienstleistung für andere. ","Pubblica amministrazione, PA","Enti le cui funzioni principali consistono nel produrre beni e servizi per la collettività non destinati alla vendita; Servizi pubblici ","行政","政府が市民に行うサービス、またしばしば他の利益のための特殊な無償のサービス(社会奉仕) "
"http://cv.iptc.org/newscodes/subjectcode/11006002","subj:11006002",,,"subj:11006002",,,"safety of citizens","Government policies to protect the well being of its citizens ","Sécurité publique","Les politiques gouvernementales pour protéger le bien être des citoyens ","seguridad ciudadana","Políticas gubernamnetales para proteguer el bienestar de los ciudadanos. ","Innere Sicherheit","Regierungspolitik, die das Wohlergehen der Bürger schützt. ","Sicurezza Cittadini","Politiche pubbliche finalizzate alla protezione del benessere dei cittadini ","市民の安全","市民の福利を保護する政府の政策 "
"http://cv.iptc.org/newscodes/subjectcode/11006003","subj:11006003",,,"subj:11006003",,,"think tank","Group that undertakes political research and issue position papers, recommendations etc ","Experts","Groupe de réflexion politique publiant avis et recommandations ","grupos de expertos","Grupo que acomete investigación política y emite documentos de posición, recomendaciones, etc. ","Think Tank","Gruppe die politische Forschung betreibt und Positionspapiere und Empfehlungen verfasst etc. ","Think Tank","Gruppi di esperti che compiono ricerche politiche e pubblicano documenti sull'argomento ","シンクタンク","政治的研究や(組織体の出す)方針について勧告等を行うグループ "
"http://cv.iptc.org/newscodes/subjectcode/11006004","subj:11006004",,,"subj:11006004",,,"national government","The ruling body of a nation ","Gouvernement national","L'institution chargée de gérer une nation ","gobierno nacional","Cuerpo que tiene el mando en el país. ","Bundesregierung","Die herrschende, regulierende Kraft eines Staates. ","Governo nazionale","Istituzione che governa una nazione ","中央政府","ある国家を支配する組織 "
"http://cv.iptc.org/newscodes/subjectcode/11006005","subj:11006005",,,"subj:11006005",,,"executive (government)","That portion of a ruling body involving the overall operation of government ","Pouvoir exécutif","Ceux qui sont chargés de faire exécuter les lois ","ejecutivo (gobierno)","Porción de esa parte de tiene el poder incluyendo una operación en conjunto con el gobierno. ","Bundeskabinett","Der Teil der regulierenden Kraft des Staates, der in alle Regierungsangelegenheiten involviert ist. ","Potere Esecutivo","Quella parte istituzionale che esercita un potere che implica la totale azione di governo ","行政府","政府の全体的な運営を担っている政権組織の部分 "
"http://cv.iptc.org/newscodes/subjectcode/11006006","subj:11006006",,,"subj:11006006",,,"heads of state","Symbolic or actual chief representative of a nation, such as royalty, or president or emir, for example ","Chef de l'Etat","Représentant suprême d'une nation : roi, émir, président,… ","jefes de estado","Representante simbólico o jefe actual del país, como la realeza, o el presidente por ejemplo. ","Bundespräsident","Symbolischer oder aktiver Repräsentant eines Landes, wie z.B. König, Präsident oder Emir. ","Capo di Stato","Chi rappresenta una nazione o ne è il capo effettivo: presidente, re, emiro, principe ecc. ","国家指導者","例えば王族、大統領あるいは首長のような、国の象徴的であるか、あるいは実際の最高の代表者 "
"http://cv.iptc.org/newscodes/subjectcode/11006007","subj:11006007",,,"subj:11006007",,,"government departments","Divisions of a government that concentrate on specific areas such as health, welfare, economy or war ","Ministère","Ensemble des services publics d'un secteur donné placés sour la direction d'un ministre, ex: intérieur, affaires sociales, economie,... ","departamentos de gobierno","Ramas del gobierno que se concentran en áreas especificas como salud, bienestar, economía o guerra. ","Ministerium","Abteilungen der Regierung, die ein spezielles Gebiet vertreten, wie z.B. Gesundheit, Soziales, Wirtschaft oder Verteidigung. ","Ministeri, Dipartimenti","Sezioni di un governo con competenza su specifici settori: ad es. salute, assistenza, economia, interni, esteri ecc. ","省庁","健康、福祉、経済あるいは戦争のような、特定の分野を専門とした政府の部門 "
"http://cv.iptc.org/newscodes/subjectcode/11006008","subj:11006008",,,"subj:11006008",,,"public officials","Individuals, usually elected, who are in public service or commonly in the public eye. ","Hauts fonctionnaires","Personnes,élues ou nommées, exercant une charge publique ","funcionarios públicos","Personas generalmente elegidas, quienes están al servicio publico o generalmente en la opinión publica. ","Ministerialbeamter","Individuen, meist gewählt, die im öffentlichen Dienst stehen oder öffentliche Interessen vertreten. ","Cariche pubbliche","Importanti ed alte cariche pubbliche e nella pubblica amministrazione rette da alti funzionari, generalmente di nomina governativa ","議員","公共サービスまたは広く世間の注目を浴びていることに、通常選出された個人 "
"http://cv.iptc.org/newscodes/subjectcode/11006009","subj:11006009",,,"subj:11006009",,,"ministers (government)","Heads of various government departments at one level, also known as secretaries. At another level they form a legislative body. The chief minister is either prime minister or premier. ","Ministres","Membre d'un gouvernement à la tête d'un ministère. Leur chef est le premier ministre ou le président du conseil ","ministros (gobierno)","Jefes de distintos ministerios del gobiernos en un nivel, también conocidos como ministros. En otro nivel, ellos componen un cuerpo legislativo. El ministro principal es el primer ministro o el presidente. ","Minister","Führungsebene verschiedener Regierungsministerien, auch bekannt als Staatssekretäre. Auf anderen Ebenen bilden sie die Legislative. Der oberste Minister ist entweder der Bundeskanzler oder der Vizekanzler. ","Ministri","Responsabili di distinti ministeri, ma anche il primo ministro o il premier, che coordina e presiede l'attività del governo ","閣僚","補佐官等、各種の政府部門のうちのあるレベルの代表。もう1つのレベルでは、立法府を構成する。首席の大臣は、首相あるいは総理大臣 "
"http://cv.iptc.org/newscodes/subjectcode/11006010","subj:11006010",,,"subj:11006010",,,"public employees","People employed by a government at all levels ","Fonctionnaires","Personnes employées par l'Etat ","empleos públicos","Gente contratada por el gobierno en todos los niveles. ","Beamter","Menschen auf allen Ebenen, die im Dienst der Regierung stehen. ","Impiegato pubblico","Chi lavora nella pubblica amministrazione ","公務員","すべてのレベルにおいて、政府によって雇用された人々 "
"http://cv.iptc.org/newscodes/subjectcode/11006011","subj:11006011",,,"subj:11006011",,,"privatisation","The privatisation of state-owned companies or property ","Privatisation","Transfert au domaine privé d'entreprises ou de biens propriétés de l'état ","privatización","La privatización de compañias o propiedades pertenecientes al estado. ","Privatisierung","Private Übernahme von staatlichen Unternehmen oder Staatseigentum. ","Privatizzazioni","La privatizzazione di società, beni o imprese possedute dallo Stato ","民営化政策","国有会社あるいは資産の民営化 "
"http://cv.iptc.org/newscodes/subjectcode/11006012","subj:11006012",,,"subj:11006012",,,"nationalisation","State takeover of private companies or property ","Nationalisation","Transfert au domaine public d'entreprises ou de biens ou de moyens de production privés ","nacionalización","El estado se hace cargo de compañias o propiedades privadas. ","Verstaatlichung","Übernahme von privaten Unternehmen oder Eigentum durch den Staat. ","Nazionalizzazioni","La rilevazione da parte dello stato di società, beni o imprese private ","国営化","民間企業あるいは資産の取得 "
"http://cv.iptc.org/newscodes/subjectcode/11006013","subj:11006013",,,"subj:11006013",,,"impeachment","The process of bringing a public official before a tribunal to answer charges of wrongdoing ","Procédure de destitution","Procédure pour traduire un haut responsable devant un tribunal pour y répondre d'accusations de manquements ","acusación","El proceso que presenta a una autoridad oficial ante un tribunal para responder a cargos de actividades ilícitas. ","Amtsvergehen","Verfahren zur Anklage wegen Amtsvergehen von Amtsträgern vor einem Tribunal. ","Impeachment","Messa in stato d'accusa di titolari di importanti cariche pubbliche, che abbiano commesso determinati illeciti nell'esercizio delle loro funzioni ","弾劾","不正を告発し、法廷の前で答弁させるために官職(公務員)を訴える手続き "
"http://cv.iptc.org/newscodes/subjectcode/11007000","subj:11007000",,"subj:11007000",,,,"human rights","Rights entitled to be enjoyed by all citizens universally ","Droits de l'homme","Les droits universels des citoyens ","derechos humanos","Derechos a los cuales tienen derecho todos los ciudadanos del mundo. ","Menschenrechte","Rechte, die von allen Bürgern in Anspruch genommen werden können. ","Diritti umani","Diritti universalmente riconosciuti a tutti i cittadini ","人権","全ての市民が享受する普遍的に与えられた権利 "
"http://cv.iptc.org/newscodes/subjectcode/11008000","subj:11008000",,"subj:11008000",,,,"local authority","Authorities at city, county state or borough level ","Institutions locales","Les autorités locales, aux niveau de la ville, du département,... ","autoridades locales","Autoridades de una ciudad, condado o municipio. ","Kommune","Autoritäten in der Stadt, auf Landes- oder Bezirksebene. ","Enti locali","Autorità ed istituzioni locali a livello comunale, provinciale, ma anche servizi pubblici locali, ecc. ","地方自治","都市、州あるいは自治区レベルの権限 "
"http://cv.iptc.org/newscodes/subjectcode/11009000","subj:11009000",,"subj:11009000",,,,"parliament","The collective body of elected officials representing the people ","Parlement","L'assemblée ou les deux assemblées législatives où siègent les représentants élus du peuple ","senado y cámara de diputados","Cuerpo colectivo elejido oficialmente en representación de las personas. ","Parlament","Die kollektive Gemeinschaft gewählter Volksvertreter. ","Parlamento","Assemblee legislative degli eletti in rappresentanza del popolo ","議会","人々を代表して公式に選ばれた集合的な組織 "
"http://cv.iptc.org/newscodes/subjectcode/11009001","subj:11009001",,,"subj:11009001",,,"upper house","Senior chamber of a legislative body ","Chambre haute","Chambre haute d'un Parlement législatif (Sénat) ","cámara alta","Cuerpo superior del Poder Legislativo. ","Oberhaus","Obere Kammer der Legislative. ","Senato","Camera alta di un corpo legislativo ","上院","立法機関の上級議会 "
"http://cv.iptc.org/newscodes/subjectcode/11009002","subj:11009002",,,"subj:11009002",,,"lower house","The lower chamber of a legislative body ","Chambre basse","Chambre basse d'un Parlement législatif (Assemblée) ","cámara baja","Cuerpo Inferior del Poder Legislativo. ","Unterhaus","Untere Kammer der Legislative. ","Camera","Camera bassa di un corpo legislativo ","下院","立法機関の下級議会 "
"http://cv.iptc.org/newscodes/subjectcode/11010000","subj:11010000",,"subj:11010000",,,,"parties and movements","Covers both formally recognized and informal political associations ","Partis politiques","Associations -formelle ou informelle- de personnes ayant les mêmes opinions organisées en vue d'une action politique ","partidos","Cubre asociaciones políticas tanto formalmente reconocidas como informales. ","Partei","Umfasst sowohl formelle und informelle politische Zusammenschlüsse. ","Partiti, Movimenti","Associazioni politiche organizzate e riconosciute ","政党","公式あるいは非公式に認識された政治的団体を扱う "
"http://cv.iptc.org/newscodes/subjectcode/11010001","subj:11010001",,,"subj:11010001",,,"non government organizations (NGO)","Groups officially outside of government that lobby, demonstrate or campaign on a wide range of issues such as economics, environment healthcare etc. ","ONG","Associations privées agissant comme groupes de pression auprès des gouvernements (ex : les ONG altermondialistes) et/ou menant des campagnes de sensibilisation pour venir notamment en aide aux populations menacées par la famine, la guerre… ","organizaciones no gubernamentales","Grupos que generalmente no son del gobierno que presionan, demuestran o hacen campaña acerca de un amplia gama de temas como economía, medioambiente, etc. ","Regierungsunabhängige Organisation","Gruppen, offiziell außerhalb der Regierung stehend, die in einem größeren Themenspektrum Einfluss ausüben, demonstrieren, agieren wie Ökonomie, Umwelt, Gesundheit etc. ","Organizzazioni non governative (ONG)","Gruppi indipendenti dall'autorità di governo che fanno campagne o danno vita ad iniziative autonome o coordinate su una vasta gamma di argomenti come economia, ambiente, assistenza sanitaria, ecc... ","ＮＧＯ","政府外の公式団体。経済、環境、ヘルスケア等の広範囲の問題に関して働きかけ、デモンストレーションを行う "
"http://cv.iptc.org/newscodes/subjectcode/11011000","subj:11011000",,"subj:11011000",,,,"refugee","A person seeking shelter in another country because of some fear of persecution in his own country ","Réfugiés","Personne qui a quitté son pays d'origine pour fuir un danger ","refugiados","Una persona que solicita refugio en otro país por miedo a la persecusión en su propio país. ","Flüchtling, Asyl","Eine in einem anderen Land schutzsuchende Person, die Angst vor Verfolgung durch das eigene Land hat. ","Rifugiato","Chi cerca rifugio in un altro paese a causa delle persecuzioni nel proprio ","難民・亡命","自国で迫害の恐れがあるためい別の国で避難する場所を求める人 "
"http://cv.iptc.org/newscodes/subjectcode/11012000","subj:11012000",,"subj:11012000",,,,"regional authority","Government bodies at levels encompassing more than one jurisdiction, e.g. the Delaware River Basin Commission ","Institutions régionales","Commission ou comité représentant l'autorité publique au niveau régional, ex: parcs naturels, etc. ","autoridades regionales","Cuerpos gubernamentales con más de una jurisdicción. Ej. La Comisición del Rio Basin de Delaware. ","Bundesland","Regierungseinheiten auf Ebenen, die für mehr als eine Gerichtsbarkeit zuständig sind, wie z.B. Länder der BRD oder Österreich, Kantone der Schweiz. ","Regioni","Autorità di governo e legislative a livello regionale, ma anche istituzioni a livello regionale ","広域行政機関","例えばデラウェア川流域委員会のように、１つ以上の管轄を包含するレベルにおける政府機関 "
"http://cv.iptc.org/newscodes/subjectcode/11013000","subj:11013000",,"subj:11013000",,,,"state budget and tax","The national budget as promulgated by the government ","Budget de l'Etat et impôts","Le budget national établi par le gouvernement et voté par le parlement ","presupuesto estatal","El presupuesto nacional tal y como ha sido promulgado por el gobierno. ","Staatshaushalt und Steuern","Der von der Regierung verkündete nationale Haushalt. ","Bilancio Statale","Manovra di bilancio varata dal governo e votata dal Parlamento ","予算・税","政府によって発布された国家の予算 "
"http://cv.iptc.org/newscodes/subjectcode/11013001","subj:11013001",,,"subj:11013001",,,"public finance","The money of government used for paying for public programs and services and public debt ","Finances publiques","L'argent utilisé pour le financement des programmes et services publics et le remboursement de la dette ","finanzas públicas","Dinero que el gobierno usa para financiar [ programas, deudas y servicios públicos) ","Öffentliche Gelder","Regierungsgelder, die für öffentliche Programme, Dienstleistungen und öffentliche Schulden ausgegeben werden. ","Finanze, Tasse","Denaro utilizzato per finanziare programmi e servizi pubblici, ma anche il debito pubblico ","歳出","公共事業、公的サービスや公債などの支出を目的とした政府のお金 "
"http://cv.iptc.org/newscodes/subjectcode/11014000","subj:11014000",,"subj:11014000",,,,"treaty and international organisation-DEPRECATED","NA","Traités et organisations internationales","Convention passées entre états souverains et les organismes internationaux qui régulent les rapports entre les pays ","tratados y organizaciones","Cuerpos formales para regulas actividades entre las naciones, a menudo basados en acuerdos escritos. ","Staatsvertrag und internationale Organisationen-GELÖSCHT","--- ","Trattati, Organizzazioni internazionali – ANNULLATO","Intese fra le nazioni e organismi internazionali che regolano i rapporti fra i vari paesi - ANNULLATO ","条約、国際機構-使用不可","しばしば契約書に基づき、国家間において活動を規定する公的な組織体 "
"http://cv.iptc.org/newscodes/subjectcode/11014001","subj:11014001",,,"subj:11014001",,,"international relations-DEPRECATED","NA","Relations internationales","Les rapports entre états à travers les relations diplomatiques, les négociations, traités ou rencontres au sommet ","relaciones internacionales","Relaciones pacificas entre países por medio de la negociación, acuerdos o reuniones personales. ","Internationale Beziehungen-GELÖSCHT","--- ","Relazioni internazionali – ANNULLATO","Rapporti fra gli stati per mezzo di relazioni diplomatiche, trattati o incontri - ANNULLATO ","国際関係-使用不可","交渉、条約、あるいは私的会議を通しての非暴力による国家間の関係 "
"http://cv.iptc.org/newscodes/subjectcode/11014002","subj:11014002",,,"subj:11014002",,,"peace negotiations-DEPRECATED","NA","Négociations de paix","Négociations visant à mettre fin à un conflit ","negociaciones de paz","Negociaciones que tienen como objetivo poner fin a un conflicto armado. ","Friedensvertrag-GELÖSCHT","--- ","Negoziati Pace – ANNULLATO","Negoziati avviati per porre fine ad un conflitto – ANNULLATO ","平和交渉-使用不可","対立の終結を意図した交渉 "
"http://cv.iptc.org/newscodes/subjectcode/11014003","subj:11014003",,,"subj:11014003",,,"alliances-DEPRECATED","NA","Alliances","Pacte, entente, entre plusieurs partis ou puissances ","alianzas","Coaliciones dispuestas a imponerse en contra cualquier tipo de desafíos. ","Bündnisse-GELÖSCHT","--- ","Alleanze – ANNULLATO ","Coalizioni di gruppi che la pensano alla stessa maniera per presentare una forza maggiore contro ogni sfida - ANNULLATO ","同盟-使用不可","どんな挑戦に対しても、より強い力を示すための同種の考え方をもつ組織同志の提携 "
"http://cv.iptc.org/newscodes/subjectcode/11015000","subj:11015000",,"subj:11015000",,,,"constitution","Usually a written document setting forth the operations of a government and the rights of the citizens therein ","Constitution","Généralement un texte écrit regroupant l'ensemble des lois fondamentales qui déterminent la forme de gouvernement d'un état ","constitución","Usualmente un documento escrito que establece los principios de un gobierno y los derechos de los ciudadanos. ","Verfassung","Für gewöhnlich ein schriftliches Dokument, was das Funktionieren einer Regierung und die Rechte der Bürger darin festschreibt. ","Costituzione","Carta fondamentale di uno stato ","憲法","政府の政策施行や市民の権利について詳しく説明する通常成文化された文書 "
"http://cv.iptc.org/newscodes/subjectcode/11016000","subj:11016000",,"subj:11016000",,,,"interior policy","Government policies affecting internal affairs of a country ","Politique Intérieure","Les politiques gouvernementales relatives aux affaires internes d'un pays ","políticas internas","Políticas gubernamentales que afectan los asuntos internos de un país. ","Innenpolitik","Regierungspolitik bezogen auf die inneren Angelegenheiten eines Landes. ","Politica interna","Attività politica di governo e partiti o gruppi che riguarda gli affari interni di un paese ","国内政策","国内問題に影響する政府の政策 "
"http://cv.iptc.org/newscodes/subjectcode/11016001","subj:11016001",,,"subj:11016001",,,"data protection","Efforts to protect personal information in either written, oral or electronic form ","Confidentialité des données","Efforts pour protéger les données personnelles sous forme écrite, orale ou électronique ","protección de datos","Esfuerzos para proteger información personalen cualquiera de sus formas: escrita, oral o electrónica. ","Datenschutz","Bemühungen, persönliche Informationen in geschriebener, gesprochener oder elektronischer Form zu schützen. ","Protezione dati personali","Attività riguardante la protezione dei dati personali; Legge Privacy ","個人情報保護","記述や口頭、または電子書類での個人情報を保護するための努力 "
"http://cv.iptc.org/newscodes/subjectcode/11016002","subj:11016002",,,"subj:11016002",,,"housing and urban planning","Systematic planning of urban and suburban areas and the housing within those areas ","Urbanisme","Le plan d'urbanisme et d'occupation des sols en zone urbaine et suburbaine ","vivienda y planificación urbana","Planeamientos sistemáticos de área urbanas o suburbanas y de viviendas dentro de esas áreas. ","Wohnungs- und Städtebau","Systematisches Planen von städtischen und vorstädtischen Gebieten und deren Bebauung. ","Aree Urbane","Progettazione e governo delle aree urbane e sub-urbane in ogni suo aspetto ","住宅・都市計画","都市、郊外地域、およびそれら地域の住宅の組織的計画 "
"http://cv.iptc.org/newscodes/subjectcode/11016003","subj:11016003",,,"subj:11016003",,,"pension and welfare","Government policies affecting the well being of its citizens through unemployment benefits, state pensions and other similar payments ","Assistance sociale","Les politiques gouvernementales en matières d'allocations sociales, de chômage, de retraite ou de pension, etc. ","pensiones y asistencia social","Políticas gubernamentales que afectan el bienestar de los ciudadanos a través de beneficios de cesantía, pensiones estatales y otros pagos similares. ","Sozialpolitik","Politik der Regierung das Wohlbefinden der Bürger zu unterstützen durch Arbeitslosengeld, Sozialhilfe und vergleichbare Zahlungen. ","Welfare","Politiche del governo riguardanti pensioni, assistenza sociale ecc. ","年金・福祉","失業手当、年金および類似の支払いを通しての国民福祉に関わる政府政策 "
"http://cv.iptc.org/newscodes/subjectcode/11016004","subj:11016004",,,"subj:11016004",,,"personal weapon control","Government control of personal ownership of firearms and other offensive weapons, including control of weapons used for sports through licenses and other means ","Contrôle des armes personnelles","Le contrôle visant la possession d'armes y compris les licences sportives ","control de armas personales","Control gubernamental de la tenencia de armas de fuego y otras armas ofensivas, incluyendo el control de armas utilizadas para deportes, a través de permisos y otros medios. ","Waffenkontrolle","Kontrolle der Regierung über den persönlichen Besitz von Gewehren und anderen Waffen, umfasst die Kontrolle von Sportwaffen über Lizenzen und andere Mittel. ","Controllo armi personali","Controllo sulla detenzione personale di armi da fuoco e altre armi d'offesa, comprese le licenze sportive ","銃規制","火器およびその他攻撃を目的とする武器の個人的所有権の管理。許可や他の方法を通してスポーツのために使われる武器の管理を含む "
"http://cv.iptc.org/newscodes/subjectcode/11016005","subj:11016005",,,"subj:11016005",,,"indigenous people","Government policies toward indigenous peoples ","Autochtones","Politique gouvernementale concernant les populations autochtones ","indigenas","Políticas gubernamentales hacia los pueblos indigenas. ","Ausländerpolitik","Politik der Regierung in Bezug auf ausländische Mitbürger. ","Popolazione","Politiche del governo riguardanti la popolazione ","先住民","先住民に対する政府の政策 "
"http://cv.iptc.org/newscodes/subjectcode/11016006","subj:11016006",,,"subj:11016006",,,"personal data collection","The collection, by government or other entities of information on individuals ","Données personnelles","Les initiatives et suggestions des citoyens pour faire évoluer ou changer les réglements publics ","colector de datos personales","La colección de información sobre individuos de parte del Gobierno u otras entidades. ","Volkszählung","Datensammlung über Einzelpersonen durch die Regierung und andere Behörden. ","Raccolta dati personali","Raccolta di informazioni sugli individui da parte del governo o altri enti ","個人情報収集","政府またはその他による個人情報の収集 "
"http://cv.iptc.org/newscodes/subjectcode/11016007","subj:11016007",,,"subj:11016007",,,"planning inquiries","Public hearings or planning inquiries on proposed constructions, e.g. Construction of water driven power station in a National Park. ","Enquête d'utilité publique","Enquête pour déterminer l'utilité publique de travaux d'aménagement ","investigaciones del planeamiento","Audiencias públicas o investigaciones del planeamiento acerca de las construcciones propuestas, ej. la construcción de una central eléctrica en las aguas en un parque nacional. ","Planfeststellungsverfahren","Öffentliche Anhörungen oder Planverfahren über beabsichtigte Bauvorhaben, wie z.B. der Bau eines Wasserkraftwerkes in einem Nationalpark. ","Inchieste su Utilità pubblica","Inchieste o Assemblee per valutare l'utilità pubblica o meno riguardo lavori di interesse pubblico ","公聴会","国立公園内に水力発電所を建設するというような、建設物の提案に対して開かれる公聴会または計画的な審理 "
"http://cv.iptc.org/newscodes/subjectcode/11017000","subj:11017000",,"subj:11017000",,,,"migration","Movement of one body of persons from one place to another ","Migrations","Déplacement d'une population d'un endroit à un autre ","migración","Movimiento de personas de un lugar a otro. ","Migration","Bewegung einer Gemeinschaft von Menschen von einem Ort zu einem anderen. ","Migrazioni","Movimenti di un gruppi di persone da un posto ad un altro ","集団移住","ある場所から別の場所まで人々の集団が移動すること "
"http://cv.iptc.org/newscodes/subjectcode/11018000","subj:11018000",,"subj:11018000",,,,"citizens initiative and recall","Political suggestions by non-government officials for corrective action, or for changes in existing rules and regulations ","Initative populaire","Suggestions politiques émanant de groupes ou organisations non-gouvernementales pour corriger une politique donnée ","iniciativa y revocación ciudadanas","Sugestión política por parte de oficiales no gubernamentales para corregir una acción, o por el cambio de las reglas o regulaciones vigentes. ","Bürgerinitiative","Politische Überzeugungen von Nicht-Regierungsangehörigen für Korrekturen oder Veränderungen in Bezug auf schon existente Regeln und Vorschriften. ","Iniziative popolari","Iniziative provenienti da cittadini o movimenti di cittadini per nuove leggi o cambiamenti di leggi esistenti ","市民運動・リコール","民間の権限者が決定の修正を求めたり、現在の法律や規制の改正を求めたりする政治的提案のこと "
"http://cv.iptc.org/newscodes/subjectcode/11019000","subj:11019000",,"subj:11019000",,,,"referenda","Political proposals, laws and actions suggested by non-government officials to be voted on by the entire voting body ","Référendum","Vote direct par lequel les citoyens expriment leur avis sur une proposition de mesure législative ou constitutionnelle, voire locale ","referendos","Proposiciones políticas, leyes y acciones sugeridas por oficiales no gubernamentales para ser votados por la comunidad. ","Volksbegehren/Referendum","Politische Vorschläge, Gesetze und Taten, die von Nicht-Regierungsangehörigen vorgebracht werden und zur Abstimmung durch die Abstimmungsberechtigten vorliegen. ","Referendum","Iniziative referendarie proposte all'attenzione del corpo elettorale ","国民投票","民間の権限者が提案する政治的提案、法律、決定を有権者全体で投票にかけること "
"http://cv.iptc.org/newscodes/subjectcode/11020000","subj:11020000",,"subj:11020000",,,,"nuclear policy","Government policies as regards to use of nuclear fuels for power production or weapons ","Politique Nucléaire","Les politiques gouvernementales en matière d'utilisation du nucléaire aux fins de produire de l'énergie ou de fabriquer des armes ","políticas nucleares","Políticas gubernamentales concernientes al uso de energía nuclear para la producción energética o militar. ","Atompolitik","Politik der Regierung in Bezug auf die Nutzung von nuklearer Energie- oder Waffenproduktion. ","Politica nucleare","Politiche del governo riguardanti l'uso di combustibili nucleari per la produzione di energia o armi ","原子力政策","エネルギー生産や兵器のために核燃料を使うことに関する政府の政策 "
"http://cv.iptc.org/newscodes/subjectcode/11021000","subj:11021000",,"subj:11021000",,,,"lobbying","The attempt by non-government bodies and individual to affect the outcome of legislation through verbal, or other, persuasion ","Groupe de pression","Tentatives de persuasion, verbale ou autres, exercées par des groupes ou des individus pour faire évoluer ou changer un projet de loi ou de réglement gouvernemental ","cabildeo","Los intentos de persuación verbales u otro tipo, de una entidad no gubernamental e individuos por afectar los procesos de legislatura. ","Lobby","Der Versuch nichtregierender Einheiten und Einzelner durch Überzeugung oder Fürsprache die Durchsetzung eines Gesetzes zu beeinflussen. ","Lobbying","Attività svolta da enti privati o gruppi di pressione per influire sui processi legislativi ","ロビー活動","非政府団体や個人が、口頭やその他の手段で説得することを通して、立法の結果に影響を及ぼそうと試みること "
"http://cv.iptc.org/newscodes/subjectcode/11022000","subj:11022000",,"subj:11022000",,,,"regulatory policy and organisation","The rules and bodies, both national and international, that govern conflict of interest and good practice regulations. ","Médiateur","Organes de régulation nationaux ou internationaux chargé de régler les conflits d'intérêt et les normes de concurrence ","políticas y organizaciones reguladoras","Las normas y entidades, tanto nacionales como internacionales, que rigen los conflictos de intereses y las reglamentaciones relativas a la práctica correcta. ","Regulierungsbehörde","Die Regeln und ausführenden Organe, national und international, die Interessenskonflikte regulieren und für gute Praktizierbarkeit sorgen. ","Concorrenza","Regole e organismi nazionali o internazionali chiamati a governare i conflitti di interesse e le norme sulla concorrenza ","調停・仲裁機関","国内外について利害関係やよい実施基準を管理する規則および組織体 "
"http://cv.iptc.org/newscodes/subjectcode/11023000","subj:11023000",,"subj:11023000",,,,"censorship","Attempts by any group to control freedoms of speech, religion, and ideas distributed in print, graphics, cyberspace and other ways. Does not include official standards such as cinema ratings, advertising and broadcast standards. ","Censure","Toute tentative pour contrôler la liberté de parole, de religion et de conscience. Sont exclus les notations de films ou de livres, la publicité,... ","censura","Intentos por controlar las libertades de expresión, religiosa, de culto, e ideas difundidas a través de los medios impresos, el ciberespacio y otros, por una organización o grupo, pero sin incluir el control interno de las industrias sobre sus propios órg ","Zensur","Versuch durch Eingriff jede Art von Gemeinschaft, die Redefreiheit, Religion und Ideen, die gedruckt, gezeichnet, im Cyberspace oder auf anderem Wege verbreitet werden, zu kontrollieren. Umfasst nicht offizielle Reglementierungen wie Kino, Werbung oder Fernsehen. ","Censura","Ogni tentativo messo in atto da parte di qualcuno per controllare le libertà di parola, religione, e idee espresse attraverso stampa, grafici, spazi cibernetici o in altro modo. ","検閲","組織や団体による表現の自由や宗教、崇拝あるいは印刷物やその他メディアにより広められた理念を規制する試み。しかし、映画評価、広告基準、放送基準のような産業自身の媒体による内部制御を含まない "
"http://cv.iptc.org/newscodes/subjectcode/11024000","subj:11024000",,"subj:11024000",,,,"politics (general)","The art or science of participating in the affairs of government, a state of political party ","Politique","Science ou art de gouverner un état et/ou de conduire les affaires publiques ","política (general)","Arte o ciencia de participar en asuntos de gobierno, estado o partidos políticos o de un partido político de un país. ","Politik (allgemein)","Die Kunst oder Wissenschaft an Regierungsangelegenheiten teilzuhaben, der Zustand einer politischen Partei. ","Politica (generico)","Arte o scienza di governare e/o gestire la cosa pubblica ","政治（一般）","政府の問題に参加することについての技術あるいは科学、政党の状態 "
"http://cv.iptc.org/newscodes/subjectcode/11024001","subj:11024001",,,"subj:11024001",,,"political systems","Systems designed to provide order to government ","Systèmes politiques","Système d'organisation politique ","sistemas políticos","Sistema diseñado para brindar orden al gobierno. ","Politisches System","Systeme, die geschaffen sind um der Regierung ein Regelwerk zur Verfügung zu stellen. ","Sistemi politici","Sistemi d'organizzazione politica ","政治制度","政府に規律を規定するよう計画されたシステム "
"http://cv.iptc.org/newscodes/subjectcode/11024002","subj:11024002",,,"subj:11024002",,,"democracy","Government in which the people hold the power either directly, or through elected officials. ","Démocratie","Régime politique ou la souveraineté est exercée par le peuple soit directement soit par l'intermédiaire de ses représentants élus ","democracia","Gobierno en el cual el pueblo tiene el poder de manera directa, o por medio de funcionarios de gobierno elegidos. ","Demokratie","Regierung, in der entweder die Menschen die direkte Macht innehaben, oder durch gewählte Vertreter. ","Democrazia","Forma di governo in cui la sovranità è esercitata direttamente dal popolo o da suoi rappresentanti da esso eletti ","民主主義","国民が直接か、あるいは選出した公務員を通して力を持つ政権 "
"http://cv.iptc.org/newscodes/subjectcode/11024003","subj:11024003",,,"subj:11024003",,,"political development","The creation and rise of political systems and the history of the people and nations that are associated with those systems. ","Histoire politique","La création et l'évolution des sytèmes politiques et l'histoire des peuples et des nations vivant sous ces systèmes ","desarrollo político","La creación o nacimiento de sistemas políticos en la historial de los pueblos y naciones y que estan asociados a esos sistemas. ","Politikgeschichte","Entstehung und Entwicklung politischer Systeme und die Geschichte der Menschen und Nationen, die mit diesen in Zusammenhang stehen. ","Sviluppo politico","Nascita e crescita di sistemi politici e storia delle nazioni che sono associate a quei sistemi ","政治史","政治的な仕組みの創造や隆盛、およびそれらの仕組みに関連した人々や国家の歴史 "
"http://cv.iptc.org/newscodes/subjectcode/11025000","subj:11025000",,"subj:11025000",,,,"freedom of the press","Mass media rights and freedoms, pressure and intimidation of the journalists, censorship in mass media, activities of government bodies, journalistic associations and/or organizations and other NGOs in regards to press freedom ","Liberté de la presse","Informations sur la liberté de la presse et des médias, les pressions dont font l'objet les journalistes ","libertad de prensa","Historias sobre los derechos et la libertad de los medios de prensa, la presión o intimidación hacia periodistas, censura de la prensa, actividades de entidades gubernamentales, asociaciones periodísticas y/o otras ONG en relación a la libertad de prensa. ","Pressefreiheit","Rechte und Freiheiten der Massenmedien, Druck und Einschüchterung von Journalisten, Zensur, Aktivitäten der Regierung, Journalistenverbände und/oder Organisationen die für die Pressefreiheit kämpfen. ","Libertà Stampa","Diritti e libertà della stampa, pressione o intimidazioni che subiscono i giornalisti, ecc. ","報道の自由","マスメディアの権利と自由、ジャーナリストに対する圧力や脅迫、マスメディアにおける検閲、報道の自由に関係した政府組織やジャーナリストの団体・組織、その他NGOの活動についての記事 "
"http://cv.iptc.org/newscodes/subjectcode/11026000","subj:11026000",,"subj:11026000",,,,"freedom of religion","Religious rights and freedoms, pressure and intimidation of the believers, censorship in mass media, activities of government bodies, journalistic associations and/or organizations and other NGOs in regards to freedom of belief and practice ",,,,,"Religionsfreiheit","Religionsrechte und Freiheiten, Unterdrückung und Einschüchterung von Gläubigen, Zensur in den Massenmedien, Vorgehensweisen von Regierungen, Journalistenverbände und andere NGOs im Zusammenhang mit Glaubensfreiheit und deren Praxis. ","Libertà Religiosa","Diritto e libertà di professare una propria fede religiosa , pressione e intimidazioni subite in alcuni paesi, discriminazioni religiose ","信教の自由","信仰の権利と自由、信仰者に対する圧力や脅迫、マスメディアにおける検閲、信仰と慣習の自由に関する政府組織やジャーナリストの団体・組織、その他NGOの活動についての記事 "
"http://cv.iptc.org/newscodes/subjectcode/11027000","subj:11027000",,"subj:11027000",,,,"treaty","A treaty (as defined by the Vienna Convention on the Law of Treaties) is a written agreement between international entities that is binding under international law. ",,,,,"Internationaler Vertrag","Ein Vertrag (wie es durch die Wiener Vertragsrechtskonvention definiert ist) ist eine schriftliche Vereinbarung zwischen internationalen Gremien, die dem internationalen Recht unterliegt. ","Trattati","Intese vincolanti sottoscritte fra paesi o istituzioni ","条約・協定","条約(条約法のウィーン条約によって定義されたものとして)は、国際法のもとで拘束力のある、国際的な団体の間の書面契約 "
"http://cv.iptc.org/newscodes/subjectcode/11028000","subj:11028000",,"subj:11028000",,,,"international organisation","Includes organisations with members and functions that cross international borders, and may include intergovernmental organisations of sovereign nations. ",,,,,"Internationale Organisation","Beinhaltet Organisationen mit Mitgliedern und Aufgaben, die internationale Grenzen überschreiten; können auch zwischenstaatliche Organisationen und Organisationen von unabhängigen Staaten beinhalten. ","Organizzazioni internazionali","Organizzazioni i cui membri e le cui funzioni operino al di là dei confini dei vari paesi, ma anche organizzazioni intergovernative di paesi sovrani ","国際機関","（国際機関は）各国を横断する構成員と機能を持つ諸機関を含む。また、独立諸国家の政府間組織を含むこともある "
"http://cv.iptc.org/newscodes/subjectcode/12000000","subj:12000000","subj:12000000",,,,,"religion and belief","All aspects of human existence involving theology, philosophy, ethics and spirituality. ","Religion et croyance","Ensemble des croyances, des dogmes relatifs à la théologie, la philosophie, l'éthique et la spiritualité ","religión y credos","Todos los aspectos de la existencia humana que involucran teología, filosofía, ética y espiritualidad. ","Religion, Weltanschauung","Alle Aspekte des menschlichen Lebens, die Religion, Philosophie, Ethik und Spiritualität beinhalten. ","Religioni, Fedi","Insieme dei dogmi, dei riti, delle credenze e delle tradizioni riguardanti la teologia, filosofia, etica e spiritualità. ","宗教・思想","神学、哲学、倫理学、および精神に関係する、人間生活のあらゆる面 "
"http://cv.iptc.org/newscodes/subjectcode/12001000","subj:12001000",,"subj:12001000",,,,"cult and sect","Offshoots of established religious bodies, or small narrow-focused group promulgated by one or two individuals ","Cultes et sectes","Ramification d'une religion établie et/ou groupe idéologique et mystique vivant souvent en communauté et sous l'influence d'un guide ","cultos y sectas","Ramificación de cuerpos religiosos establecidos o grope pequeño promulgado por uno o dos individuos. ","Kult, Sekte","Randerscheinungen von anerkannten religiösen Einheiten, oder kleine eng konzentrierte Gruppen, verbreitet durch ein oder zwei Einzelpersonen. ","Culti, Sette","Varianti o derivazioni da corpi religiosi principali, comunità di minore entità o organizzazioni che seguono le indicazioni di una loro guida ","カルト","正統派の宗教団体からの分派、あるいは一人か二人の人物によって導かれる視野の狭い小団体 "
"http://cv.iptc.org/newscodes/subjectcode/12002000","subj:12002000",,"subj:12002000",,,,"belief (faith)","The established beliefs of an individuals religion ","Croyances","Adhésion de l'esprit à une vérité révélée ","credo (fe)","Las creencias establecidas por las religiones de los individuos. ","Glaube","Anerkannte Glaubensinhalte der Religion einzelner. ","Credo","Verità rivelata da una religione ai suoi fedeli ","信仰","それぞれの宗教の確立した信仰 "
"http://cv.iptc.org/newscodes/subjectcode/12002001","subj:12002001",,,"subj:12002001",,,"unificationism","The belief system of members of the Unification Church established by the Rev. Sun Myung Moon. ","Eglise de l'Unification","Les adeptes de la secte Moon ","unificacionismo","Las creencias de los miembros de la Inglésia de la Unificación, establecida por el reverendo Sun Myung Moon. ","Vereinigungsbewegung","Das Glaubenssystem der Mitglieder der Vereinigungskirche, das von Rev. Sun Myung Moon festgelegt wurde. ","Chiesa dell'Unificazione","Chiesa creata dal reverendo Sun Myung Moon ","統一教会","文鮮明師(Rev. Sun Myung Moon)によって創出された統一教会のメンバーたちの信仰体系 "
"http://cv.iptc.org/newscodes/subjectcode/12002002","subj:12002002",,,"subj:12002002",,,"scientology","Believe that man is a spiritual being endowed with abilities well beyond those which he normally envisages; he's able to solve his own problems, accomplish his goals and gain lasting happiness. ","Scientologie","Ceux qui croient que l'Homme a des capacités allant au-delà de celles qu'il envisage, qu'il est capable de résoudre ses problèmes, d'atteindre ses buts et finalement de gagner son bonheur ","cientología","Creencia de que el Hombre es un ser espiritual dotado con abilidades más allá de lo imaginado; él es capaz de resolver sus propios problemas, alcanzar sus metas y obtener la felicidad eterna. ","Scientology","Der Gaube dass der Mensch ein spirituelles Wesen ist, ausgestattet mit Fähigkeiten, hinter den für gewöhnlich sichtbaren, er ist in der Lage seine eigenen Probleme zu lösen, Großes zu schaffen und dauerhaftes Glück zu erlangen. ","Scientology","Religione fondata da L.Ron Hubbard che vede l'uomo come essere spirituale che migliora quando riesce a conservare la sua integrità spirituale e i suoi valori. ","サイエントロジー","人間は自身が通常想像するより十分な才能に恵まれた精神的な存在だと信じる。なぜなら彼は彼自身の問題を解決し、彼の目標と永遠の幸せを手に入れることができる "
"http://cv.iptc.org/newscodes/subjectcode/12003000","subj:12003000",,"subj:12003000",,,,"freemasonry","A secret international society based on the principles of brotherhood, charity and mutual aid ","Franc-maçonnerie","Sociétés autrefois secrètes, aux ramifications internationales, formées de personnes qu'unit un idéal de fraternité, de charité et de solidarité et qui pratiquent des rites symboliques ","masonería","Una sociedad secreta internacional basada en los principios de la hermandad, caridad y ayuda mutua. ","Freimaurer","Eine geheime internationale Gemeinschaft, die auf den Prinzipien von Brüderlichkeit, Wohltätigkeit und gegenseitiger Hilfe basiert. ","Massoneria","Società iniziatica con un'organizzazione internazionale i cui affiliati condividono gli stessi ideali nel perseguimento dei principi di amore fraterno, soccorso e verità ","フリーメーソン","教団原理と、寄付、相互扶助をベースにした国際的秘密結社 "
"http://cv.iptc.org/newscodes/subjectcode/12004000","subj:12004000",,"subj:12004000",,,,"religion-DEPRECATED","NA","Religion-DEPRECATED","Ensemble des croyances, des dogmes et des pratiques cultuelles régissant les rapports de l'homme avec la puissance divine ou les puissances surnaturelles ","religiones-ANULADO","ANULADO ","Religion-GELÖSCHT","--- ","Religioni - ANNULLATO","Insieme delle credenze, dogmi, pratiche cultuali alla base del rapporto dell'uomo con la rivelazione divina ","宗教団体-使用不可","確定した信仰制度を備えた確立した神学 "
"http://cv.iptc.org/newscodes/subjectcode/12004001","subj:12004001",,,"subj:12004001",,,"christianity-DEPRECATED","NA","Christianisme-DEPRECATED","Les disciples de Jésus Christ ","cristianismo-ANULADO","ANULADO ","Christentum-GELÖSCHT","--- ","Cristiana - ANNULLATO","La fede in Gesù Cristo ","キリスト教-使用不可","イエスキリストとその教えを信仰の中心とする人たち "
"http://cv.iptc.org/newscodes/subjectcode/12004002","subj:12004002",,,"subj:12004002",,,"islam-DEPRECATED","NA","Musulman-DEPRECATED","Disciple de la religion fondée par le prophète arabe Mahomet ","islam-ANULADO","ANULADO ","Islam-GELÖSCHT","--- ","Islamica - ANNULLATO","La religione fondata dal profeta Maometto ","イスラム教-使用不可","アラーとその教えを信仰の中心とする人たち "
"http://cv.iptc.org/newscodes/subjectcode/12004003","subj:12004003",,,"subj:12004003",,,"judaism-DEPRECATED","NA","Judaïsme-DEPRECATED","Religion des juifs et première des grandes religions monothéistes qui a pour fondement l'Alliance inaugurée par Dieu avec le prophète Abraham et la Loi (Torah) donnée à Moïse. ","judaísmo-ANULADO","ANULADO ","Judentum-GELÖSCHT","--- ","Ebraica - ANNULLATO","La prima delle grandi religioni monoteiste, che si fonda nell'alleanza voluta da Dio con il profeta Abramo e nella Torah ","ユダヤ教-使用不可","経典やタルムードに書かれた、メシヤの処女降誕を含む信念に基づいて、唯一神を信じているグループ "
"http://cv.iptc.org/newscodes/subjectcode/12004004","subj:12004004",,,"subj:12004004",,,"buddhism-DEPRECATED","NA","Boudhisme-DEPRECATED","Religion originaire de l'Inde prêchée au 6ème siècle par le Bouddha selon laquelle le sage doit anéantir en lui le désir pour atteindre le nirvana. ","budismo-ANULADO","ANULADO ","Buddhismus-GELÖSCHT","--- ","Buddista - ANNULLATO","Religione originaria dell'India predicata da Buddah ","仏教-使用不可","インドで紀元前6世紀に仏陀によって設立された主要なアジアの宗教で、正しい思考と自制は、欲望のない神の状態へと導くであろうことを説いている "
"http://cv.iptc.org/newscodes/subjectcode/12004005","subj:12004005",,,"subj:12004005",,,"hinduism-DEPRECATED","NA","Hindouisme-DEPRECATED","Ensemble de courants religieux reposant notamment sur une organisation sociale en système de castes, des intouchables (la plus basse) aux Brahmans (la plus haute) ","hinduismo-ANULADO","ANULADO ","Hinduismus-GELÖSCHT","--- ","Induista - ANNULLATO","Insieme dei principi religiosi basati sostanzialmente su un'organizzazione sociale divisa in caste ","ヒンズー教-使用不可","宗教的、社会的な制度で、バラモンの地位が最も高く、不可触民の地位が最も低いとするカースト制度を信じる "
"http://cv.iptc.org/newscodes/subjectcode/12005000","subj:12005000",,"subj:12005000",,,,"church (organisation)-DEPRECATED","NA","église-DEPRECATED","Edifice consacré au culte divin pour les chrétiens ","inglesia (organización) cancelado","ANULADO ","Kirche-GELÖSCHT","--- ","Chiese - ANNULLATO","Edifici consacrati al culto divino per i cristiani ","教会(組織)-使用不可","概してキリスト教を崇拝する場所として同一視できる建物 "
"http://cv.iptc.org/newscodes/subjectcode/12005001","subj:12005001",,,"subj:12005001",,,"religious facilities-DEPRECATED","NA","établissement religieux-DEPRECATED","Tout endroit où un groupe de croyants peut pratiquer ses rites religieux : mosquée, église, maison ou tente ","facilidades religiosas-cancelado","ANULADO ","Religiöse Einrichtung-GELÖSCHT","--- ","Edifici Religiosi - ANNULLATO","Ogni tipo di edificio o struttura nel quale i fedeli possano praticare i riti della loro religione: chiese, moschee, sinagoghe ecc. ","宗教施設-使用不可","モスク、教会、家あるいはテントでも、グループがその宗教の儀式を行なうことができる任意の施設 "
"http://cv.iptc.org/newscodes/subjectcode/12006000","subj:12006000",,"subj:12006000",,,,"values","Personal levels of social behaviour ","Valeurs","Principes, idéaux de référence, qui guident une conduite ","valores","Niveles personales de conducta social. ","Wertvorstellung","Persönliche Stufen sozialen Verhaltens. ","Principi morali","Principi, ideali di riferimento, convinzioni che guidano l'esistenza dell'individuo ","価値観","社会行動の個人的なレベル "
"http://cv.iptc.org/newscodes/subjectcode/12006001","subj:12006001",,,"subj:12006001",,,"ethics","A system of beliefs about acceptable behaviour ","éthique","Science des mœurs et de la morale ","ética","Sistema de creencias acerca de una conducta aceptable. ","Ethik","Glaubenssystem aus akzeptablem Verhalten. ","Etica","Filosofia del comportamento secondo morale ","倫理","好ましい行動についての信念の体系 "
"http://cv.iptc.org/newscodes/subjectcode/12006002","subj:12006002",,,"subj:12006002",,,"corrupt practices","Any action which is harmful to others ","Corruption","Moyens employés pour circonvenir quelqu'un ","prácticas corruptas","Cualquier acción que sea dañina para otros. ","Korruptes Verhalten","Jedes Verhalten, was anderen schadet. ","Comportamenti Immorali","Comportamenti corrotti, contrari a principi morali e atti danneggiare qualcuno ","悪行","他人に有害な行動 "
"http://cv.iptc.org/newscodes/subjectcode/12007000","subj:12007000",,"subj:12007000",,,,"church and state relations","The legal and social division between religious institutions and the affairs of state ","Relations entre l'église et l'Etat","Les lois régissant les rapports entre les institutions religieuses et l'état ","división entre religión y estado","División social y legal entre instituciones religiosas y asuntos de estado. ","Beziehung Kirche und Staat","Trennung von Kirche und Staat. ","Rapporti Stato/Chiesa","Norme che regolano i rapporti fra lo Stato e la Chiesa e fra le istituzioni laiche dello stato e quelle religiose ","政教分離","宗教団体と国家との間の法律上や社会的な区分 "
"http://cv.iptc.org/newscodes/subjectcode/12008000","subj:12008000",,"subj:12008000",,,,"philosophy","Different thoughts about the way the world works ","Philosophie","Les différentes doctrines qui se proposent d'organiser les connaissances en un système cohérent ","filosofía","Distintos pensamientos acerca de cómo el mundo de trabaja. ","Weltanschauung","Verschiedene Gedanken, über die Art und Weise, wie die Welt funktioniert. ","Filosofia","Studio del significato della conoscenza del mondo e del trascendente ","哲学","世の中が機能する方法についての様々な考え "
"http://cv.iptc.org/newscodes/subjectcode/12009000","subj:12009000",,"subj:12009000",,,,"christianity","Those that use Jesus Christ and his teachings as their centre of belief ","Christianisme","Les disciples de Jésus Christ ","cristianismo","Aquellos que utilizan a Jesucristo y sus enseñanzas como centro de su s creencias. ","Christentum","Menschen, die Jesus Christus und seine Lehren als das Zentrum ihres Glaubens sehen. ","Chiese Cristiane","Le chiese che hanno posto l'insegnamento di Gesù Cristo al centro del loro credo ","キリスト教","イエスキリストとその教えを信仰の中心とする人たち "
"http://cv.iptc.org/newscodes/subjectcode/12009001","subj:12009001",,,"subj:12009001",,,"protestant","General term for christian churches and religious communities which developed through the reformation in the 16th century ","Protestantisme","Communauté chrétienne suivant la Réforme au 16e siècle ","protestante","Término general para las iglésias Cristianas y comunidades religiosas que fueron creados durante las reformas del siglo 16. ","Evangelische Kirche","Oberbegriff für christliche Kirchen und religiöse Gemeinschaften, entstanden aus der Reformation des 16. Jahrhunderts. ","Protestante","Chiesa sviluppatasi con la Riforma del XVI secolo ","プロテスタント","16世紀の宗教改革を通じて発現したキリスト教の教会や教団の総称 "
"http://cv.iptc.org/newscodes/subjectcode/12009002","subj:12009002",,,"subj:12009002",,,"lutheran","Christians who follow the teaching of reformer Martin Luther ","Luthérianisme","Chrétiens qui suivent l'enseignement du réformateur Martin Luther ","luterano","Cristianos que siguen las enseñanzas del reformista Martín Lutero. ","Lutheraner","Christen, die der Lehre des Reformers Martin Luther folgen. ","Luterana","Chiesa fondata sugli insegnamenti di Martin Lutero. ","ルター派","宗教改革家マルチン･ルターの教えに従うキリスト教信者 "
"http://cv.iptc.org/newscodes/subjectcode/12009003","subj:12009003",,,"subj:12009003",,,"reformed","Christians who follow the teaching of reformers Johannes Calvin and Ulrich Zwingli ","Calvinisme","Chrétiens qui suivent l'enseignement des réformateurs Jean Calvin et Ulrich Zwingli ","reformado","Cristianos que siguen las enseñanzas de los reformistas Johannes Calvin y Ulrich Zwingli. ","Reformierte","Christen, die der Lehre der Reformer Johannes Calvin und Ulrich Zwingli folgen. ","Riformata","Chiesa fondata sugli insegnamenti di Johannes Calvin e Ulrich Zwingli ","改革派","宗教改革家ジャン･カルヴァンやウルリッヒ･ツヴィングリの教えに従うキリスト教信者 "
"http://cv.iptc.org/newscodes/subjectcode/12009004","subj:12009004",,,"subj:12009004",,,"anglican","Members of the worldwide anglican communion which started in the 16th century in England as a breakaway church from the roman catholic church ","Anglicanisme","Communauté chrétienne qui trouve son origine en Angleterre au 16e siècle comme scission de l'Eglise catholique romaine ","anglicano","Miembros de la comunión mundial Anglicana que comenzó en el siglo 16 en Inglaterra dividiendose de la inglesia Católica Romana. ","Anglikaner","Mitglieder der weltweiten anglikanischen Gemeinschaft, entstanden im 16. Jahrhundert in England nach dem Bruch mit der römisch-katholischen Kirche. ","Anglicana","Chiesa nata dallo scisma in Inghilterra nel XVI secolo, sotto il regno di Enrico VIII, dalla chiesa cattolica ","英国国教会（聖公会）","ローマカトリック教会から離脱し、16世紀の英国で始まった、世界的なアングリカン･コミュニオン(聖公会組織)のメンバー "
"http://cv.iptc.org/newscodes/subjectcode/12009005","subj:12009005",,,"subj:12009005",,,"methodist","Followers of John and Charles Wesley who tried to reform the Church of England in the 18th century and turned into a separate church ","Méthodisme","Partisans de John et Charles Wesley qui ont essayé de réformer l'Eglise d'Angleterre au 18e siècle ","metodista","Seguidores de John y Charles quienes trataron de reformar la inglesia en Ingaterra en el siglo 18 y que originó en una iglesia aparte. ","Methodisten","Anhänger von John und Charles Wesley, die im 18. Jahrhundert die Kirche von England reformieren wollten und dadurch eine eigene Kirche gründeten. ","Metodista","Movimento fondato da John e Charles Wesley che nel XVIII secolo provarono a riformare la chiesa d'Inghilterra e diedero vita ad una chiesa separata ","メソジスト派","18世紀に英国国教会を改革しようとし、別の教会に分離したジョン･ウェスレーとチャールズ･ウェスレーの追随者達 "
"http://cv.iptc.org/newscodes/subjectcode/12009006","subj:12009006",,,"subj:12009006",,,"baptist","Members of a christian church which only baptises adults who truly believe in Christ ","Eglise Baptiste","Eglise chrétienne qui ne baptise que des adultes qui croient réellement au Christ ","bautista","Miembros de la Inglesia Católica que bautiza solamente a los adultosquienes relamente creen en Cristo. ","Baptisten","Mitglieder einer christlichen Kirche, die nur Erwachsene tauft. ","Battista","Chiesa nata nel solco della riforma e che sviluppa la riflessione del battesimo dei credenti, cioè di persone che confessano personalmente la propria fede e lo fanno con il battesimo per immersione ","バプティスト派","真にキリストを信仰する成人にのみ洗礼を施すキリスト教会のメンバー "
"http://cv.iptc.org/newscodes/subjectcode/12009007","subj:12009007",,,"subj:12009007",,,"mennonite","Members of a 16th century christian church which is against military service and baptising infants ","Mennonisme","Eglise chrétienne datant du 16e siècle qui refuse le baptême des enfants et le service militaire ","mennonita","Miembros de una Iglesia Cristiana nacida en el siglo 16, los cuales estan en contra de servir en las fuerzas armadas y bautizar a los niños. ","Mennoniten","Mitglieder einer aus dem 16. Jahrhundert stammenden christlichen Kirche, die gegen Militärdienst und Kindertaufe sind. ","Mennonita","Chiesa cristiana del XVI che secolo che ritiene la Bibbia come unica e sola ispirata da Dio, prende il suo nome da Menno Simons, dal quale origina una tradizione rigorosamente pacifista ","メノナイト派","兵役と幼児への洗礼に反対している16世紀のキリスト教会のメンバー "
"http://cv.iptc.org/newscodes/subjectcode/12009009","subj:12009009",,,"subj:12009009",,,"mormon","Members of a religious community which believes in the Book of Mormon"" and the revelations of founder M.J. Smith ""","Mormon","Communauté religieuse qui croit au Livre des Mormons"" et aux révélations de son fondateur M. J. Smith ""","mormón","Miembros de la comunidad religiosa que cree en el [Libro del Mormón[ y en las revelaciones de su fundador M.J. Smith. ","Mormonen","Mitglieder einer christlichen Gemeinschaft, die an das Buch Mormon und die Visionen des Gründers M.J. Smith glauben. ","Mormone","Comunità religiosa che trova i suoi fondamenti nel “Libro dei Mormoni e nelle rivelazioni ottocentesche del fondatore, il profeta M. J. Smith ""","モルモン教","｢モルモン書｣と始祖M.J.スミスの啓示を信仰する宗教団体のメンバー "
"http://cv.iptc.org/newscodes/subjectcode/12009010","subj:12009010",,,"subj:12009010",,,"roman catholic","Biggest christian church worldwide tracing its origins back to Jesus Christ ","Catholicisme romain","Principale église chrétienne sur le plan mondial ","católico romano","La Iglesia Cristiana más grande del mundo que tiene sus orígines en Jesucristo. ","Römisch-katholische Kirche","Weltweit größte christliche Kirche, die ihre Ursprünge auf Jesus Christus zurückführt. ","Cattolico Romana","La maggiore delle Chiese cristiane nel mondo, che trae la sua origine nella rivelazione di Cristo e nel messaggio evangelico e si consolida nel processo che vede la sede papale di Roma come centro della Cristianità ","カトリック","イエス･キリストの起源までさかのぼる世界的にもっとも巨大なキリスト教徒 "
"http://cv.iptc.org/newscodes/subjectcode/12009011","subj:12009011",,,"subj:12009011",,,"old catholic","Members of a catholic church which started in 1870 and denies the dogma of the infallibility of the pope ","Vieux Catholique","Confession catholique dont l'origine remonte à 1870 et qui conteste l'infallibilité du pape ","antiguo católico","Miembros de la Inglesia Católica que comenzó en 1870 y que deniega el dogma de la infalibilida del Papa. ","Altkatholiken","Mitglieder einer katholischen Kirche, die 1870 entstand und die die Lehre über die Unfehlbarkeit des Papstes ablehnt. ","Veterocattolica","Chiesa nata nel 1870 dopo il Primo Concilio Vaticano da comunità che tennero un concilio a Monaco di Baviera dove aderirono 23 congregazioni soprattutto della Germania e dell'Impero austroungarico ","旧カトリック","1870年に発足したカトリック教会のメンバー。ローマ法王の不可謬(ふかびゅう)性の教義を否定する "
"http://cv.iptc.org/newscodes/subjectcode/12009012","subj:12009012",,,"subj:12009012",,,"orthodoxy","Eastern rite churches which are characterised by their continuity with the apostolic church, their liturgy and their territorial churches, mainly in eastern and south-eastern Europe and the Middle East ","Orthodoxie","Rite chrétien orthodoxe caractérisée par la continuité de l'église apostolique, principalement à l'Est de l'Europe et au Moyen Orient ","ortodoxo","Iglesias Cristiamas que se caracterizan por su continuidad de los ritos de la inglesia apostólica, sus liturgias y sus iglesias territoriales, principalmente en el este y sudeste de Europa y el Medio Oriente. ","Orthodoxe","Kirchen des byzantinischen Ritus, die in der apostolischen Tradition stehen, vor allem in Ost- und Südosteuropa sowie im Mittleren Osten. ","Ortodossa","Chiesa d'Oriente che accoglie tutti i credenti che hanno accettato i principi stabiliti nei Concili di Nicea, Efeso e Calcedonia ","東方正教","主に中東及び東･南東ヨーロッパにおいて、十二使徒教会や聖体礼儀や管轄区教会と密接な関連があると特徴づけられる東方正教会 "
"http://cv.iptc.org/newscodes/subjectcode/12009013","subj:12009013",,,"subj:12009013",,,"salvation army","Christian community organised in a military fashion which does missionary and social work ","Armée du Salut","Communauté chrétienne organisée de manière militaire et dédiée au travail social ","ejército de salvación","Organización Cristiana organizada en forma militar que practica el evenagelio y realiza trabajos sociales. ","Heilsarmee","Militärisch organisierte christliche Gemeinschaft, die missionarisch und sozial tätig ist. ","Esercito Salvezza","Comunità cristiana organizzata in maniera militare che si occupa di missioni e lavori sociali ","救世軍","伝道と社会事業を目的として組織された軍隊式キリスト教団体 "
"http://cv.iptc.org/newscodes/subjectcode/12010000","subj:12010000",,"subj:12010000",,,,"islam","Those who use Allah and his teachings as their centre of belief ","Islam","Religion fondée par le prophète arabe Mahomet au 7e siècle ","islam","Aquellos que utilizan las enseñanzas de Alá como centro de sus creencias. ","Islam","Diejenigen die Allah und seine Lehren als Zentrum ihres Glaubens betrachten. ","Islam","Religione che pone al centro della sua fede l'insegnamento di Allah, fondata dal profeta Maometto ","イスラム教","アラーとその教えを信仰の中心とする人たち "
"http://cv.iptc.org/newscodes/subjectcode/12011000","subj:12011000",,"subj:12011000",,,,"judaism","A group believing in one god, basing their beliefs on written scriptures and the Talmud, including the first coming of the Messiah ","Judaïsme","Religion des juifs et première des grandes religions monothéistes qui a pour fondement l'Alliance inaugurée par Dieu avec le prophète Abraham et la Loi (Torah) donnée à Moïse. ","judaísmo","Grupo que cree en un dios, basando sus creencias en escrituras y en el Talmud, incluyendo la venida del segundo Mesías. ","Judentum","Eine Gruppe, die an einen Gott glaubt, deren Glauben auf den geschriebene heiligen Schriften und dem Talmud beruht, die das erste Erscheinen des Messias beinhalten. ","Ebraismo","Religione che vede il suo fondamento nell'alleanza voluta da Dio con il profeta Abramo e pone al centro della sua fede le sacre scritture e il Talmud ","ユダヤ教","経典やタルムードに書かれた、メシヤの処女降誕を含む信念に基づいて、唯一神を信じているグループ "
"http://cv.iptc.org/newscodes/subjectcode/12012000","subj:12012000",,"subj:12012000",,,,"buddhism","A major Asian religion founded by Buddha in the 6th century BC in India and preaching that right thinking and self denial will lead to a divine state without desire ","Bouddhisme","Religion originaire de l'Inde prêchée au 6ème siècle par le Bouddha selon laquelle le sage doit anéantir en lui le désir pour atteindre le nirvana. ","budismo","El mayor grupo religio de Asia, fundado por Buda en el sigle 6 antes de Cristo en la India, y que predica que pensar correctamente y auto controlarce llevará a un estado de divinidad sin deseo. ","Buddhismus","Eine verbreitete asiatische Religion, gegründet von Buddha im 6ten Jahrhundert vor Christus in Indien, die verkündet, dass richtiges Denken und Selbstverleugnung in einen göttlichen Geisteszustand frei von Wünschen führt. ","Buddismo","Principale religione asiatica fondata da Budda nel VI secolo a.C. in India ","仏教","インドで紀元前6世紀に仏陀によって設立された主要なアジアの宗教で、正しい思考と自制は、欲望のない神の状態へと導くであろうことを説いている "
"http://cv.iptc.org/newscodes/subjectcode/12013000","subj:12013000",,"subj:12013000",,,,"hinduism","A religious and social system, believing in a caste system with the Brahmans the highest and untouchables the lowest. ","Hindouisme","Ensemble de courants religieux reposant notamment sur une organisation sociale en système de castes, des intouchables (la plus basse) aux Brahmanes (la plus haute) ","hinduismo","Un sistema religioso y social que cree en la castidad con el brahmanismo como lo más alto y los intocables como lo más bajo. ","Hinduismus","Ein religiöses und soziales System, Glaube an ein Kastensystem, in dem der Brahmane die Höchste und die Unberührbahren die niedrigste Stufe darstellen. ","Induismo","Religione e sistema sociale che crede nel sistema delle caste con i Bramini nella più alta e gli intoccabili nella più bassa ","ヒンズー教","宗教的、社会的な制度で、バラモンの地位が最も高く、不可触民の地位が最も低いとするカースト制度を信じる "
"http://cv.iptc.org/newscodes/subjectcode/12014000","subj:12014000",,"subj:12014000",,,,"religious festival or holiday","Holy day or day of observance in a religion which sometimes is a public holiday as well ","Fête religieuse","Jour de fête religieuse ou de rite particulier dans une religion, parfois un jour férié ","festivales o festivades religiosas","Días festivo o dia de práctica religiosa el cual a veces es un día festivo público. ","Religiöses Fest oder Feiertag","Feiertag oder religiöser Anlass, der manchmal auch ein öffentlicher Feiertag ist. ","Festività religiose","Giorno sacro o comunque di osservanza di un dato precetto che talvolta corrisponde anche ad un giorno festivo ","宗教祭・祭日","時には公休日となる祝祭日、または宗教上の祝いの日 "
"http://cv.iptc.org/newscodes/subjectcode/12014001","subj:12014001",,,"subj:12014001",,,"christmas","Christian festival in commemorating the birth of Jesus Christ ","Noël","Fête chrétienne de commémoration de la naissance de Jésus Christ ","navidad","Días Cristianbo Festivo en conmemoración del nacimiento de Jesucristo. ","Weihnachten","Fest zur Erinnerung an die Geburt von Jesus Christus. ","Natale","Festa cristiana in cui si celebra la nascita di Gesù Cristo ","クリスマス","イエス･キリストの誕生を記念するキリスト教徒の祭日 "
"http://cv.iptc.org/newscodes/subjectcode/12014002","subj:12014002",,,"subj:12014002",,,"easter","Christian festival in commemorating the resurrection of Jesus Christ ","Pâques","Fête chrétienne de commémoration de la résurrection de Jésus Christ ","semana santa","Festividad Cristiana en conmemoración de la resurreción de Jesucristo. ","Ostern","Fest zur Erinnerung an die Auferstehung von Jesus Christus. ","Pasqua","Festa cristiana in cui si celebra la resurrezione di Gesù Cristo ","復活祭","イエス･キリストの復活を記念するキリスト教徒の祭日 "
"http://cv.iptc.org/newscodes/subjectcode/12014003","subj:12014003",,,"subj:12014003",,,"pentecost","Christian festival, celebrated on the 50th day after Easter commemorating the descent of the Holy Spirit ","Pentecôte","Fête chrétienne, célébrée 50 jours après Pâques, commémorant le retour de l'Esprit saint ","pentecostal","Celebración Cristiana celebrada en el Quincuagésimo día despues de Semana Santa, que conmemora el descenso del Espíritu Santo. ","Pfingsten","50 Tage nach Ostern begangenes Fest zur Erinnerung an die Herabkunft des Heiligen Geistes. ","Pentecoste","Festa cristiana in cui si celebra la discesa dello Spirito Santo nel cinquantesimo giorno dopo la Pasqua ","聖霊降臨祭","キリスト教徒の祝日。聖霊の降誕を記念して、復活祭の50日後に祝う "
"http://cv.iptc.org/newscodes/subjectcode/12014004","subj:12014004",,,"subj:12014004",,,"ramadan","Holy month of fasting in Islam ","Ramadan","Mois saint de jeûne pour l'Islam ","ramadan","Mes Sagrado de ayuno en el Islamismo. ","Ramadan","Heiliger Fastenmonat des Islam. ","Ramadan","Mese sacro di digiuno nella religione islamica ","断食月","イスラム教における、聖なる断食の月 "
"http://cv.iptc.org/newscodes/subjectcode/12014005","subj:12014005",,,"subj:12014005",,,"yom kippur","Most solemn of Jewish religious holidays, observed on the 10th day of the lunar month of tishri (in the course of September and October, when Jews seek reconciliation with god ","Yom Kippour","La fête religieuse juive la plus solennelle au 10e jour du mois lunaire de Tishri (entre Septembre et Octobre, lorsque les Juifs cherchent la réconcialiation avec Dieu) ","yom kippur","EL más solmne de los feriados religiosos Judios observado en el décimo día lunar de tishri (En el curso de Septiembre y Octubre, cuando los judios buscan la reconciliación con Dios). ","Jom Kippur","Höchster jüdischer Feiertag. ","Yom Kippur","La festività religiosa ebraica più solenne, osservata nel decimo giorno del mese lunare di tishri (tra settembre e ottobre, quando gli Ebrei cercano la riconciliazione con dio) ","贖罪の日","ユダヤ教において、宗教上もっとも神聖な祭日。ユダヤ教徒たちは神との調和を求めて、太陰月(ユダヤ暦)であるティシュリー月(西暦では9～10月)の10日に祝う "
"http://cv.iptc.org/newscodes/subjectcode/12015000","subj:12015000",,"subj:12015000",,,,"religious leader","Person or persons who have a ritual, juridical or otherwise leading role in their respective church or religion ","Chefs religieux","Personnes qui exercent un rôle de leader sur le plan rituel et/ou juridique dans une religion donnée ","líder religioso","Persona o personas que tienen un rol de liderazgo ritual o judicial en sus respectivas iglesias o religiones. ","Religiöses Oberhaupt","Person oder Personen, die eine rituelle oder führende Rolle in ihrer jeweiligen Religion oder Kirche haben. ","Leader religiosi","Chi ricopre un ruolo di leader rituale, giuridico, spirituale o di altro genere nella propria fede o religione ","宗教指導者","それぞれの教会や宗教において、儀式の上で、または、宗法上、もしくはその他の指導的役割を持つ人物ないしはその一団 "
"http://cv.iptc.org/newscodes/subjectcode/12015001","subj:12015001",,,"subj:12015001",,,"pope","Head of the roman catholic church worldwide ","Pape","Chef de l'Eglise romaine catholique ","papa","Cabeza de la Iglesia Católica Romana a nivel mundial. ","Papst","Weltweites Oberhaupt der römisch-katholischen Kirche. ","Papa","Capo della chiesa cattolica apostolica romana ","ローマ法王","ローマカトリック教会の世界最高権威者 "
"http://cv.iptc.org/newscodes/subjectcode/12016000","subj:12016000",,"subj:12016000",,,,"nature religion","Worship of natural elements like fire, water, trees, mountains ","Animisme","Culte des éléments naturels comme le feu, l'eau, les arbres, les montagnes ","religión natural","Adoración de elementos naturales como fuego, agua, árboles y montañas. ","Naturreligion","Verehrung von Naturelementen wie Feuer, Wasser, Bäume, Berge. ","Religione naturale","Culto degli elementi naturali come fuoco, acqua, alberi, montagne; Animismo ","自然宗教","火や水、木々、山などの自然の要素を崇拝すること "
"http://cv.iptc.org/newscodes/subjectcode/12017000","subj:12017000",,"subj:12017000",,,,"taoism","Indigenous religio-philosophical tradition that has shaped Chinese life for more than 2000 years ","Taoïsme","Religion et tradition philosophique originaire de Chine voici plus de 2000 ans ","taoismo","Tradición indigena reliosa/filosófica que ha formado la vida cultura de China por mas de 2000 años. ","Taoismus","Ursprüngliche chinesische religiöse und philosophische Tradition, die seit mehr als 2000 Jahren das chinesische Leben beeinflusst. ","Taoismo","Tradizione filosofico-religiosa originaria della Cina ","道教","2000年以上に渡って中国人の生活を形成してきた、固有の宗教哲学的な伝統 "
"http://cv.iptc.org/newscodes/subjectcode/12018000","subj:12018000",,"subj:12018000",,,,"shintoism","Indigenous religious beliefs and practices of Japan. The word Shinto came into use in order to distinguish indigenous Japanese beliefs from Buddhism. ","Shintoïsme","Tradition et pratique religieuse autochtone du Japon ","shintoismo","Creencia religiosa indigena practicada en Japón. La palabra Shinto fue adoptada en orden a diferenciar creencias indígenas japonesas del Budismo. ","Schintoismus","Ursprünglicher religiöser praktizierter Glaube in Japan. Die Bezeichnung Shinto wurde eingeführt um den ursprünglichen japanischen Glauben vom Buddhismus zu trennen. ","Scintoismo","Tradizione e pratica religiosa originaria del Giappone. ","神道","日本固有の宗教的信仰や習慣。神道という単語は日本固有の信仰と仏教を区別するために使用されるようになった "
"http://cv.iptc.org/newscodes/subjectcode/12019000","subj:12019000",,"subj:12019000",,,,"sikhism","The religion of an Indian group, combining Hindu and Islamic elements, founded in the Punjab (or Panjab) in the late 15th century AD by Guru Nanak. ","Sikhisme","Groupe religieux indien, combinant des éléments hindous et islamiques, fondé au Punjab au 15e siècle ","sikhismo","La Religión de un grupo indio, combinando Hinduismo y elementos Islámicos, fundada en el Punjab (o Panjab), al final del siglo 15 DC, por el Guru Nanak. ","Sikhismus","Religion einer indischen Gruppe, die Hinduismus und islamische Elemente verbindet, die in Punjab entdeckt wurde im späten 15. Jahrhundert von Guru Nanak. ","Sikismo","Tradizione religiosa indiana che combina elementi Indu e Islamici, fondata nel Punjab alla fine del XV secolo ","シーク教","導師(グル)ナーナクによって15世紀終わりにインド北西部のパンジャブ地域で設立された、ヒンドゥー教とイスラム教の要素を併せ持つ、インドの宗教 "
"http://cv.iptc.org/newscodes/subjectcode/12020000","subj:12020000",,"subj:12020000",,,,"jainism","A religion of India that teaches a path to spiritual purity and enlightenment through a disciplined mode of life founded upon the tradition of ahimsa, non-violence to all living creatures. It began in the 7th-5th century BC. ","Jaïnisme","Religion indienne qui prône un chemin spirituel basé notamment sur les concepts de non-violence et d'ascétisme. ","jainismo","Una religión de la India que enseña los caminos de pureza espiritual y direcciones a través de un modo disciplinado de vida fundado bajo la tradición de ahimsa, no violencia, para todos los seres vivientes. Comenzpo en los siglos Séptimo y Quinto AC. ","Jainismus","Eine indische Religion, die einen Weg lehrt zu spiritueller Reinheit und Erleuchtung, durch einen disziplinierten Lebensstil auf der Tradition von Gewaltlosigkeit gegenüber allen Lebewesen. Begann im 7.-5. Jahrhundert vor Christus. ","Giainismo","Religione dell'India che insegna un cammino spirituale basato sostanzialmente sui concetti di non violenza e di ascetismo. La sua origine risale al VII-V secolo a.C. ","ジャイナ教","精神的純粋さへの道を教え、すべての生き物を殺さないというアヒームサのしきたりを悟るため、戒律ある生活様式を貫くことを啓蒙するインドの宗教。紀元前7-5世紀に始まった "
"http://cv.iptc.org/newscodes/subjectcode/12021000","subj:12021000",,"subj:12021000",,,,"parsasm","A religion in India following the Iranian prophet Zoroaster, mainly in Bombay, but also in Karachi (Pakistan). ","Parsasm","Religion indienne des partisans du prophète iranien Zoroastre ","parsismo","Religión de la India que sigue al profeta iraní Zoroaster, principalmente en Bombay, pero tambien en karachi, Paquistan. ","Zoroastrismus","Eine indische Religion, die der Lehre von Zarathustra folgt, meistens in Bombay, aber auch in (Karachi) Pakistan. ","Parsi","Religione dell'India che segue il profeta iraniano Zoroaster, principalmente a Bombay, ma anche a Karachi (Pakistan) ","パルシー教","イランの予言者ゾロアスターが受け継いだインドの宗教。主にボンベイやカラチ(パキスタン)で広まった "
"http://cv.iptc.org/newscodes/subjectcode/12022000","subj:12022000",,"subj:12022000",,,,"confucianism","The way of life propagated by Confucius in the 6th-5th century BC and followed by the Chinese people for more than 2000 years. Its influence has extended to Korea, Japan, and Vietnam. ","Confucianisme","Philosophie, éthique et politique basée sur les enseignements du sage chinois Confucius ","confucismo.","La forma de vida propagada por Confucios en los siglos sexto y quinto AC, y seguida por el prueblo de China por más de 2000 años. Sus influencias se extendieron hasta Corea, Japón y Vietnam. ","Konfuzianismus","Der Weg des Lebens, der durch Konfuzius propagiert wurde im 6.-5. Jahrhundert vor Christus und den die chinesische Bevölkerung seit mehr als 2000 Jahren befolgt. Die Einflüsse haben sich ausgedehnt nach Korea, Japan und Vietnam. ","Confucianesimo","Insegnamento di vita e filosofico, etico e politico derivato dal saggio cinese Confucio (VI-V secolo a.C.). ","儒教","紀元前6-5世紀頃、孔子によって広められ、2000年以上に渡って中国人に受け継がれてきた生き方。その影響は朝鮮、日本およびベトナムにまで及んだ "
"http://cv.iptc.org/newscodes/subjectcode/12023000","subj:12023000",,"subj:12023000",,,,"religious text","Scriptures holy or important for a church or religion ","Textes religieux","Textes sacrés ou importants pour une religion ","textos religiosos","Escrituras Sagradas o importantes para una iglesia o religión ","Religiöse Schrift","Schriften die heilig oder wichtig für eine Kirche oder Religion sind. ","Testi Religiosi","Testi sacri che sono fondamento o comunque importanti per una chiesa o religione ","聖典","教会もしくは宗教にとって神聖あるいは重要な聖典 "
"http://cv.iptc.org/newscodes/subjectcode/12023001","subj:12023001",,,"subj:12023001",,,"bible","Sacred scriptures of Christianity consisting of the old and new testament ","Bible","Livre saint de la Chrétienté ","biblia","Escrituras Sagradas del Cristianismo consistentes de el Antiguo y Nuevo Testamento. ","Bibel","Heilige Schrift des Christentums, bestehend aus dem Alten und dem Neuen Testament. ","Bibbia","Le Sacre Scritture della fede cristiana, composte dal Vecchio e Nuovo Testamento ","聖書","新約と旧約から成るキリスト教の聖典 "
"http://cv.iptc.org/newscodes/subjectcode/12023002","subj:12023002",,,"subj:12023002",,,"qur'an","Holy book of Islam ","Coran","Livre saint de l'Islam ","quoram","Libro Sagrado del Islamismo ","Koran","Heiliges Buch des Islam. ","Corano","Libro sacro della religione islamica ","コーラン","イスラム教の聖典 "
"http://cv.iptc.org/newscodes/subjectcode/12023003","subj:12023003",,,"subj:12023003",,,"torah","Holy scriptures of Judaism ","Torah","Livre saint du Judaïsme ","toráh","Escrituras Sagradas del Judaísmo. ","Thora","Heilige Schriften des Judentums. ","Torah","Sacre scritture della religione ebraica ","ユダヤ聖典","ユダヤ教の聖典(義にはモーゼの十戒および旧約聖書の冒頭のモーゼ五書を指す) "
"http://cv.iptc.org/newscodes/subjectcode/12024000","subj:12024000",,"subj:12024000",,,,"interreligious dialogue","Any form of communication between religions ","Dialogue interreligieux","Toute forme de communication entre les religions ","dialogo inter-religoso","Cualquier forma de comunicación entre las religiones. ","Interreligiöser Dialog","Beziehungen zwischen verschiedenen Religionen. ","Dialogo interreligioso","Ogni forma di comunicazione tra le diverse religioni ","宗教間の対話","あらゆる形式の宗教間の対話 "
"http://cv.iptc.org/newscodes/subjectcode/12025000","subj:12025000",,"subj:12025000",,,,"religious event","News regarding a religious event but not a festival or holiday ","Evénement religieux","Informations concernant un événement religieux sans être un festival ou une fête religieuse ","evento religioso","Noticias relacionadas a un evento religioso, pero no una festival o feriado. ","Religiöses Ereignis","Artikel, die sich auf ein religiöses Ereignis beziehen, aber keine Feste oder Feiertage. ","Evento religioso","Avvenimento con caratteristiche di tipo religioso, ma non festivo ","宗教行事","祝祭や休日ではない宗教的な行事に関するニュース "
"http://cv.iptc.org/newscodes/subjectcode/12025001","subj:12025001",,,"subj:12025001",,,"catholic convention","A catholic convention ","Réunion catholique","Informations concernant une réunion catholique ","convención católica","Reportes concernientes o de una convención Católica. ","Katholikentag","Eine Versammlung von Katholiken","Incontri cattolici","Incontri o Assemblee proprie del mondo cattolico ","カトリック教大会","カトリック教大会からの報道、又はそれに関係する報道 "
"http://cv.iptc.org/newscodes/subjectcode/12025002","subj:12025002",,,"subj:12025002",,,"protestant convention","A protestant convention ","Réunion protestante","Informations concernant une réunion protestante ","convención protestante","Reportes concernientes o de una convención Protestante. ","Kirchentag","Eine Versammlung von evangelischen Christen.","Incontri protestanti","Incontri o Assemblee proprie del mondo protestante ","プロテスタント大会","プロテスタント大会からの報道、又はそれに関係する報道 "
"http://cv.iptc.org/newscodes/subjectcode/12025004","subj:12025004",,,"subj:12025004",,,"ritual","Established religious rituals such as mass, baptism, prayer meetings ","Rituel","Rites religieux établis comme la messe, le baptême ou la prière ","ritual","Rituales religiosos establecidos, tales como Misa, Bautismo, Oración en grupo. ","Ritual","Etablierte religiöse Rituale, wie Messen, Taufen, Priestertreffen. ","Riti","Cerimonie o Rituali religiosi di vario tipo, come ad es. messe, battesimi, incontri di preghiera ecc. ","儀式","ミサ、洗礼、祈祷会などの確立した宗教上の儀式 "
"http://cv.iptc.org/newscodes/subjectcode/12026000","subj:12026000",,"subj:12026000",,,,"concordat","Treaty between the Holy See and another country for the regulation of ecclesiastical affairs in the territory of the latter ","Concordat","Traité entre le Saint-Siège et un autre pays pour réglementer les affaires écclésiastiques dans ce dernier ","concordat","Tratado entre la Santa Sede y otro país por las regulaciones de asuntos eclesiasticos en los terrotorios de éste. ","Konkordat","Völkerrechtlich verbindlicher Vertrag zwischen dem Heiligen Stuhl und einem anderen Land. ","Concordato","Trattato tra la Santa Sede e un'altra nazione per regolare l'attività ecclesiastica nel territorio di quest'ultima ","政教条約","領土内の教会の問題調整を目的とした教皇庁と他国の間の条約 "
"http://cv.iptc.org/newscodes/subjectcode/12027000","subj:12027000",,"subj:12027000",,,,"ecumenism","Relations between christian churches ","Oecuménisme","Relation entre les églises chrétiennes ","ecumenismo","Relación entre las inglesias Cristianas. ","Ökumene","Beziehungen zwischen christlichen Kirchen. ","Ecumenismo","Relazioni tra chiese cristiane ","キリスト教統一主義運動","キリスト教会間の関係 "
"http://cv.iptc.org/newscodes/subjectcode/13000000","subj:13000000","subj:13000000",,,,,"science and technology","All aspects pertaining to human understanding of nature and the physical world and the development and application of this knowledge ","Science et technologie","Tout ce qui contribue à la compréhension de la nature et du monde physique et l'application de ce savoir aux techniques industrielles notamment ","ciencia y tecnología","Todos los aspectos relacionados con la interpretación humana de la naturaleza y el mundo físico, y el desarrollo y la aplicación de este conocimiento. ","Wissenschaft, Technik, Forschung","Alle Aspekte die mit dem menschlichen Verständnis der Natur und der physikalischen Welt zusammenhängen und der Entwicklung und Anwendung dieses Wissens. ","Scienza, Tecnologia","Comprensione e conoscenza della natura e del mondo fisico e lo sviluppo e applicazione di tale sapere ","科学・技術","人の自然や物理的世界に対する理解のあらゆる面、およびこの知識の発展や応用 "
"http://cv.iptc.org/newscodes/subjectcode/13001000","subj:13001000",,"subj:13001000",,,,"applied science","Stories about putting scientific knowledge to practical uses in the fields of the medical sciences, agriculture, domestic sciences as well as trades and crafts ","Sciences appliquées","La mise en pratique du savoir scientifique appliquée à la médecine, à l'agriculture, etc. ","ciencias aplicadas","Artículos acerca de dar al conocimiento científico un uso práctico en los campos de la ciencia médica, la agricultura, las ciencias domésticas, además de las artes y oficios. ","Angewandte Wissenschaft","Artikel über in der Praxis angewandtes Wissen im Umfeld der medizinischen Wissenschaft, Agrarwissenschaft, heimische Wissenschaften genauso wie Handel und Handwerk. ","Scienza applicata","Applicazione della conoscenza scientifica per usi pratici in medicina, agricoltura, o altro ma anche in arti e mestieri ","応用科学","通商や工学だけでなく、医学、農業、家政学の分野で実用となる科学的な知識を応用することに関する記事 "
"http://cv.iptc.org/newscodes/subjectcode/13001001","subj:13001001",,,"subj:13001001",,,"physics","The study of the properties and changes of matter ","Physique","L'étude des propriétés de la matière et la détermination des lois qui la régissent ","física","Estudio de las propiedades y cambios de la materia. ","Physik","Studium der Eigenschaften und Veränderungen von Materie. ","Fisica","Studio delle proprietà e dei cambiamenti che subisce la materia ","物理学","物体の性質と変化についての学問 "
"http://cv.iptc.org/newscodes/subjectcode/13001002","subj:13001002",,,"subj:13001002",,,"chemistry","The study of the composition and reaction of substances ","Chimie","L'étude de la composition et des propriétés des corps, de leurs actions mutuelles et des transformations qu'ils peuvent subir ","química","Estudio de la composición y reacción de las substancias. ","Chemie","Studium der Zusammensetzung und Reaktion von Stoffen. ","Chimica","Studio della composizione e del modo di reagire fra loro delle varie sostanze ","化学","物質の合成や反応についての学問 "
"http://cv.iptc.org/newscodes/subjectcode/13001003","subj:13001003",,,"subj:13001003",,,"cosmology","Study of the organization and structure of the universe ","Cosmologie","Etude de l'organisation et de la structure de l'Univers ","cosmología","Estudio sobre la organización y estructura del Universo. ","Kosmologie","Wissenschaft von der Struktur und Organisation des Universums. ","Cosmologia","Studio dell'organizzazione e della struttura dell'universo ","宇宙論","宇宙の構成と構造に関する研究 "
"http://cv.iptc.org/newscodes/subjectcode/13001004","subj:13001004",,,"subj:13001004",,,"particle physics","The study of elementary particles and atomic nuclei through the use of high-energy particles ","Physique des particules","Etude des particules élémentaires et des noyaux des atomes par l'utilisation de particules de haute énergie ","partículas físicas","El estudio de partículas elementales y de núcleos atómicos con el uso de partículas de gran energía ","Teilchenphysik","Wissenschaft der Elementarteilchen, Atomkerne durch den Gebrauch von energiereichen Teilchen. ","Fisica Particelle","Studio delle particelle elementari e atomiche ","粒子物理学","高エネルギー粒子を使った素粒子と原子核に関する研究 "
"http://cv.iptc.org/newscodes/subjectcode/13002000","subj:13002000",,"subj:13002000",,,,"engineering","Stories about putting scientific knowledge to practical uses in the fields of civil, electrical, mechanical and chemical engineering ","Ingénierie","Informations sur l'utilisation de connaissance scientifique pour des utilisations pratiques dans l'ingénierie civile, électrique, mécanique et chimique ","ingeniería","Artículos acerca de dar al conocimiento científico un uso práctico en los campos de la ingeniería civil, eléctrica, mecánica y química. ","Ingenieurwesen","Artikel über den praktischen Nutzen von wissenschaftlichen Erkenntnissen in den Bereichen ziviler, elektronischer, mechanischer und chemischer Technik. ","Ingegneria","Applicazione della conoscenza scientifica per usi pratici nei campi dell'ingegneria civile, elettrica, meccanica e chimica ","工学","土木、電気、機械、化学工学の分野で実用となる科学的な知識を応用することに関する記事 "
"http://cv.iptc.org/newscodes/subjectcode/13002001","subj:13002001",,,"subj:13002001",,,"material science","The study of materials used in manufacturing ","Science des matériaux","Etude des matériaux utilisés dans la fabrication de produits ","material científico","El estudio de materiales usados en la manufactura. ","Materialwissenschaft","Wissenschaft von Materialien, die in der Industrie verwendet werden. ","Scienza Materiali","Studio dei materiali usati nella fabbricazione di prodotti ","材料科学","製造で使用される原材料に関する研究 "
"http://cv.iptc.org/newscodes/subjectcode/13003000","subj:13003000",,"subj:13003000",,,,"human science","Sociology, psychology, anthropology and political science ","Sciences humaines","Ensemble constitué par la sociologie, la psychologie, l'anthropologie, l'histoire et la science politique ","ciencias humanas","Artículos relacionados con sociología, psicología, antropología y ciencias políticas. ","Geisteswissenschaft","Soziologie, Psychologie, Anthropologie und politische Wissenschaften. ","Scienze umane","Scienze quali sociologia, psicologia, antropologia, scienze politiche ecc. ","人文科学","社会学、心理学、人類学と政治学関連の記事 "
"http://cv.iptc.org/newscodes/subjectcode/13003001","subj:13003001",,,"subj:13003001",,,"social sciences","The study of people living in groups, as families, tribes and communities ","Sciences sociales","L'étude des groupes sociaux tels que familles, tribus et communautés ","ciencias sociales","Estudio de cómo la gente vive en grupos, como familias, tribus y comunidades. ","Sozialwissenschaften","Studium der Menschen in Gruppen, wie Familien, Stämme und Gemeinschaften. ","Scienze sociali","Studio degli individui organizzati in gruppi sociali: famiglie, tribu, comunità ecc. ","社会科学","家族、種族、共同体といった集団生活をする人々の学問 "
"http://cv.iptc.org/newscodes/subjectcode/13003002","subj:13003002",,,"subj:13003002",,,"history","The study of human events of the past ","Histoire","Science de la connaissance du passé ","historia","Estudio de sucesos humanos en el pasado. ","Geschichte","Studium menschlicher Ereignisse der Vergangenheit. ","Storia","Studio della conoscenza di eventi umani accaduti nel passato ","歴史学","人類の過去の出来事についての学問 "
"http://cv.iptc.org/newscodes/subjectcode/13003003","subj:13003003",,,"subj:13003003",,,"psychology","The study of the human mind and mental and emotional processes ","Psychologie","Etude scientifique des faits psychiques : processus mentaux, mémoire,… ","psicología","Estudio de la mente humana y los procesos emocionales y mentales. ","Psychologie","Studium des menschlichen Verstandes, des Geistes und emotionaler Vorgänge. ","Psicologia","Studio scientifico dei processi mentali ed emotivi ","心理学","人間の心、精神、感情の動きに関する学問 "
"http://cv.iptc.org/newscodes/subjectcode/13003004","subj:13003004",,,"subj:13003004",,,"sociology","The study of human social relations, organization and change ","Sociologie","L'étude des faits sociaux humains ","sociología","Estudio de las relaciones sociales humanas, organizaciones y cambios. ","Soziologie","Studium menschlicher Beziehungen, Organisationen und Veränderungen. ","Sociologia","Studio delle relazioni sociali, della loro organizzazione e cambiamenti ","社会学","人間の社会の関係、体制、変化に関する学問 "
"http://cv.iptc.org/newscodes/subjectcode/13003005","subj:13003005",,,"subj:13003005",,,"anthropology","The study of human beings in groups or societies ","Anthropologie","Etude des cultures des différentes collectivités humaines ","antropología","Estudio de los seres humanos en grupos o sociedades. ","Anthropologie","Studium des Menschen in Gruppen oder Gesellschaften. ","Antropologia","Studio delle culture nelle varie collettività, gruppi, società in cui l'uomo si organizza ","人類学","グループあるいは社会における人間に関する学問 "
"http://cv.iptc.org/newscodes/subjectcode/13004000","subj:13004000",,"subj:13004000",,,,"natural science","Astronomy, astrophysics, physics, chemistry, earth sciences, palaeontology, biological sciences, botany and zoology, as well as mathematics ","Sciences naturelles","Les sciences de la terre mais aussi l'astronomie, l'astrophysique, la chimie, la physique, la paléontologie, la biologie, la botanique, la zoologie et les mathématiques ","ciencias naturales","Artículos relacionados con astronomía, astrofísica, física, química, ciencias de la tierra, paleontología, ciencias biológicas, botánica y zoología, como asimismo matemáticas. ","Naturwissenschaft","Astronomie, Astrophysik, Geografie, Paläontologie, Biologie, Botanik und Zoologie und Mathematik. ","Scienze naturali","Scienze della Terra ma anche astronomia, astrofisica, fisica, chimica, paleontologia, scienze biologiche, botanica e zoologia, come anche la matematica ","自然科学","数学だけでなく、天文学や天体物理学、物理学、化学、地球科学、古生物学、生物科学、植物学、動物学に関連する記事 "
"http://cv.iptc.org/newscodes/subjectcode/13004001","subj:13004001",,,"subj:13004001",,,"geology","The study of Earth's physical processes ","Géologie","L'étude de l'écorce terrestre, de ses constituants, de son histoire et de sa génèse ","geología","Estudio de los procesos físicos de la tierra. ","Geologie","Studium physikalischer Erdprozesse. ","Geologia","Studio dei processi fisici della Terra ","地質学","地球の物理的な過程に関する学問 "
"http://cv.iptc.org/newscodes/subjectcode/13004002","subj:13004002",,,"subj:13004002",,,"paleontology","The study of ancient animals ","Paléontologie","L'étude des êtres vivants du passé ","paleontología","Estudio de antiguos animales ","Paläontologie","Studium ausgestorbener Tiere. ","Paleontologia","Studio degli animali preistorici e degli esseri viventi del passato ","古生物学","古代動物に関する学問 "
"http://cv.iptc.org/newscodes/subjectcode/13004003","subj:13004003",,,"subj:13004003",,,"geography","The study of the surface of Earth and its political divisions ","Géographie","Science qui a pour objet, l'observation, la description et l'explication des phénomènes physiques et humains à la surface du globe et l'étude de leur répartition ","geografía","Estudio de la superficie de la tierra y sus divisiones políticas. ","Geografie","Studium der Erdoberfläche und ihrer politischen Einteilung. ","Geografia","Scienza che ha per oggetto l'osservazione, descrizione e spiegazione dei vari fenomeni sulla superficie terrestre e le divisioni politiche ","地理学","地表や政治的な領土、領海、国境に関する学問 "
"http://cv.iptc.org/newscodes/subjectcode/13004004","subj:13004004",,,"subj:13004004",,,"botany","The study of plants ","Botanique","L'étude des végétaux ","botánica","Estudio de las plantas ","Botanik","Studium von Pflanzen. ","Botanica","Studio delle piante ","植物学","植物に関する学問 "
"http://cv.iptc.org/newscodes/subjectcode/13004005","subj:13004005",,,"subj:13004005",,,"zoology","The study of animals ","Zoologie","L'étude des animaux ","zoología","Estudio de los animales ","Zoologie","Studium von Tieren. ","Zoologia","Studio degli animali ","動物学","動物に関する学問 "
"http://cv.iptc.org/newscodes/subjectcode/13004006","subj:13004006",,,"subj:13004006",,,"physiology","The study of vital processes of living organisms ","Physiologie","L'étude des phénomènes vitaux et des mécanismes qui règlent le fonctionnement des êtres vivants ","fisiología","Estudio del proceso vital de los organismos vivientes. ","Biologie","Studium von lebenden Organismen. ","Fisiologia","Studio dei processi vitali degli organismi viventi ","生理学","活動している生体の生命過程に関する学問 "
"http://cv.iptc.org/newscodes/subjectcode/13004007","subj:13004007",,,"subj:13004007",,,"astronomy","The study of the stars and planets ","Astronomie","Etude des étoiles et des planètes ","astronomía","El estudio de las estrellas y los planetas. ","Astronomie","Studium der Sterne und Planeten. ","Astronomia","Studio degli astri e dei pianeti ","天文学","星と惑星に関する研究 "
"http://cv.iptc.org/newscodes/subjectcode/13004008","subj:13004008",,,"subj:13004008",,,"biology","The study of living organisms ","Biologie","Etude des organismes vivants ","biología","EL estudio de los organizmos vivientes. ","Biologie","Studium der lebenden Organismen. ","Biologia","Studio degli organismi viventi ","生物学","生命がある有機体に関する研究 "
"http://cv.iptc.org/newscodes/subjectcode/13005000","subj:13005000",,"subj:13005000",,,,"philosophical science","Philosophy, logic and ethics, among others ","Philosophie des sciences","Informations concernant la philosophie, la logique, l'éthique ","ciencias filosóficas","Artículos relacionados con filosofía, lógica y ética, entre otras cosas. ","Philosophie","Philosophie, Logik und Ethik, unter anderen. ","Scienze filosofiche","Filosofia, logica ed etica, ecc. ","哲学（学術）","とりわけ哲学、論理学や倫理学と関連する記事 "
"http://cv.iptc.org/newscodes/subjectcode/13006000","subj:13006000",,"subj:13006000",,,,"research","Methodical investigation of events, procedures etc to explain why they occur, or to find solutions for problems ","Recherche","L'ensemble des travaux méthodiques de recherche visant à faire avancer la connaissance ","investigación","Investigación metodica de eventos, procedimientos, etc. Para explicar porqué ocurren, o para encontrar solución a problemas. ","Forschung","Methodische Untersuchungen von Ereignissen, Prozeduren etc. um zu erklären, wie sie entstehen oder um Lösungen zu finden für Probleme. ","Ricerca","Indagine metodica applicata ad eventi, procedure ecc., per spiegare perché avvengano o per trovare soluzione a problemi ","研究","ある出来事についての周到な調査、なぜ起こるのかを説明するための手順、または問題の解決方法を見つけること "
"http://cv.iptc.org/newscodes/subjectcode/13006001","subj:13006001",,,"subj:13006001",,,"survey","Examination of public attitudes on various subjects or issues, such as the quality of goods, the value of services etc. ","Enquête sociologique","Sondage de l'opinion publique sur des sujets variés comme la qualité de produits, de services ","estudio","Examinación de actitudes públicas o varios sujetos o asuntos, como la calidad de ","Umfrage","Erhebung der öffentlichen Meinung zu verschiedenen Themen, wie z.B Produktqualität oder Verbraucherzufriedenheit etc. ","Indagini, Sondaggi","Esami delle opinioni e tendenze su vari argomenti o fatti, come la qualità dei beni, il valore dei servizi, ecc... ","商品化調査","商品の品質、サービスの価値などのような、多種の主題または問題に沿った、公的な姿勢の審査 "
"http://cv.iptc.org/newscodes/subjectcode/13007000","subj:13007000",,"subj:13007000",,,,"scientific exploration","Methodical land, sea and space journeys to discover new information about them ","Exploration scientifique","Exploration méthodique et détaillée de la terre, de la mer et de l'espace ","exploración científica","Viaje metódicos alredodor de la tierra y el océano para descubrir nueva información acerca de ellos. ","Entwicklung","Methodische Land, Wasser und Weltraumreisen, um neue Informationen über diese zu entdecken. ","Esplorazioni scientifiche","Esplorazione approfondita riguardante terra, mare e spazio alla ricerca di nuove conoscenze ","科学探査","陸や海、宇宙の秩序からそれらに関する新しい情報を発見する "
"http://cv.iptc.org/newscodes/subjectcode/13008000","subj:13008000",,"subj:13008000",,,,"space programme","The government's organized effort for the exploration of outer space and the bodies therein ","Programmes spatiaux","Les programmes publics pour l'exploration de l'espace ","programas espaciales","Los esfuerzos organizados por el gobierno para la exploración del Espacio exterior y los astros en él. ","Weltraumforschung","Von der Regierung organisierte Forschung zur Entdeckung fremden Lebensraumes und deren Einheiten darin. ","Programmi aerospaziali","Programmi dei vari paesi per l'esplorazione dello spazio ","宇宙計画","大気圏外とそこにあるものへ探査のための政府の組織的な試み "
"http://cv.iptc.org/newscodes/subjectcode/13009000","subj:13009000",,"subj:13009000",,,,"science (general)","Establishing and systematizing information about nature and the physical world through observation, experimentation and hypothesis ","Science","Savoir que l'on acquiert par l'étude, l'expérience, l'observation ","ciencias (general)","Información sistematizada y establecidaacerca de la naturaleza y el mundo físico, hidrodinámicas y termodinámicas. ","Wissenschaft","Anerkannte und systematische Information über die Natur und die physikalische Welt durch Beobachtung, Experiment und Hypothese. ","Scienza (generico)","Conseguimento della conoscenza della natura e del mondo fisico attraverso osservazione, esperimento e ipotesi ","科学（一般）","観察、実験および仮説を通して、自然と物理世界に関する情報の確立および体系化 "
"http://cv.iptc.org/newscodes/subjectcode/13010000","subj:13010000",,"subj:13010000",,,,"technology (general)","The study of the practical or industrial arts, and applied sciences such as physics, hydrodynamics and thermodynamics ","Technologie","L'étude des techniques industrielles et des sciences appliquées comme la thermodynamique ","tecnología (general)","El estudio de lasprácticas o artes industriales, aplicadas a las ciencias tales como física, hidronámicas y termohidrámicas. ","Technik/Technologie","Studium von praktischen und industriellen Fertigkeiten und benachbarte Wissenschaften wie Physik, Hydrodynamik und Thermodynamik. ","Tecnologia (generico)","Studio delle tecniche industriali e delle scienze applicate ","技術（一般）","実用的もしくは工芸、物理学、流体力学、熱力学のような応用化学の知識 "
"http://cv.iptc.org/newscodes/subjectcode/13010001","subj:13010001",,,"subj:13010001",,,"rocketry","The development of rockets ","Fuséologie","Le développement des fusées ","cohetería","El desarrollo de cohetes. ","Raketentechnik","Die Entwicklung von Raketen. ","Missilistica","Sviluppo di missili ","ロケット工学","ロケットの開発 "
"http://cv.iptc.org/newscodes/subjectcode/13010002","subj:13010002",,,"subj:13010002",,,"laser","The development and use of light amplification by stimulated emission of radiation ","Laser","Le développement et l'utilisation de l'amplification de la lumière par une émission stimulée de radiations ","láser","El desarrollo y uso de la amplificación de la luz mediante la emisión estimulante de la radiación ","Lasertechnik","Die Entwicklung und Nutzung von Lichtverstärkung durch angeregte Strahlungsaussendung (LASER). ","Laser","Sviluppo e uso dell'amplificazione della luce attraverso l'emissione stimolata di radiazione ","レーザー工学","レーザー(放射の誘導放出による光の増幅作用)の開発および使用 "
"http://cv.iptc.org/newscodes/subjectcode/13011000","subj:13011000",,"subj:13011000",,,,"standards","The rules, national and international, that govern science and technology. These might include international standards setting for equipment and interference standards. ","Standards","Normes nationales où internationales de fabrication ","normas","Las reglamentaciones nacionales e internacionales que rigen la ciencia y la tecnología. Podría incluirse la fijación de normas internacionales con respecto a equipos y normas de interferencia. ","Standards","Nationale und internationale Regeln, die die Wissenschaft und Technologie steuern. Diese könnten international gesetzte Standards für die Ausrüstung betreffen und Standards zur Einmischung. ","Standards","Norme di fabbricazione nazionali o internazionali ","標準規格","科学と技術を管理する国内または国際的なルール。これらは装置や特許権争いの基準のために設定する国際的基準を含むこともある "
"http://cv.iptc.org/newscodes/subjectcode/13012000","subj:13012000",,"subj:13012000",,,,"animal science","Science involving animals ","Zoologie","Science concernant les animaux ","ciencias animales","Ciencias que involucran animales. ","Tierforschung","Wissenschaft, die sich mit Tieren beschäftigt. ","Scienza degli animali","Studi e ricerche che riguardano gli animali ","畜産学","動物に関する科学 "
"http://cv.iptc.org/newscodes/subjectcode/13013000","subj:13013000",,"subj:13013000",,,,"micro science","The multi-disciplinary areas of nanotechnology and Micro-Electrical Mechanical Systems. ","Science de l'infiniment petit","Les différentes aires de discipline de la nanotechnologie et des systèmes mécaniques micro-électriques ","microciencias","Las áreas multidisciplinarias de la nanotecnología y Sistemas Mecánicos Microeléctricos. ","Mikroelektronik","Interdisziplinäre Forschungsgebiete der Nanotechnologie und mikro-elektronischer Systeme. ","Microscienza","Aree multidisciplinari della nanotecnologia e i sistemi meccanici microelettrici ","精密科学","ナノ･テクロノジーおよびマイクロ電子機器システムに関する複合的研究分野 "
"http://cv.iptc.org/newscodes/subjectcode/13014000","subj:13014000",,"subj:13014000",,,,"marine science","The multi-disciplinary research areas involving the worlds' waterways and oceans. This could include hyper-spectral sensing of ice flows, fisheries studies and underwater research. ","Océanographie","La recherche multidisciplinaire sur les voies navigables et les océans y compris la pêche, la recherche sous-marine, et les mouvements de la glace ","ciencias marinas","Las áreas multidisciplinarias de investigación que involucran las vías navegables y océanos del mundo. Ello podría incluir la detección hiper-espectral de flujos de hielo, estudios de pesqueras e investigación submarina. ","Meeresforschung","Die weltweiten Wasserstraßen und Ozeane umfassenden interdisziplinären Forschungsgebiete. Diese können die hyper-spektralen Verläufe der Eisströme, Fischerei- und Unterwasserforschung beinhalten. ","Oceanografia","Ricerca multidisciplinare sul mare e le vie d'acqua ","海洋科学","世界の水路および海洋を含む複合的研究分野。これによって、氷の流れのスペクトル観察、漁場研究、水中研究に関連性をもたせることができた "
"http://cv.iptc.org/newscodes/subjectcode/13015000","subj:13015000",,"subj:13015000",,,,"weather science","All scientific aspects of the weather and climate. ","Climatologie","La science du climat et les aspects scientifiques de la météo ","cienciasmeteorológicas","Todos los aspectos científicos del los fenómenos meteorológicos y el clima. ","Klimaforschung","Alle wissenschaftlichen Aspekte bezüglich des Wetters und Klimas. ","Climatologia, Meteorologia","Tutti gli aspetti scientifici riguardanti lo studio delle condizioni atmosferiche e climatiche ","気象学","天気と気候に関する科学的側面のすべて "
"http://cv.iptc.org/newscodes/subjectcode/13016000","subj:13016000",,"subj:13016000",,,,"electronics","The branch of engineering or physics concerned with the controlled flow of electrons or other carriers of electric charges, especially in semiconductor devices, including the design, manufacture, and maintenance of electronic devices ","Electronique","Branche de l'ingénierie qui étudie la conduction électrique dans le vide, les gaz et les semi-conducteurs, ainsi que les techniques dérivées ","electrónica","Incluye novedades y tendencias en las infraestructuras que subyacen el manejo de datos, computadores, chips, transmisión y redes. Por ejemplo, no incluiría transacciones comerciales tales como la compra de Time Warner por AOL, pero sí incluiría un nuevo ","Elektrotechnik","Umfasst Weiterentwicklungen und Trends in der Infrastruktur, die dem Umgang mit Daten, Computern, Chips, Datenaustausch und Netzwerken zugrunde liegen, aber nicht die kommerzielle Seite des Elektronikmarktes. ","Elettronica","Branca dell'ingegneria o della fisica che studia il movimento degli elettroni o altri conduttori di cariche elettriche, compresa la progettazione e realizzazione delle apparecchiature elettroniche ","エレクトロニクス","データ処理、コンピュータ、チップ、伝送、ネットワークの基礎となるインフラの開発と方向性を含む。たとえば、タイムワーナーを買収するAOLのようなビジネス取り引きは含まないが、新しいカーボンナノチューブは含まれる "
"http://cv.iptc.org/newscodes/subjectcode/13017000","subj:13017000",,"subj:13017000",,,,"identification technology","Includes biometrics, new computer-based identification cards, retinal scans, face scanning and mobile augmented reality systems (MARS) and other ways technology can identify individuals. Also technology vs. the privacy of personal information. ","Technologie de l'identification","Les techniques ou technologies permettant d'identifier une personne ; biométrie, carte d'identité électronique, scan de la rétine et du visage, comparaison de l'ADN. Concerne aussi la vie privée face aux nouvelles technologies. ","tecnología de identificación","Esta categoría aborda la biometría, identificación falsa, nuevas tarjetas de identificación computarizadas, exploraciones retinianas, exploración de rasgos faciales y sistemas móviles de realidad aumentada o MARS. MARS combina una diversidad de tecnologí ","Technologie zur Identitätsprüfung","Umfasst Biometrik, neue computerbasierte Personalausweise, Scannen der Netzhaut, Gesichtserkennung, mobile realitätserweiternde Systeme oder MARS, und andere mögliche Technologien, Personen zu identifizieren. ","Tecnologia Identificazione","Nuovi sistemi dell'identificazione, la biometria e l'esame della retina e del volto, ma anche il rapporto tra pricacy e tecnologia ","認証技術","この分野は生物測定学、偽造身分証明書、認証識別機能を持つ新しいコンピュータ、網膜認証、顔認証、そして機動性のある拡張された現実システムあるいはMARSを扱う "
"http://cv.iptc.org/newscodes/subjectcode/13018000","subj:13018000",,"subj:13018000",,,,"mathematics","The study of quantities and shapes and their symbolic relationships. ","Mathématiques","Ensemble des opérations logiques que l'homme applique aux concepts de nombre, de forme et d'ensemble ","matemática","El estudio de cantidades y formas y sus relaciones simbólicas. ","Mathematik","Wissenschaft der Mengen und Formen und ihrer symbolischen Beziehung. ","Matematica","Insieme delle operazioni logiche applicate al concetto di numero forma e insieme ","数学","数量と形、そしてそれらを象徴的に結びつける学問 "
"http://cv.iptc.org/newscodes/subjectcode/13019000","subj:13019000",,"subj:13019000",,,,"biotechnology","Manipulating natural organisms for scientific, medical or agricultural purposes ","Biotechnologie","Ensemble des procédés et techniques utilisant des procesus biologiques à des fins industrielles, scientifiques, pharmaceutiques ou agricoles ","biotecnología","Manipular organismos naturales para propósitos científicos, médicos o agrícolas. ","Biotechnologie","Manipulation natürlicher Organismen für wissenschaftliche, medizinische oder agrarwissenschaftliche Zwecke. ","Biotecnologia","Manipolazione di organismi naturali per scopi scientifici, medici o agricoli ","バイオテクノロジー（学術）","科学、医学、あるいは農業のために自然有機体を操作すること "
"http://cv.iptc.org/newscodes/subjectcode/13020000","subj:13020000",,"subj:13020000",,,,"agricultural research and technology","Pertaining to the growing of crops and management of farm animals ","Agronomie","Ce qui se rapporte à la croissance des récoltes et à la gestion des animaux fermiers ","investigación y tecnología agrícola","Esta relacionado con el crecimiento el cultivo, cosecha y hacerse cargo de una granja de animales. ","Agrarwissenschaft","Betrifft Ackerbau und Viehzucht. ","Ricerca, Tecnologia agricola","Metodica applicata alla crescita dei raccolti e alla gestione degli animali da fattoria ","農業技術","農作物栽培と酪農経営のこと "
"http://cv.iptc.org/newscodes/subjectcode/13021000","subj:13021000",,"subj:13021000",,,,"nanotechnology","Manipulating objects at the molecular scale ","Nanotechnologie","Les techniques à l'échelle moléculaire ","nanotecnología","Manipular objetos a escala molecular. ","Nanotechnologie","Manipulation von Objekten auf der molekularen Stufe. ","Nanotecnologia","Tecnologia e tecniche applicate su scala molecolare ","ナノテク","分子尺度で物体を操作すること "
"http://cv.iptc.org/newscodes/subjectcode/13022000","subj:13022000",,"subj:13022000",,,,"IT/computer sciences","The study and design of computer systems and networks. ","Science de l'informatique","L'étude et la conception d'ordinateurs et de réseaux ","ciencias informáticas","Estudio y diseño de redes y sistemas de computación. ","Informatik","Studium und Gestaltung von Computersystemen und Netzwerken. ","Scienze informatiche","Studio e il progetto di sistemi e reti informatiche ","ＩＴ・コンピューター","コンピュータシステムとネットワークについての研究とデザイン "
"http://cv.iptc.org/newscodes/subjectcode/13023000","subj:13023000",,"subj:13023000",,,,"scientific institutions","Institutions that carry out or govern scientific work (e.g. National Academy of Arts and Sciences ) ","Institutions scientifiques","Les institutions telles que l'Académie des Sciences ","instituciones científicas","Instituciones que desarrollan o comandan trabajos científicos. ","Wissenschaftliche Institution","Institutionen, die wissenschaftliches Arbeiten verwirklichen oder leiten, wie z.B die Deutsche Akademie der Wissenschaft. ","Istituzioni scientifiche","Enti che realizzano o coordinano la ricerca ed il lavoro scientifico ","科学研究機関","科学に関する仕事を実行、管理する公共機関(例えば、文化系と理科系の国家のアカデミー) "
"http://cv.iptc.org/newscodes/subjectcode/14000000","subj:14000000","subj:14000000",,,,,"social issue","Aspects of the behaviour of humans affecting the quality of life. ","Société","Aspect du comportement des individus qui affecte la qualité de la vie ","asuntos sociales","Aspectos del comportamiento humano que afectan la calidad de vida. ","Gesellschaft","Aspekte des menschlichen Verhaltens bezüglich der Lebensqualität. ","Sociale","Aspetti del comportamento umano che influiscono sulla qualità della vita ","社会","生活の質に影響を与える人間の行動に関すること "
"http://cv.iptc.org/newscodes/subjectcode/14001000","subj:14001000",,"subj:14001000",,,,"addiction","The habitual and often uncontrollable use of harmful substances such as alcohol, tobacco and pharmaceuticals or drugs ","Toxicomanie","L'utilisation de plus en plus répétitive et souvent incontrollable de substances nocives telles que l'alcool, le tabac, les médicaments ou les drogues ","adicciones","El uso habitual y normalmente incontrolable de sustancias dañinas tales como el alcoól, tabaco fármacos o drogas. ","Sucht","Gewohnheitsmäßiges und meist unkontrolliertes Konsumieren von gefährlichen Stoffen, wie Alkohol, Tabak, Medikamente oder Drogen. ","Dipendenze","Abituale e spesso incontrollabile consumo di sostanze quali alcol, tabacco, droghe ","依存症","アルコールやたばこや製薬品やドラッグなどの有害物質の常習的でコントロールできない摂取 "
"http://cv.iptc.org/newscodes/subjectcode/14002000","subj:14002000",,"subj:14002000",,,,"charity","Philanthropic giving ","Activités caritatives","Un acte de générosité envers autrui, don, aumône ","beneficencia","Entrega filantrópica ","Karitatives","Menschenfreundliche Gabe. ","Beneficenza","Iniziative filantropiche, Donazioni, Atti di generosità verso qualcuno ","慈善活動","社会奉仕の付与 "
"http://cv.iptc.org/newscodes/subjectcode/14003000","subj:14003000",,"subj:14003000",,,,"demographics","The study of people and here they live and how they interact ","Démographie","Science qui décrit et étudie les peuples et les populations ","demografía","El estudio de la gente, cómo viven y cómo interactuan. ","Bevölkerungsentwicklung","Das Studium der Menschen, und hier ihr Leben und ihre Beziehungen. ","Demografia","Studio delle persone, come vivono e come interagiscono ","人口統計","人々がどこで暮らし、どのように作用しあっているかの調査 "
"http://cv.iptc.org/newscodes/subjectcode/14003001","subj:14003001",,,"subj:14003001",,,"population and census","Population is the number of people in a geographical region and census is the process of counting them ","Recensement","Le nombre d'habitants d'un ensemble ou d'une entité géographique et leur recensement ","población y censo","La población es el número de personas en una región geográfica, y el censo es el proceso de contarlos. ","Bevölkerungszahl","Die Anzahl von Menschen einer geografischen Region und der Prozess diese zu zählen. ","Censimento","Numero degli abitanti presenti in una data zona geografica ","人口・国勢調査","人口はある地理的区域における人間の数を表し、人口調査はそれらを数えるプロセスを表す "
"http://cv.iptc.org/newscodes/subjectcode/14003002","subj:14003002",,,"subj:14003002",,,"immigration","Movement of individuals from one country to the other ","Immigration","Les mouvements de personnes d'un pays vers un autre ","inmigración","Movimiento de personas de un país a otro. ","Einwanderung","Bewegung von Individuen von einem Land in ein anderes. ","Immigrazione","Movimento di individui da un paese ad un altro ","出入国","ある国から他の国への個人の動き "
"http://cv.iptc.org/newscodes/subjectcode/14003003","subj:14003003",,,"subj:14003003",,,"illegal immigrants","Movement of individuals from one country to the other by illicit means ","Immigration clandestine","Les mouvements de personnes d'un pays vers un autre par des moyens considérés comme illégaux ","inmigrantes ilegales","Movimiento de personas de un país a otro por medios de medios ilícitos. ","Illegale Einwanderung","Bewegung von Individuen von einem Land in ein anderes auf illegalem Weg. ","Immigrazione clandestina","Movimento di individui da un paese ad un altro attraverso mezzi illegali ","不法入国","不正な手段による、ある国から他の国への個人の動き "
"http://cv.iptc.org/newscodes/subjectcode/14003004","subj:14003004",,,"subj:14003004",,,"emigrants","People who leave their country of origin, their relationship with their country of origin and their association with fellow emigrants ","Emigrés","Ensemble des personnes qui ont quitté leur pays d'origine pour aller s'établir dans un autre ","emigrantes","Gente que deja sus países de origen , su relación con su país de origen y sus asociaciones con sus conciudadanos. ","Auswanderer","Menschen, die ihr Heimatland verlassen, alle Beziehung zu ihrem Heimatland abbrechen und deren Verbindungen mit anderen Emigranten. ","Emigrazione","Fenomeno interessante le persone che hanno lasciato il loro paese d'origine e il loro rapporto con esso, le associazioni di emigrati all'estero ","移民","出生国を離れた人々。出生国との関係、移民同士の親交 "
"http://cv.iptc.org/newscodes/subjectcode/14004000","subj:14004000",,"subj:14004000",,,,"disabled","Being incapacitated either physically, emotionally or mentally ","Handicapés","Etat d'incapacité physique, émotionnelle ou mentale ","discapacitados","Estar descapacitado, ya sea fisica, emocional o mentalmente. ","Behinderte","Sowohl körperlich, als auch psychisch oder geistig eingeschränkt sein. ","Disabilità","Stato di incapacità fisica, emotiva o mentale; Handicap ","障害者","身体的、感情的、精神的のいずれかに障害がある人 "
"http://cv.iptc.org/newscodes/subjectcode/14005000","subj:14005000",,"subj:14005000",,,,"euthanasia (also includes assisted suicide)","Voluntary death with the aid of another ","Euthanasie","Mort volontaire provoquée dans le but d'abréger les souffrances d'un malade incurable ","eutanasia","Muerte voluntaria de una persona con la ayuda de otra. ","Euthanasie/Sterbehilfe","Freiwilliger Tod durch fremde Hilfe. ","Eutanasia, Suicidio assistito","Morte volontaria con l'aiuto di un'altra persona ","安楽死","別人の助けをかりた自発的な死 "
"http://cv.iptc.org/newscodes/subjectcode/14005001","subj:14005001",,,"subj:14005001",,,"suicide","Death by one's own hand ","Suicide","Action de se donner volontairement la mort ","suicidio","Darse muerte a si mismo. ","Selbstmord","Tod durch die eigene Hand. ","Suicidio","L'atto di darsi volontariamente la morte ","自殺","自身の手による死 "
"http://cv.iptc.org/newscodes/subjectcode/14006000","subj:14006000",,"subj:14006000",,,,"family","A group of individuals related by blood or marriage ","Famille","Groupe de personnes unies par les liens du sang ou du mariage ","familia","Un grupo de individuos relalacionados por sangre o por matrimonio. ","Familie","Eine Personengruppe, die durch Blut oder Heirat miteinander verwandt ist. ","Famiglia","Chi è legato da vincoli di sangue o da un legame molto stretto come il matrimonio ","家族","血または結婚で関係した個人のグループ "
"http://cv.iptc.org/newscodes/subjectcode/14006001","subj:14006001",,,"subj:14006001",,,"parent and child","Two or more individuals with a hierarchical familial relationship ","Relation parent-enfant","Deux personnes ou plus ayant un lien de parenté direct ","padres e hijos","Dos o mas individuos con una relación familiar jerárquica. ","Eltern-Kind-Beziehung","Zwei oder mehrere Personen in einer hierarchischen familären Beziehung. ","Genitori, Figli","Rapporto fra genitori e figli all'interno o meno della famiglia ","親子","階層的な家族の関係を持っている2人またはそれ以上の個人 "
"http://cv.iptc.org/newscodes/subjectcode/14006002","subj:14006002",,,"subj:14006002",,,"adoption","A legal process of bringing a child with no supporting parents into a supportive union ","Adoption","Action de prendre légalement pour fils ou pour fille un enfant ","adopción","Proceso legal de llevar a un menor sin el apoyo de padres a un lugar de apoyo. ","Adoption","Ein legaler Vorgang ein elternloses Kind in eine Beziehung zu integrieren. ","Adozione","Procedimento legale per dare dei genitori ad un bambino privo della famiglia; Affidamento ","養子","扶養する親のいない子を、ある扶養集団の中で養育していくことに関する法的プロセス "
"http://cv.iptc.org/newscodes/subjectcode/14006003","subj:14006003",,,"subj:14006003",,,"marriage","The union of two individuals who pledge fidelity, respect and support for each other ","Mariage","Union légitime entre deux personnes qui se jurent fidélité, respect et assistance l'un à l'autre ","matrimonio","Unión de dos individuos que juran lealtad, respeto y apoyo mutuo. ","Heirat","Die Verbindung von zwei Individuen, die sich gegenseitig Treue, Unterstützung und Respekt schwören. ","Matrimonio","Unione di due individui che si promettono fedeltà , rispetto e aiuto reciproco ","結婚","貞節、敬意と、お互いに対する支援を誓う2人の個人の結合 "
"http://cv.iptc.org/newscodes/subjectcode/14006004","subj:14006004",,,"subj:14006004",,,"divorce","The process by which a marriage is dissolved ","Divorce","Rupture légale du mariage ","divorcio","Proceso por medio del cual se disuelve el matrimonio. ","Scheidung","Der Vorgang, durch den eine Ehe aufgehoben wird. ","Divorzio","Procedimento attraverso il quale si dichiara sciolto un matrimonio; Separazione ","離婚","結婚を解消するプロセス "
"http://cv.iptc.org/newscodes/subjectcode/14006005","subj:14006005",,,"subj:14006005",,,"sex","The classification of individuals as either male or female. Or conjugal relationship between two individuals. ","Sexualité","La différenciation des individus en mâles ou femelles. Les relations sexuelles entre deux personnes ","sexo","Clasificación de individuos como hombre y mujer. Relación conyugal entre dos individuos. ","Geschlecht/Sexualität","Die Einteilung von Individuen in weiblich und männlich oder die eheliche Beziehung zwischen beiden. ","Sesso","Relazioni sessuali fra individui consenzienti; i costumi sessuali, ecc. ","性","個人が男性であるか女性であるかの分類。あるいは、2人の個人間における婚姻上の関係 "
"http://cv.iptc.org/newscodes/subjectcode/14006006","subj:14006006",,,"subj:14006006",,,"courtship","Preliminaries of wooing and winning a partner ","Flirt","L'art de faire la cour ","noviazgo","Preliminares para cortejar y conquistar una pareja ","Hofieren","Vorbereitungen um einen Partner zu werben und für sich zu gewinnen. ","Corteggiamento","Arte di fare la corte, i rapporti interpersonali per conquistare una persona ","求婚","口説く準備をして、パートナーを得ること "
"http://cv.iptc.org/newscodes/subjectcode/14007000","subj:14007000",,"subj:14007000",,,,"family planning","Conscious decisions and efforts involving reproduction ","Contrôle des naissances","Le contrôle des naissances ","planificación familiar","Decisión consciente y esfuerzos relacionados a la reproducción humana. ","Geburtenkontrolle/Familienplanung","Bewusste Entscheidungen und Bemühungen in Bezug auf die Fortpflanzung/Reproduktion. ","Pianificazione familiare","Attenzione nel controllo delle nascite. ","家族計画","意識的な決断と生殖に関わる努力 "
"http://cv.iptc.org/newscodes/subjectcode/14008000","subj:14008000",,"subj:14008000",,,,"health insurance","Insurance covering extraordinary medical costs ","Assurance maladie","Assurance couvrant les frais de maladie ","seguro de salud","Seguro que cubre los gastos médicos extraordinarios. ","Zusatzversicherung","Versicherung, die besondere medizinische Kosten übernimmt. ","Assicurazioni sanitarie","Assicurazioni per la copertura degli oneri legati alla cura delle malattie ","健康保険","驚異的な医療費をカバーしている保険 "
"http://cv.iptc.org/newscodes/subjectcode/14009000","subj:14009000",,"subj:14009000",,,,"homelessness","Lacking a fixed place of residence ","Sans abris","Les sans-abris ","falta de vivienda","Falta de un lugar establecido para habitar. ","Obdachlose","Der Mangel an festem Wohnsitz. ","Senzatetto","Chi non ha un posto fisso dove vivere ","ホームレス","一定の居住場所を持たない人々 "
"http://cv.iptc.org/newscodes/subjectcode/14010000","subj:14010000",,"subj:14010000",,,,"minority group","A group of people classified by race, language, religion or other characteristic numerically smaller than others of the same classification ","Minorités","Groupe de personnes identifiées par la race, la langue, la religion ou d'autres caractéristiques numériquement moins nombreux que d'autres dans le même ensemble ","grupos minoritarios","Un grupo de personas clasificado por raza, lenguaje, religión u otras características, numeralmente menores que otros del la misma clasificación. ","Minderheit","Eine Gruppe von Menschen, die klassifiziert wird aufgrund ihrer Abstammung, Sprache, Religion oder anderer Merkmale, die weniger häufig sind als die der anderen aus der Gruppe. ","Minoranze","Gruppi di persone classificati in base a razza, lingua, religione o altre caratteristiche, di numero inferiore rispetto ad altri gruppi ","マイノリティー","同じ分類の他より数値的に少ない人種、言語、宗教または他の特徴によって分類されるグループ "
"http://cv.iptc.org/newscodes/subjectcode/14010001","subj:14010001",,,"subj:14010001",,,"gays and lesbians","Those that consider themselves attracted to their same gender in an erotic or sensual or similar way. ","Homosexualité","Les personnes attirées par des individus du même sexe ","homosexuales","Aquellos que se encuentran atraídos a su mismo genero de manera similar, erótica o sensual. ","Homosexuelle","Menschen, die sich auf sinnliche, erotische oder vergleichbare Weise zu dem eigenen Geschlecht hingezogen fühlen. ","Omosessualità","Chi si sente attratto e prova amore e desiderio per persone del suo stesso sesso ","同性愛","性愛、肉欲あるいは類似の意味で、自分が同性に惹きつけられると感じる人々 "
"http://cv.iptc.org/newscodes/subjectcode/14010002","subj:14010002",,,"subj:14010002",,,"national or ethnic minority","Groups of people that form a minority on ethnic or national basis, their status, problems and relations to the majority ","Minorité ethnique ou nationale","Petit groupe de personnes formant une minorité sur le plan national ou ethnique. Leur statut, leurs problèmes et leur relation avec la majorité ","nacionales o minorias etnicas","Grupos de personas que forman una minoria étnica o nacional; sus estatus, problemas y relaciones con la mayoría. ","Nationale oder ethnische Minderheit","Gruppe von Menschen, die eine Minderheit bilden auf ethnischer oder nationaler Grundlage, ihres Status, ihrer Probleme und Beziehungen zur Mehrheit. ","Minoranze nazionali, etniche","Gruppi di persone che formano una minoranza su base etnica o nazionale, il loro status, i problemi e le relazioni con la maggioranza ","少数民族","民族、国家、地位、大多数間の問題と相互関係によって形成された少数のグループ "
"http://cv.iptc.org/newscodes/subjectcode/14011000","subj:14011000",,"subj:14011000",,,,"pornography","Audio or visual depictions of various sex related acts considered outside accepted community standards ","Pornographie","Production de livres, films, ou autres d'une obscénité à caractère sexuel hors des normes acceptées par la société ","pornografía","representación auditiva o visual de varios actos relacionados al sexo, considerados fuera de los estándares aceptados por la comunidad. ","Pornografie","Akustische oder bildliche Darstellungen von verschiedenartigen im Zusammenhang mit Sexualität stehenden Taten, außerhalb der gesellschaftlich akzeptierten Normen. ","Pornografia","Produzione di libri, film o altro caratterizzati da argomenti di tipo sessuale considerati al di fuori degli standards ","ポルノ","認められたコミュニティ標準から外れたと考えられる性に関連する様々な行為の音声あるいは視覚的な描写 "
"http://cv.iptc.org/newscodes/subjectcode/14012000","subj:14012000",,"subj:14012000",,,,"poverty","Having insufficient resources to provide for basic services to oneself or family ","Pauvreté","Insuffisance des ressources nécessaires à la vie ","pobreza","Sufrir la insuficiencia de recursos para proveer los servicios básicos a uno mismo o la familia. ","Armut","Unzureichende Möglichkeiten sich selbst oder die eigene Familie zu versorgen. ","Povertà","Avere risorse insufficienti necessarie alla propria esistenza ","貧困","自分または家族を十分に養うことができないこと "
"http://cv.iptc.org/newscodes/subjectcode/14013000","subj:14013000",,"subj:14013000",,,,"prostitution","Sex for sale, either male or female, and those who profit from it ","Prostitution","Prêt de son corps aux désirs sexuels d'autrui contre rémunération et ceux qui en profite ","prostitución","Venta de sexo, ya sea masculino o femenino, y aquellos que se benefician de ello. ","Prostitution","Männliche oder weibliche Sexualität als Ware, und diejenigen, die davon profitieren. ","Prostituzione","Prestazioni sessuali a pagamento ","売春","男性または女性に性を売り、それで利益を得る人々 "
"http://cv.iptc.org/newscodes/subjectcode/14014000","subj:14014000",,"subj:14014000",,,,"racism","Harmful attitudes toward another group based on racial differences ","Racisme","Comportement nuisible vis-à-vis d'un groupe en fonction de critères raciaux ","racismo","Actitudes dañinas hacia otro grupo basado en diferencias raciales. ","Rassismus","Schädigendes Verhalten gegenüber einer anderen Gruppe auf der Grundlage von Unterschieden der Abstammung. ","Razzismo","Atteggiamento di odio e disprezzo nei confronti di altri, basato su differenze di razza ","人種差別","人種的な違いに基づく別のグループに対する有害な考え方 "
"http://cv.iptc.org/newscodes/subjectcode/14015000","subj:14015000",,"subj:14015000",,,,"welfare","Generally government help for those in need of food, housing health and other services ","Protection sociale","L'aide publique aux personnes, en particulier les plus défavorisées ","asistencia social","Generalmente, ayuda del gobierno para quienes necesitan comida, vivienda, salud y otros servicios. ","Sozialfürsorge","Grundsätzliche Unterstützung von Menschen, seitens der Regierung, die Nahrungsmittel, Unterkunft, Gesundheit und andere Dienstleistungen benötigen. ","Welfare","Aiuto pubblico garantito alle persone che ne hanno bisogno per il sostentamento in termini di cibo, alloggio, salute e altri servizi ","福祉","食物、在宅介護や他のサービスを必要とするものを政府が支援すること "
"http://cv.iptc.org/newscodes/subjectcode/14016000","subj:14016000",,"subj:14016000",,,,"abortion","Usually the planned disruption of the process of reproduction of human life ","Avortement","Généralement l'interruption provoquée et volontaire de la grossesse ","aborto","Usualmente es la interrupción planeada del proceso de reproducción de la vida humana. ","Schwangerschaftsabbruch","In der Regel der geplante Abbruch des Prozesses zur Reproduktion menschlichen Lebens. ","Aborto","In generale, l'interruzione volontaria della gravidanza ","中絶","通常、人間の生殖過程における計画的な途絶 "
"http://cv.iptc.org/newscodes/subjectcode/14017000","subj:14017000",,"subj:14017000",,,,"missing person","A person who is not where they are expected to be for a period of time ","Personnes disparues","Se dit d'une personne qui n'est pas à l'endroit où elle est supposée être depuis un certain temps ","personas desaparecidas","Una persona que no se encuentra en un lugar esperado en un momento determinado. ","Vermisste","Person, die nicht an dem Ort ist, wo man sie in einem bestimmten Zeitraum erwartet. ","Persone scomparse","Persone scomparse da un certo lasso di tempo da dove avrebbero dovuto trovarsi o si trovavano ","行方不明者","ある期間、予想されるところにいなかった人 "
"http://cv.iptc.org/newscodes/subjectcode/14017001","subj:14017001",,,"subj:14017001",,,"missing due to hostilities","People, both civilian and military, missing during or after hostilities ","Personnes disparues en temps de guerre","Civils ou militaires ayant disparus pendant ou après une guerre ou des hostilités ","desaparecidos debido a las hostilidades","Gente, ambos, civiles y miltares, desaparecidos durante o después de hostilidades ","Kriegsvermisste","Zivilisten und Soldaten, die nach einer kriegerischen Auseinandersetzung vermisst werden. ","Dispersi per Ostilità","Persone, sia civili che militari, che scompaiono durante o dopo delle ostilità ","戦争不明者","戦争中や戦争後に行方不明になった市民または兵士 "
"http://cv.iptc.org/newscodes/subjectcode/14018000","subj:14018000",,"subj:14018000",,,,"long term care","Extensive health care because of serious illness or disability ","Soins de longue durée","Soins de longue maladie ","cuidados de largo plazo","Cuidado extensivo de salud debido a una seria enfermedad o limitación. ","Langzeitpflege","Umfassende Gesundheitspflege aufgrund ernsthafter Krankheit oder Invalidität. ","Assistenza a lungo termine","Prolungato trattamento di salute a causa di gravi infermità o malattie ","長期介護","重い疾病や機能不全が原因で広範囲に健康に気を配ること "
"http://cv.iptc.org/newscodes/subjectcode/14019000","subj:14019000",,"subj:14019000",,,,"juvenile delinquency","Incidents involving perpetrators who are minors. ","Délinquance juvénile","Actes de délinquance réalisés par des mineurs ","delincuencia juvenil","Incidentes que involucran la participación de menores de edad. ","Jugendkriminalität","Vorfälle in die minderjährige Täter verwickelt sind. ","Delinquenza giovanile","Fenomeni delinquenziali perpetrati da minorenni, ad es. baby gang ","非行","未成年者が加害者に含まれる事件 "
"http://cv.iptc.org/newscodes/subjectcode/14020000","subj:14020000",,"subj:14020000",,,,"nuclear radiation victims","Includes antinuclear movements and compensation for atomic blast victims. ","victimes irradiées","Comprend les mouvements antinucléaire et l'indemnisation des victimes d'explosions nucléaires ","víctimas de radiación nuclear","Incluye movimientos antinucleares y compensación a víctimas de explosiones atómicas. ","Strahlenopfer","Schließt die Anti-Atomkraftbewegungen mit ein und Entschädigung für Strahlenopfer. ","Vittime Radiazioni nucleari","Indennizzi alle vittime di esplosioni nucleari, ma anche i movimenti antinucleari ","被爆者","反核運動と補償を含む核爆弾被害者 "
"http://cv.iptc.org/newscodes/subjectcode/14021000","subj:14021000",,"subj:14021000",,,,"slavery","The involuntary servitude, outside of legal incarceration for statuary criminal offences, of men, women and children, including involuntary unpaid labour, coerced actions, child labour ","Esclavage","Etat de soumission, de dépendance involontaire à un pouvoir autoritaire : travail non rémunéré, actes coercitifs, travail des enfants,… ","esclavitud","La servidumbre involuntaria, fuera de la encarcelación legal por delitos establecidos por la ley de hombres, mujeres y niños, incluyendo la mano de obra involuntaria no pagada, los actos forzados, la explotación de menores. ","Sklaverei","Die unfreiwillige Knechtschaft, außerhalb legaler Inhaftierung wegen krimineller Straftaten, von Männern, Frauen und Kindern, schließt unfreiwillige unbezahlte Arbeit, erzwungenes Verhalten und Kinderarbeit mit ein. ","Schiavitù, Lavoro minorile","Stato di sottomissione e dipendenza di uomini, donne e bambini, inclusa manodopera non pagata, azioni coercitive, ma anche lavoro minorile ","奴隷","犯罪を犯し法律に従って投獄された場合以外の不本意な無報酬の労働、強制労働や児童労働を含む、男性、女性と子供たちに行う自由意志でない隷属 "
"http://cv.iptc.org/newscodes/subjectcode/14022000","subj:14022000",,"subj:14022000",,,,"abusive behaviour","The maltreatment of one or more individuals by others through dehumanizing treatment including sexual or mental abuse, deprivation of sensory abilities, deprivation of physical needs, physical mistreatment including beatings, and other forms of torture ","Harcèlement","La maltraitance physique, mentale ou sexuelle d'individus par d'autres personnes avec des moyens brutaux comme la torture ","conducta abusiva","El maltrato de uno o más individuos por otros a través de un tratamiento deshumanizante, incluyendo el abuso sexual, maltrato psicológico, la privación de las habilidades sensoriales, la privación de las necesidades físicas, el maltrato físico, incluyendo ","Misshandlung","Die Misshandlung einer oder mehrerer Individuen durch andere, durch unmenschliche Behandlung, sexuelle und mentale Beleidigungen, Entzug von Sinneswahrnehmungen und körperlichen Bedürfnissen, körperliche Misshandlung wie Schläge mit eingeschlossen, oder andere Formen der Folter. ","Abusi, Torture","Maltrattamenti subiti da qualcuno, compresi quelli sessuali o psicologici ma anche le varie forme di tortura ","虐待","性的虐待、精神的虐待、感覚能力の剥奪、生理的要求の剥奪、乱打を含める身体上の虐待と拷問などの形態を含む、一人あるいはそれ以上の人々に対して、他人が人間性を奪うような扱いをすること "
"http://cv.iptc.org/newscodes/subjectcode/14023000","subj:14023000",,"subj:14023000",,,,"death and dying","Dying is the route to death. Death is the state you are in when there are no signs that you can function as a human being either physically or mentally ","Fin de vie et mort","La fin de la vie et la cessation définitive de toutes les fonctions corporelles et cérébrales ","fallecimiento y morir","Morir es el camino a la muerte. La muerte es el estado en que no se tiene signos de que se pueda funcionar como ser humano ya sea de manera mental o física. ","Tod und Sterben","Sterben ist der Weg zum Tod. Tod ist der Zustand, wenn kein Hinweis mehr vorhanden ist, dass menschliches Leben noch möglich wäre, sowohl körperlich als auch mental. ","Morte","Agonia e cessazione della vita ","人の死","死に方は死に至る過程。死は物理的または精神的に人間の役割を果たせる兆候がない状態 "
"http://cv.iptc.org/newscodes/subjectcode/14024000","subj:14024000",,"subj:14024000",,,,"people","Individuals as a whole, sometimes broken down into various classes, such as indigenous people, people of class etc ","Peuple","Ensemble de personnes vivant sur un même territoire ou ayant en commun des mœurs, une culture, un système de gouvernement ","gente","Individuos como un todo, algunas veces clasificadas en clases, como indígenas, gente de clase, etc. ","Bevölkerungsgruppe","Individuen als Ganzes, manchmal in verschiedene Klassen eingeteilt, wie Einheimische, Menschen einer Schicht etc. ","Gente, Persone","Insieme degli individui ","人々","時には土着の人々や様々な部類の人々など、色々な階層に分けられる個人全体 "
"http://cv.iptc.org/newscodes/subjectcode/14024001","subj:14024001",,,"subj:14024001",,,"children","Immature people, usually up to the age of puberty ","Enfants","De la naissance à l'âge de la puberté ","niños","Gente inmadura, Generalmente hasta la edad de la pubertad. ","Kind","Noch nicht entwickelte Menschen, gewöhnlich bis zum Alter der Pubertät. ","Infanzia","Bambini, considerati dalla nascita fino all'età della pubertà ","子供","通常、思春期の年齢に至るまでの未熟な人々 "
"http://cv.iptc.org/newscodes/subjectcode/14024002","subj:14024002",,,"subj:14024002",,,"infants","Those people from birth until ages of one or two, usually when they begin walking ","Bébé","Les enfants de la naissance à leurs premiers pas ","infancia","Aquellos desde el nacimiento, generalmente comienzan a dar los primeros pasos. ","Kleinkind","Menschen von Geburt bis zum 1. oder 2. Lebensjahr, gewöhnlich wenn sie beginnen zu laufen. ","Neonati","Bambini, considerati dalla nascita fino a uno/due anni di età ","幼児","出生から1、2歳の年齢で、通常歩き始めた頃の人々 "
"http://cv.iptc.org/newscodes/subjectcode/14024003","subj:14024003",,,"subj:14024003",,,"teen-agers","People aged 13 to 19 years of age ","Adolescent","Les personnes âgées de 13 à 19 ans ","adolescentes","Gente entre 13 y 19 años de edad. ","Jugendlicher","Menschen in dem Alter von 13 bis 19. ","Adolescenza","Età che va dai 13 ai 19 anni ","青少年","13歳から19歳までの年齢の人々 "
"http://cv.iptc.org/newscodes/subjectcode/14024004","subj:14024004",,,"subj:14024004",,,"adults","People aged 20 and above ","Adultes","Les personnes âgées de 20 ans et plus ","adultos","Gente mayo de 20 años. ","Erwachsener","Menschen in dem Alter 20 und älter. ","Età Adulta","Età che va dai 20 anni in su ","成人","20歳以上の人々 "
"http://cv.iptc.org/newscodes/subjectcode/14024005","subj:14024005",,,"subj:14024005",,,"senior citizens","People aged 60 or 65 and older ","Personnes âgées","Les personnes âgées de 60 ans et plus ","adultos mayores y ancianos","Gente mayo de 60 a 65 años o mas. ","Senior","Menschen in dem Alter 60 bis 65 und älter. ","Terza Età","Età che va dai 60-65 anni in su ","高齢者","60歳以上、もしくは65歳以上の人々 "
"http://cv.iptc.org/newscodes/subjectcode/14025000","subj:14025000",,"subj:14025000",,,,"social issues (general)","Issues affecting a number of individuals in their daily lives like housing, food, education, personal relationships ","Problèmes de société","Les questions affectant les individus dans leur vie quotidienne telles que la nourriture, l'éducation, le logement, les relations de voisinage, etc. ","asuntos sociales (general)","Asuntos que afectan a un grupo de individuos en su diaria vida vivienda, comida, educación, relaciones personales. ","Soziale Umwelt","Probleme, die eine Reihe von Individuen in ihrem täglichen Leben betreffen, wie Unterkunft, Nahrung, Erziehung, persönliche Beziehungen. ","Questioni sociali (generico)","Problemi degli individui nella società e nella vita di tutti i giorni ","社会問題（一般）","住宅、食物、教育、人間関係のように、日常生活で多くの個人に影響を与える問題 "
"http://cv.iptc.org/newscodes/subjectcode/14025001","subj:14025001",,,"subj:14025001",,,"social conditions","Conditions under which people live in terms of housing, water supply, availability of education ","Condition sociale","Les conditions dans lesquelles vivent les individus en terme de logement, de possibilité d'éducation, d'accès à la nourriture et à l'eau ","condiciones sociales","Condiciones bajo las cuales la gente vive en términos de hogar, agua, disponibilidad de educación. ","Soziale Bedingung","Probleme, die eine Reihe von Individuen in ihrem täglichen Leben betreffen, wie Unterkunft, Nahrung, Erziehung, persönliche Beziehungen. ","Condizioni sociali","Condizioni in cui le persone vivono in fatto di abitazione, acqua, accesso all'istruzione ","生活水準","住宅、給水、利用できる教育の見地から見た人々の生活状態 "
"http://cv.iptc.org/newscodes/subjectcode/14025002","subj:14025002",,,"subj:14025002",,,"social problems","Issues affecting the lives of individuals such as housing, education nutrition, communication etc ","Problèmes sociaux","Les problèmes affectant la vie des individus tels que le logement, l'éducation, la communication, etc. ","problemas sociales","Asuntos que afectan a un grupo de individuos como vivienda, educación, nutrición, comunicación, etc. ","Soziale Probleme","Menschliche Lebensbedingungen in Bezug auf Unterkunft, Wasserversorgung und Bildungschancen. ","Problemi sociali","Problemi che la gente affronta nella sua vita sociale: casa, istruzione, alimentazione, comunicazione, ecc... ","生活環境","住宅、教育、コミュニケーションなど個人の生活に影響を与える問題 "
"http://cv.iptc.org/newscodes/subjectcode/14025003","subj:14025003",,,"subj:14025003",,,"discrimination","Denial of services to one or more people because of race, colour, sexual identity, religion, political beliefs etc ","Discrimination","La restriction des droits d'une ou plusieurs personnes en raison de sa race, de la couleur de sa peau, de son identité sexuelle, de sa religion, de ses positions politiques, etc. ","discriminación","Negación de servicios a una o mas personas debido raza, color, identidad sexual, religión, creencias políticas, etc. ","Diskriminierung","Verweigerung einer Dienstleistung für eine Person oder Personengruppe aufgrund der Rasse, Hautfarbe, sexuellen Identität, Religionszugehörigkeit, politischen Ansichten etc. ","Discriminazione","Negazione di servizi e/o garanzie a una o più persone a causa della razza, colore, identità sessuale, religione, fede politica, ecc... ","差別","人種、肌の色、性の識別、宗教、政治理念などに起因する、ある人々へのサービスの拒否 "
"http://cv.iptc.org/newscodes/subjectcode/14025004","subj:14025004",,,"subj:14025004",,,"social services","Government supported programs to improve the well-being of individuals or groups of individuals ","Services sociaux","Les programmes publics visant à accroître le bien être des personnes ou de groupes de personnes ","servicios sociales","Gobierno apoyado por programas para mejorar el bien común de las personas o grupos de personas. ","Sozialer Dienst","Programme, die von der Regierung unterstützt werden zur Verbesserung des Wohlergehens von Individuen oder Gruppen von Individuen. ","Servizi sociali","Programmi pubblici per migliorare il benessere di individui o gruppi di individui ","社会的支援","個人、あるいは集団の幸福を増大させる政府の支援プログラム "
"http://cv.iptc.org/newscodes/subjectcode/14025005","subj:14025005",,,"subj:14025005",,,"death penalty policies","National or international polices regarding death sentences ",,,,,"Todesstrafe (Politik)","Nationale oder internationale Politik in Bezug auf Todesurteile. ",,,,
"http://cv.iptc.org/newscodes/subjectcode/14026000","subj:14026000",,"subj:14026000",,,,"ordnance clearance","The removal or neutralization of ordnance such as landmines or cluster bombs, remaining after a war or armed conflict ","Déminage","Le déplacement, l'enlèvement ou la neutralisation d'engins explosifs tels que des mines après une guerre ou un conflit armé ","remoción de pertrechos","la remoción o neutralización de elementos que permanecen activos despues de un conflicto bélico, tales como minas terrestres o bombas de racimo. ","Beseitigung von Kriegswaffenresten","Das Entfernen oder Entschärfen von Waffen, wie Landminen oder Clusterbomben, die nach einem Krieg oder bewaffneten Konflikt übriggeblieben sind. ","Bonifica Bellica","Rimozione o neutralizzazione di ordigni bellici che restano inesplosi dopo una guerra o un conflitto armato ","爆発物除去","戦争や武力紛争後に残された地雷やクラスター爆弾などの兵器の除去または無効化 "
"http://cv.iptc.org/newscodes/subjectcode/14027000","subj:14027000",,"subj:14027000",,,,"reconstruction","The reconstruction of economy, infrastructure and property, as well as life in general, after a war or natural disaster ","Reconstruction","La reconstruction après une guerre où un désastre naturel de ce qui a été détruit, comprend aussi bien l'économie que les outils de productions ou les biens ","reconstrucción","la resconstrucción de la economía, infraestruturas e inmuebles, así como la vida en general, despues de una guerra o desastre natural. ","Wiederaufbau","Die Wiederherstellung der Wirtschaft, Infrastruktur und Eigentum, sowie des öffentlichen Lebens, nach einem Krieg oder einer Naturkatastrophe. ","Ricostruzione","Ricostruzione dopo una guerra o un disastro naturale di economia, infrastrutture e beni mobili e immobili, come anche della vita in generale ","復興","戦争または自然災害後、一般の生活と同様に経済、社会基盤、資産が再建すること "
"http://cv.iptc.org/newscodes/subjectcode/15000000","subj:15000000","subj:15000000",,,,,"sport","Competitive exercise involving physical effort. Organizations and bodies involved in these activities. ","Sport","Exercice compétitif impliquant un effort physique. ","deporte","Ejercicio competitivo, que involucra esfuerzo físico. Organizaciones y cuerpos involucrados en dichas actividades. ","Sport","Im Wettkampf ausgeübte körperliche Betätigung. Organisationen und Körperschaften sind die Träger dieser Aktivitäten. ","Sport","Esercizio competitivo che richiede uno sforzo fisico. Organizzazioni ed enti coinvolti in tali attività ","スポーツ","肉体を動かして競い合う運動。これらの活動に関係している組織と団体 "
"http://cv.iptc.org/newscodes/subjectcode/15001000","subj:15001000",,"subj:15001000",,,,"aero and aviation sport","Parachuting, freefall (parapente, delta-plane), gliding, aerostat, motorised flight (airplane, ultra light craft, helicopter) ","Sports aériens et d'aviation","parachutisme, vol libre (parapente, aile delta) vol à voile, aérostat, vol à moteur (avion, planeur ultraléger motorisé, hélicoptère). ","deporte aéreo y de aviación","Paracaidismo, caída libre (parapente, aladeltismo), planeador,aerostático, vuelo motorizado (aeroplano, ultraliviano, helicóptero). ","Luft- und Flugsport","Fallschirmspringen, freier Fall (Gleitschirm, Drachenfliegen), Segelfliegen, Ballon, Motorflug (Flugzeug, Leichtflugzeug, Hubschrauber). ","Sport Aviatori","Paracadutismo, volo a vela, mongolfiere, aerei a motore, elicottero ecc. ","航空スポーツ","パラシューティング、自由落下(パラグライダー、ハンググライダー)、グライダー、軽航空機、動力飛行機(飛行機、超軽量飛行機、ヘリコプター) "
"http://cv.iptc.org/newscodes/subjectcode/15001001","subj:15001001",,,"subj:15001001",,,"parachuting","Parachuting competitions: precision landings, voltige, individual and team ","Parachutisme","Epreuves de saut en parachute : précision d'atterrissage, voltige et vol relatif en individuel ou par équipe ","paracaidismo","Competiciones de paracaidismo (aterrizajes de precisión, volteretas o vórtice, individual o por equipos). ","Fallschirmspringen","Fallschirmsprung Wettbewerbe: Punktlandungen, Spannweite, Einzel und im Team. ","Paracadutismo","Gare di paracadutismo: atterraggi precisi, volteggi, individuali e di squadra ","パラシューティング","パラシューティング競技:個人や団体による正確な着地、曲芸 "
"http://cv.iptc.org/newscodes/subjectcode/15001002","subj:15001002",,,"subj:15001002",,,"sky diving","Parachuting competitions involving sky-diving ","Chute libre","Epreuve de saut en parachute en chute libre ","salto en caída libre","Competiciones de paracaidismo que involucran caída libre (salto desde una aeronave con movimientos durante la caída). ","Sky Diving","Fallschirmsprung Wettbewerbe inklusive Sky Diving. ","Paracadutismo sportivo","Gare di paracadutismo sportivo in caduta libera ","スカイダイビング","スカイダイビングを使ったパラシューティング競技 "
"http://cv.iptc.org/newscodes/subjectcode/15002000","subj:15002000",,"subj:15002000",,,,"alpine skiing","Skiing downhill on snow-covered slopes as fast as possible. The slopes contain intermediate gates which are spaced according to the discipline involved ","Ski alpin","sport pratiqué sur skis et sur des pistes aménagées, en pente raide ","esquí alpino","Esquiar colina abajo en pendiente pronunciada, por pistas cubiertas de nieve, tan rápido como sea posible. ","Ski alpin","Abfahrtslauf auf schneebedeckten Pisten so schnell wie möglich. Die Hänge haben verschiedene Tore, die abhängig sind von der jeweiligen Disziplin. ","Sci alpino","Discesa con gli sci nel minor tempo possibile lungo pendii di neve su piste appositamente predisposte con eventuale presenza di porte intermedie disposte ad intervalli diversi in base alla disciplina ","アルペンスキー","雪の斜面を全速力で滑り降りるスキー競技。経路には規則に従った旗門が配置される "
"http://cv.iptc.org/newscodes/subjectcode/15002001","subj:15002001",,,"subj:15002001",,,"downhill","Skiing at top speed down a steep slope with interspersed turns but no gates. The fastest wins. ","Descente","course de vitesse sur un dénivelé important qui utilise au maximum le profil du terrain ","descenso en esquí (colina abajo)","Esquiar a máxima velocidad bajando en vueltas rápidas y ángulos cerrados, con curvas interpuestas, pero sin obstáculos. ","Abfahrtslauf","Abfahrtslauf in Höchstgeschwindigkeit auf einer steilen Piste mit verteilten Kurven aber ohne Tore. Der/Die Schnellste gewinnt. ","Libera","Discesa alla massima velocità lungo un ripido pendio con varie curve sparse ma senza porte. ","滑降","旗門のない急斜面を全速力で滑り降りるスキー競技。最速タイムを競う "
"http://cv.iptc.org/newscodes/subjectcode/15002002","subj:15002002",,,"subj:15002002",,,"giant slalom","Skiing down a slope, but with more turns and bends than in super-G skiing. The fastest wins. ","Slalom Géant","course de vitesse nécessitant d'enchaîner des courbes d'un rayon moyen sur un tracé très mouvementé et balisé par des piquets ","slalom gigante.","Descenso de colina en esquí, pero sorteando más obstáculos y curvas que en el Super-G. El más veloz gana. ","Riesenslalom","Abfahrtslauf auf einer Piste, aber mit mehr Kurven und Drehungen als im Super G. Der/Die Schnellste gewinnt. ","Gigante","Discesa con molte più curve e inclinazioni rispetto al Super g. ","大回転","斜面を滑り降りるスキー競技で、スーパー大回転よりも多くのターンと屈曲がある。最速タイムを競う "
"http://cv.iptc.org/newscodes/subjectcode/15002003","subj:15002003",,,"subj:15002003",,,"super G","Skiing down a steep slope, but with more turns and bends than in the downhill. The fastest wins. ","Super-G","course qui combine la vitesse de la descente et le tracé du slalom géant ","super g","Esquiar en vueltas, con más giros y curvas que el esquí colina abajo. El más rápido gana. ","Super G","Abfahrtslauf eine steile Piste hinunter, aber mit mehr Kurven und Drehungen als im Abfahrtslauf. Der/Die Schnellste gewinnt. ","Super g","Discesa caratterizzata dalla velocità della Libera ed il tracciato del Gigante ","スーパー大回転","急斜面を滑り降りるスキー競技で、滑降より多くのターンと屈曲がある。最速タイムを競う "
"http://cv.iptc.org/newscodes/subjectcode/15002004","subj:15002004",,,"subj:15002004",,,"slalom","Skiers must zig-zag their way down a slope with closely positioned gates which they must negotiate. It is run over two legs with the combined fastest winning. ","Slalom","course qui impose aux skieurs de zigzaguer entre une soixantaine de piquets sans en oublier ","slalom","Los esquiadores deben zigzaguear en su camino cuesta abajo y con el mejor registro posible, atravesando marcas delineadas por unos 60 banderines. ","Slalom","Skifahrer muss zick-zack die Piste herunterfahren mit eng gesteckten Toren, die er passieren muss. Wird über zwei Etappen gewertet, deren schnellste Kombination gewinnt. ","Slalom","Discesa a zig-zag passando attraverso porte ravvicinate. ","回転","通過する旗門の間隔が短く、小さめのターンを連続して行うスキー競技。２回の合計タイムで競う "
"http://cv.iptc.org/newscodes/subjectcode/15002005","subj:15002005",,,"subj:15002005",,,"combined","Race, usually competed over two days that combines a downhill leg and a slalom leg rewarding the most complete skiers. Combined fastest time wins. ","Combiné","course qui associe les résultats d'une descente et d'un slalom ","combinado","Carrera disputada en dos mangas, que combina una prueba de descenso y otra de slalom, premiando a los esquiadores más completos y rápidos. ","Kombination","Rennen, in der Regel über zwei Tage, bei dem eine Abfahrtslaufetappe und eine Slalometappe kombiniert wird. Gewertet wird der perfekteste Skifahrer und die kombinierte schnellste Zeit gewinnt. ","Combinata","Gara in cui vengono associati i risultati di una libera e quelli di uno slalom ","複合","通常、滑降と回転の組み合わせで2日以上かけて競技を行い、最も完成されたスキーヤーとしての価値がある。組み合わせの合計タイムで競う "
"http://cv.iptc.org/newscodes/subjectcode/15003000","subj:15003000",,"subj:15003000",,,,"American football","Team ball game that opposes two teams that have attack sections and defence sections. Each attack goes up against the other defence and attempts to move an oval-shaped ball down the field and into the end-zone to mark a touchdown and earn points. ","Football américain","Jeu de ballon opposant deux équipes qui se composent d'une formation d'attaque et d'une autre de défense. L'équipe d'attaque doit faire avancer le ballon dans la zone d'en-but adverse et l'équipe de défense doit empêcher cette progression. ","fútbol americano","Juego de pelota ovalada en el cual se oponen dos equipos, compuestos por una formación de ataque y otra de defensa. Cada ataque trata de avanzar a lo largo del campo con la pelota, dentro de la zona final del contrario, para obtener el punto. ","American Football","Mannschaftsballspiel, bei dem zwei Teams gegeneinander spielen, die Gebiete angreifen und verteidigen müssen. Jeder Angriff folgt auf die Verteidigung der anderen, mit dem Versuch einen Ball in das Feld und in die Zone zu bringen, einen Touchdown zu erzielen und damit Punkte zu machen. ","Football americano","Gioco con un pallone di forma ovale che oppone due squadre con sezioni di attacco e di difesa. Ciascun attacco va contro la difesa dell'altra squadra, tentando di avanzare fino alla zona finale per segnare un touch-down e guadagnare punti ","アメリカンフットボール","攻撃と防御セクションで構成されるチームが向かい合う球技。攻撃は相手のディフェンスとぶつかり合いながら楕円形のボールをエンドゾーンまで運んでタッチダウンすることによって得点を得る "
"http://cv.iptc.org/newscodes/subjectcode/15003001","subj:15003001",,,"subj:15003001",,,"(US) National Football League (NFL) (North American)","The association of professional American football teams ","National Football League","association américaine de football professionnel (football américain) ","liga nacional de fútbol americano (nfl).","Asociación de equipos estadounidenses, de fútbol americano profesional. ","NFL","Die Vereinigung der Professionellen Teams des American Football. ","National Football League (USA)","L'associazione americana del football professionale ","ＮＦＬ","プロアメリカンフットボールチーム協会 "
"http://cv.iptc.org/newscodes/subjectcode/15003002","subj:15003002",,,"subj:15003002",,,"CFL","The Canadian Football League (CFL), also known as Ligue Canadienne de Football (LCF), is a professional league located entirely in Canada that plays Canadian football. ","entry deleted",0,"entrada borrada",0,"Kandadische Football Liga CFL","Kandadische Football Liga CFL, auch bekannt als Ligue Canadienne de Football (LCF), ist eine Profi-Liga die ausschließlich in Kanada beheimatet ist und Canadian Football spielt.","Entry deleted","Entry deleted ",,
"http://cv.iptc.org/newscodes/subjectcode/15003003","subj:15003003",,,"subj:15003003",,,"AFL-DEPRECATED","The American Football League (AFL) was a professional league of American football that operated from 1960 to 1969. In 1970, the AFL merged with the National Football League. ","AFL","ligue de football américain au Canada (a fusionné en 1967 avec la NFL) ","afl","Antigua denominación de la Liga canadiense de fútbol. El uso de este código debe limitarse a material de archivo. ","AFL-GELÖSCHT","--- ","AFL","Lega canadese di football canadese (solo per materiale d'archivio) ","フットボール連盟","このカナダのフットボールリーグは現存せず、このタグの使用は記録文書の資料に限定されるべきである "
"http://cv.iptc.org/newscodes/subjectcode/15004000","subj:15004000",,"subj:15004000",,,,"archery","Archers use bows and arrows to aim at targets 1.22 metres in diameter which are on average 70 metres distant. ","Tir à l'arc","Atteindre le centre d'une cible de 122 cm de diamètre située à 70 m au moyen d'une flêche décochée par un arc. ","arquería","Los competidores usan arco y flecha para alcanzar blancos de 1.22 metros de diámetro, que se encuentran a 70 metros de distancia promedio. ","Bogenschießen","Bogenschütze benutzt Bogen und Pfeile, um eine Zielscheibe zu treffen mit 1.22 Meter Durchmesser, im Durchschnitt in 70 Meter Entfernung. ","Tiro con l'arco","Gli arcieri usano archi e frecce per mirare a bersagli di 1.22 metri di diametro e posizionati ad distanza media di 70 metri uno dall'altro ","アーチェリー","射手は平均70m先にある直径1.22mの標的を射るために弓と矢を使う "
"http://cv.iptc.org/newscodes/subjectcode/15004001","subj:15004001",,,"subj:15004001",,,"FITA / Outdoor target archery","The competition is held outdoors on an open (flat) field, at various fixed distances. The archery competition in the Olympic Games is a part of the FITA outdoor target archery program. ","Style FITA","compétitions suivant les règles de la Fédération Internationale de Tir à l'Arc qui consistent en une série d'éliminatoires puis des finales ","fita/tiro al arco en exteriores","Competición que se lleva a cabo en exteriores bajo normas de la Federación Internacional de Arquería, en una construcción abierta o un campo, sobre varias distancias y en series eliminatorias. ","FITA","Wettbewerb im Freien auf einem ebenen Feld mit unterschiedlichen Distanzen (zu den Zielscheiben). Als olympischer Wettbewerb zählt das Bogenschießen zu dem von der FITA veranstalteten Freiluftprogramm auf Zielscheiben. ","FITA/Tiro con l'arco con bersagli all'aperto","Competizione all'aperto secondo le regole della Federazione internazionale di tiro con l'arco (FITA) ","国際アーチェリー連盟","競技は屋外において、見通しの良い(平らな)競技場の上で、種々の固定距離で行われる。オリンピック大会でのアーチェリー競技は、FITAの屋外ターゲット･アーチェリー･プログラムの一部 "
"http://cv.iptc.org/newscodes/subjectcode/15004002","subj:15004002",,,"subj:15004002",,,"crossbow shooting","Shooting with crossbow on targets from different distances ","Tir à l'arbalète","Tirer sur une cible avec une arbalète à des distances différentes. ","tiro con ballesta","Disparar una ballesta contra objetivos desde diferentes puntos. ","Armbrustschießen","Schießen mit der Armbrust auf Zielscheiben in unterschiedlichen Distanzen. ","Balestra","Tiro con la balestra verso bersagli situati a diverse distanze ","クロスボウ","違った距離から的へクロスボウ(石弓)を放つこと "
"http://cv.iptc.org/newscodes/subjectcode/15005000","subj:15005000",,"subj:15005000",,,,"athletics, track and field","Competitions involving foot races, jumping and throwing which can be on a track inside a stadium or on outside roads ","Athlétisme","Compétitions de course, de saut et de lancer effectuées sur piste, dans un stade ou sur route. ","atletismo en pista y campo","Competencias que consisten en carreras, saltos y lanzamientos, que se desarrollan dentro de un estadio o en trazados exteriores. ","Leichtathletik","Wettbewerbe im Laufen, Springen und Werfen, die auf einer Bahn im Stadion oder auf der Straße ausgeübt werden können. ","Atletica leggera","Gare che includono corse a piedi a tempo, salti e lanci che possono essere disputate su piste e campi all'interno di uno stadio o su strada ","陸上","競技場内のトラック、もしくは場外の一般道で行うことができる徒競走、跳躍、そして投擲を含む競技 "
"http://cv.iptc.org/newscodes/subjectcode/15005001","subj:15005001",,,"subj:15005001",,,"100 m","Running over a distance of 100 metres with the fastest time winning ","100m","compétition qui consiste à courir 100 m dans le meilleur temps ","100 m","Competición que consiste en correr una distancia de 100m. Gana el mejor tiempo. ","100 m","Laufen über eine Distanz von 100 Metern, wobei die Bestzeit gewinnt. ","100 m","Corsa nella distanza di 100 metri con il miglior tempo ","１００ｍ","100m競走 "
"http://cv.iptc.org/newscodes/subjectcode/15005002","subj:15005002",,,"subj:15005002",,,"200 m","Running over a distance of 200 metres with the fastest time winning ","200m","compétition qui consiste à courir 200 m dans le meilleur temps ","200 m","Competición que consiste en correr una distancia de 200m en el mejor tiempo. ","200 m","Laufen über eine Distanz von 200 Metern, wobei die Bestzeit gewinnt. ","200 m","Corsa nella distanza di 200 metri con il miglior tempo ","２００ｍ","200m競走 "
"http://cv.iptc.org/newscodes/subjectcode/15005003","subj:15005003",,,"subj:15005003",,,"400 m","Running over a distance of 400 metres with the fastest time winning ","400m","compétition qui consiste à parcourir un tour de piste (400 m) dans le meilleur temps ","400 m","Competición que consiste en correr una distancia de 400m en el mejor tiempo. ","400 m","Laufen über eine Distanz von 400 Metern, wobei die Bestzeit gewinnt. ","400 m","Corsa nella distanza di 400 metri con il miglior tempo ","４００ｍ","400m競走 "
"http://cv.iptc.org/newscodes/subjectcode/15005004","subj:15005004",,,"subj:15005004",,,"800 m","Running over a distance of 800 metres with the fastest time winning ","800m","compétition qui consiste à parcourir deux tours de piste (800 m) dans le meilleur temps ","800 m","Competición que consiste en correr una distancia de 800m en el mejor tiempo. ","800 m","Laufen über eine Distanz von 800 Metern, wobei die Bestzeit gewinnt. ","800 m","Corsa nella distanza di 800 metri con il miglior tempo ","８００ｍ","800m競走 "
"http://cv.iptc.org/newscodes/subjectcode/15005005","subj:15005005",,,"subj:15005005",,,"1000 m","Running over a distance of 1000 metres with the fastest time winning ","1000m","compétition qui consiste à couvrir 1000 m en un temps minimum. ","1000 m","Competición que consiste en correr una distancia de 1000m en el mejor tiempo. ","1000 m","Laufen über eine Distanz von 1000 Metern, wobei die Bestzeit gewinnt. ","1000 m","Corsa nella distanza di 1000 metri con il miglior tempo ","１０００ｍ","1,000m競走 "
"http://cv.iptc.org/newscodes/subjectcode/15005006","subj:15005006",,,"subj:15005006",,,"1500 m","Running over a distance of 1000 metres with the fastest time winning ","1500m","compétition qui consiste à couvrir 1500 m en un temps minimum. ","1500 m","Competición que consiste en correr una distancia de 1500m en el mejor tiempo. ","1500 m","Laufen über eine Distanz von 1500 Metern, wobei die Bestzeit gewinnt. ","1500 m","Corsa nella distanza di 1500 metri con il miglior tempo ","１５００ｍ","1,500m競走 "
"http://cv.iptc.org/newscodes/subjectcode/15005007","subj:15005007",,,"subj:15005007",,,"mile","Running over a distance of one mile with the fastest time winning ","Mile","compétition qui consiste à couvrir un mile en un temps minimum. ","milla","Competición que consiste en cubrir una milla en el mejor tiempo. ","Meile","Laufen über eine Distanz von 1 Meile, wobei die Bestzeit gewinnt. ","Miglio","Corsa nella distanza del miglio con il miglior tempo ","１マイル","1マイル競走 "
"http://cv.iptc.org/newscodes/subjectcode/15005008","subj:15005008",,,"subj:15005008",,,"2000 m","Running over a distance of 2000 metres with the fastest time winning ","2000m","compétition qui consiste à couvrir 2000 m en un temps minimum. ","2000 m","Competición que consiste en correr una distancia de 2000m en el mejor tiempo. ","2000 m","Laufen über eine Distanz von 2000 Metern, wobei die Bestzeit gewinnt. ","2000 m","Corsa nella distanza di 2000 metri con il miglior tempo ","２０００ｍ","2,000m競走 "
"http://cv.iptc.org/newscodes/subjectcode/15005009","subj:15005009",,,"subj:15005009",,,"3000 m","Running over a distance of 3000 metres with the fastest time winning ","3000m","compétition qui consiste à couvrir 3000 m en un temps minimum. ","3000 m","Competición que consiste en correr una distancia de 3000m en el mejor tiempo. ","3000 m","Laufen über eine Distanz von 3000 Metern, wobei die Bestzeit gewinnt. ","3000 m","Corsa nella distanza di 3000 metri con il miglior tempo ","３０００ｍ","3,000m競走 "
"http://cv.iptc.org/newscodes/subjectcode/15005010","subj:15005010",,,"subj:15005010",,,"5000 m","Running over a distance of 5000 metres with the fastest time winning ","5000m","compétition qui consiste à couvrir 5000 m en un temps minimum. ","5000 m","Competición que consiste en correr una distancia de 5000m en el mejor tiempo. ","5000 m","Laufen über eine Distanz von 5000 Metern, wobei die Bestzeit gewinnt. ","5000 m","Corsa nella distanza di 5000 metri con il miglior tempo ","５０００ｍ","5,000m競走 "
"http://cv.iptc.org/newscodes/subjectcode/15005011","subj:15005011",,,"subj:15005011",,,"10,000 m","Running over a distance of 10,000 metres with the fastest time winning ","10000m","compétition qui consiste à couvrir 10 000 m en un temps minimum. ","10.000 m","Competición que consiste en correr una distancia de 10.000m en el mejor tiempo. ","10 km","Laufen über eine Distanz von 10000 Metern, wobei die Bestzeit gewinnt. ","10.000 m","Corsa nella distanza di 10000 metri con il miglior tempo ","１００００ｍ","10,000m競走 "
"http://cv.iptc.org/newscodes/subjectcode/15005012","subj:15005012",,,"subj:15005012",,,"20 km","Walking over a distance of 20 km on public roads with the fastest time winning ","20km","épreuve de fond qui se déroule sur la voie publique sur 20 km. ","20 km","Prueba de fondo en la que se camina sobre una distancia de 20km a través de caminos públicos, resultando vencedor el que obtenga el menor tiempo. ","20km","Laufen über eine Distanz von 20 km auf öffentlichen Straßen, wobei die Bestzeit gewinnt. ","20 km","Competizione di corsa nella distanza di 20 Km su strada con il miglior tempo ","２０ｋｍ競歩","公道を20kmの距離にわたって歩き、最速タイムを競う "
"http://cv.iptc.org/newscodes/subjectcode/15005013","subj:15005013",,,"subj:15005013",,,"one hour","Walking as far as possible in the time of one hour ","L'heure","épreuve de marche qui consiste à couvrir une distance maximale en une heure ","una hora","Caminata que consiste en cubrir la mayor distancia posible en el lapso de una hora. ","1 Stunde","Laufen so schnell wie möglich in 1 Stunde. ","1 ora","Competizione che consiste nel coprire la massima distanza possibile nell'arco di un'ora ","１時間競歩","1時間内にできるだけ遠くに歩くこと "
"http://cv.iptc.org/newscodes/subjectcode/15005014","subj:15005014",,,"subj:15005014",,,25000,"Walking over a distance of 25km with the fastest time winning ","25km","épreuve de marche qui consiste à couvrir une distance de 25km ","25 km","Caminar una distancia de 25km en el mejor tiempo. ","25km","Laufen über eine Distanz von 25 km, wobei die Bestzeit gewinnt. ",25000,"Competizione nella distanza di 25 Km con il miglior tempo ","２５ｋｍ競歩","25kmの距離を歩き、最速タイムを競う "
"http://cv.iptc.org/newscodes/subjectcode/15005015","subj:15005015",,,"subj:15005015",,,30000,"Walking over a distance of 30kms with the fastest time winning ","30km","épreuve de marche qui consiste à couvrir une distance de 30 km ","30 km","Caminar una distancia de 30km en el mejor tiempo. ","30 km","Laufen über eine Distanz von 30 km, wobei die Bestzeit gewinnt. ",30000,"Competizione nella distanza di 30 Km con il miglior tempo ","３０ｋｍ競歩","30kmの距離を歩き、最速タイムを競う "
"http://cv.iptc.org/newscodes/subjectcode/15005016","subj:15005016",,,"subj:15005016",,,"110 m hurdles","Race consisting of covering 110 metres as fast as possible while jumping over 10 hurdles placed on the track ","110mhaies","course de vitesse sur 110 m parsemés de 10 haies ","110m vallas","Carrera de velocidad que consiste en cubrir 110 metros saltando diez vallas a lo largo del camino. ","110 m Hürdenlauf","Rennen über 110 Meter so schnell wie möglich, wobei 10 Hürden auf der Strecke übersprungen werden müssen. ","110 ostacoli","Corsa nella distanza di 110 metri da percorrere saltando 10 ostacoli collocati sulla pista con il miglior tempo ","１１０ｍ障害","トラック上の10のハードルをとび越え、できるだけ速く110mを走るレース "
"http://cv.iptc.org/newscodes/subjectcode/15005017","subj:15005017",,,"subj:15005017",,,"400 m hurdles","Race consisting of covering 400 metres as fast as possible while jumping over 10 hurdles placed on the track ","400mhaies","course de vitesse sur un tour de piste (400 m) parsemé de 10 haies ","400m vallas","Carrera de velocidad que consiste en cubrir 400 metros saltando diez vallas a lo largo del camino. ","400 m Hürdenlauf","Rennen über 400 Meter so schnell wie möglich, wobei 10 Hürden auf der Strecke übersprungen werden müssen. ","400 ostacoli","Corsa nella distanza di 400 metri da percorrere saltando 10 ostacoli collocati sulla pista con il miglior tempo ","４００ｍ障害","トラック上の10のハードルをとび超え、できるだけ速く400mを走るレース "
"http://cv.iptc.org/newscodes/subjectcode/15005018","subj:15005018",,,"subj:15005018",,,"3000 m steeplechase","Race consisting of covering 3000 metres as fast as possible while jumping over 28 hurdles which are 91/4 centimetres high and seven water obstacles ","3000m steeple","course d'obstacles sur piste de 3000 m. L'épreuve comporte le franchissement de 28 haies d'une hauteur 91,4 cm et 7 sauts de rivière (un bassin artificiel). ","3000m con obstáculos","Carrera de velocidad que consiste en cubrir 3000 metros, saltando 28 vallas de 91.4 cm de altura y 7 obstáculos de agua. ","3000 m Hindernislauf","Rennen über 3000 Meter so schnell wie möglich, wobei 28 Hürden auf der Strecke übersprungen werden müssen, die 9ü Zentimeter hoch sind und 7 Wasserhindernisse. ","3000 siepi","Corsa nella distanza di 3000 metri, saltando 28 ostacoli alti 91,4 centimetri e sette ostacoli d'acqua, con il miglior tempo ","３０００ｍ障害","91.4cmの高さをもつ28のハードルと7つの水障害をジャンプしながら、できる限り早く3000mに到達する競技 "
"http://cv.iptc.org/newscodes/subjectcode/15005019","subj:15005019",,,"subj:15005019",,,"high jump","Competitors jump as high as possible over a bar which is raised each time they clear the height. The highest clearance wins. ","Saut en hauteur","compétition consistant à sauter par la force de son corps le plus haut possible au dessus d'une barre transversale. L'athlète est éliminé après trois essais manqués successifs, indépendamment de la hauteur. ","salto alto (de altura)","Prueba en la que el atleta debe saltar lo más alto posible sobre una barra transversal, la cual es elevada cada vez que la misma es sorteada sin derribarla. Consiste de tres intentos y se toma la marca más alta. ","Hochsprung","Wettkämpfer springen so hoch wie möglich über eine Latte, die höher gehängt wird, wenn eine Höhe erreicht ist. Die höchste Höhe gewinnt. ","Salto in alto","Competizione che consiste nel superare con un salto una barra orizzontale, la cui altezza viene aumentata ogni volta che viene superata senza farla cadere. Vince chi salta più in alto ","走り高跳び","競技者は、その高さをクリアするごとに上げられるバーをできるだけ高く跳ぶ。最も高い(バー)をクリアした人が勝つ "
"http://cv.iptc.org/newscodes/subjectcode/15005020","subj:15005020",,,"subj:15005020",,,"pole vault","Competitors use a flexible pole to propel themselves feet-first into the air and clear a bar which is raised higher at each round of jumps. ","Saut à la perche","compétition consistant à sauter à l'aide d'une perche flexible le plus haut possible au dessus d'une barre transversale. L'athlète est éliminé après trois essais manqués successifs, indépendamment de la hauteur. ","salto con garrocha (pértiga)","Prueba en la que el atleta salta con una garrocha o pértiga, para propulsarse a si mismo con los pies en el aire y así alcanzar una barra, la cual es elevada en cada serie de saltos. ","Stabhochsprung","Wettkämpfer benutzen einen flexiblen Stab, mit dem sie sich selbst in die Luft befördern und eine Latte überspringen, die in jeder Runde höher gehängt wird. ","Salto con l'asta","Competizione nella quale gli atleti, con l'aiuto di una lunga asta flessibile, si danno uno slancio nell'aria, nel tentativo di superare in altezza una barra orizzontale senza farla cadere ","棒高跳び","競技者は、各ラウンドごとに高くされていくバーを、しなやかな棒を使って脚から宙に投げ出して跳躍し、クリアする "
"http://cv.iptc.org/newscodes/subjectcode/15005021","subj:15005021",,,"subj:15005021",,,"long jump","Competitors build up speed over a short sprint and them attempt to jump as far forward as they can from a given point into sand trap. The longest jump wins. ","Saut en longueur","épreuve qui consiste à sauter le plus loin possible à partir d'une planche d'appel. ","salto largo (de longitud)","Prueba en la que el atleta debe saltar la mayor distancia posible, desde un punto determinado, cayendo dentro de una superficie de arena. ","Weitsprung","Wettkämpfer beschleunigen über eine kurze Distanz ihre Geschwindigkeit und springen dann so weit wie möglich ab einem vorgegeben Punkt in eine Sandgrube. Der weiteste Sprung gewinnt. ","Salto in lungo","Dopo aver acquistato velocità con un breve scatto, gli atleti saltano in avanti da un dato punto il più lontano possibile in una pista di sabbia. Il salto più lungo vince ","走り幅跳び","競技者は、短距離で疾走し、与えられたポイントから砂場(サンドトラップ)の中へできる限り遠くへジャンプすることを試みる。最も遠くへジャンプした人が勝つ "
"http://cv.iptc.org/newscodes/subjectcode/15005022","subj:15005022",,,"subj:15005022",,,"triple jump","Competitors build up speed over a short sprint and then attempt to jump as far forward as they can using a hop, skip and a jump technique. The longest jump wins. ","Triple saut","saut en longueur précédé de deux bonds. Le saut s'effectuera de telle sorte que le concurrent retombe d'abord sur le pied avec lequel il a pris son appel, puis au second saut, sur l'autre pied à partir duquel le 3ème saut est fait. ","salto triple","Prueba en la que los competidores tratan de alcanzar la mayor velocidad en tres piques cortos, con diferente pierna cada uno y luego saltar lo más lejos que puedan mediante una técnica determinada. ","Dreisprung","Wettkämpfer beschleunigen ihre Geschwindigkeit über eine kurze Distanz und versuchen dann so weit wie möglich zu springen, wobei sie einen Hop, einen Step und einen Jump benutzen. Der längste Sprung gewinnt. ","Salto Triplo","Come il salto in lungo, ma preceduto da due slanci prima dell'ultimo salto in avanti possibile in una pista di sabbia. Il salto più lungo vince ","三段跳び","競技者は、短距離で疾走し、その時にホップ、ステップ(スキップ)、ジャンプという技法を用いてできる限り遠くへジャンプすることを試みる。最も遠くへジャンプした人が勝つ "
"http://cv.iptc.org/newscodes/subjectcode/15005023","subj:15005023",,,"subj:15005023",,,"shot put","Competitors stand in a circle with a 2.13 metres diameter and attempt to throw a metal ball weighing 7.26 kg for men and 4kg for women as far as possible. The longest throw wins. ","Lancer du poids","lancer le plus loin possible un poids de l'épaule d'une seule main en restant à l'intérieur d'une aire de 2,13 m de diamètre. Le poids pèse 7,26 kg pour les hommes et 4 kg pour les femmes. ","lanzamiento de bala (de peso)","Los competidores lanzan, desde dentro de un círculo que mide 2.13 metros de diámetro, una bola de metal que pesa 7,26 kilogramos para los hombres y 4 kilogramos para las mujeres, lo mas lejos posible. El lanzamiento mas lejano gana. ","Kugelstoßen","Wettkämpfer stehen in einem Kreis mit 2.13 Meter Durchmesser und versuchen eine Metallkugel mit einem Gewicht von 7.26 kg für Männer und 4 kg für Frauen, so weit wie möglich zu werfen. Der längste Wurf gewinnt. ","Lancio del peso","Dall'interno di un cerchio di 2,13 m. di diametro l'atleta lancia il più lontano possibile una sfera di metallo del peso di 7,26 kg per gli uomini e 4 kg per le donne. Il lancio più lungo vince ","砲丸投げ","競技者は、直径2.13mの円の中に立ち、男子は7.26kg、女子は4kgの重さの金属のボールをできるだけ遠くに投げることを試みる。最も遠くへ投げた人が勝つ "
"http://cv.iptc.org/newscodes/subjectcode/15005024","subj:15005024",,,"subj:15005024",,,"discus throw","Competitors stand in a netted circle with a 2.50 metres diameter and with a turning motion attempt to throw a discus weighing 2kg for men and 1kg for women as far as possible. The longest throw wins. ","Lancer du disque","lancer un disque le plus loin possible à partir d'une aire de lancer d'un diamètre de 2,50 m .Le cercle est ceint aux trois quarts d'une cage de protection mesurant au moins 4 m de hauteur. Le disque pèse 2 kg pour les hommes et 1 kg pour les femmes. ","lanzamiento de disco","Desde dentro de un círculo de 2.50 metros de diámetro, los atletas deben realizar una serie de movimientos en giro y lanzar un disco metálico que pesa 2 kg para los hombres y 1 kg para las mujeres. El tiro de mayor distancia gana. ","Diskuswerfen","Wettkämpfer stehen in einem vernetzten Kreis mit 2.50 Meter Durchmesser und versuchen mit einer Drehbewegung einen Diskus mit 2 kg Gewicht bei Männern und 1 kg für Frauen so weit wie möglich zu werfen. Der längste Wurf gewinnt. ","Lancio del disco","Dall'interno di un cerchio di 2,50 m. di diametro cinto per tre quarti da una rete di protezione alta 4 m., con un movimento ruotante l'atleta lancia il più lontano possibile un disco di 2 kg per gli uomini e 1 kg per le donne. Il lancio più lungo vince ","円盤投げ","競技者は、網で囲まれた直径2.5mの円の中に立ち、回転しながら、男子は2kg、女子は1kgの円盤を遠くに投げることを試みる。最も遠くへ投げた人が勝つ "
"http://cv.iptc.org/newscodes/subjectcode/15005025","subj:15005025",,,"subj:15005025",,,"hammer throw","Competitors throw a hammer consisting of a metal ball, chain and handle as far as they can from a netted circle which is 2.13 metres in diameter. The hammer weighs 7.26 kg for men and 4 kg for women. ","Lancer de marteau","lancer un marteau (une tête métallique, un câble et une poignée) le plus loin possible à partir d'une aire de 2,13 m de diamètre entouré d'un filet destiné à protéger les spectateurs. Le marteau pèse 7,26 kg pour les hommes et 4 kg pour les femmes. ","lanzamiento de martillo","Los competidores deben lanzar lo más lejos posible un martillo, que consiste en una bola metalica sujetada por una cadena con manija, desde un círculo marcado de 2,13 mts. de diámetro. El martillo pesa 7,26 kg para la rama masculina y 4,0 kg para mujeres. ","Hammerwerfen","Wettkämpfer werfen einen Hammer aus einem vernetzten Kreis mit 2.13 Meter Durchmesser, der aus einer Metallkugel, einer Kette und einem Griff besteht, so weit sie können. Der Hammer wiegt 7.26 kg bei Männern und 4 kg bei Frauen. ","Lancio del martello","Dall'interno di un cerchio di 2,13 m. di diametro cinto da una rete di protezione per gli spettatori, l'atleta lancia un martello costituito da una sfera, una catena e un'impugnatura, tutte in metallo. Il martello pesa 7,26 kg per gli uomini e 4 kg per le donne ","ハンマー投げ","競技者は、網に囲まれた直径2.13mの円から金属製のボール、鎖、ハンドルで構成されるハンマーをできるだけ遠くに投げる。ハンマーの重さは男子は7.26kg、女子は4kg "
"http://cv.iptc.org/newscodes/subjectcode/15005026","subj:15005026",,,"subj:15005026",,,"javelin throw","Competitors in a specially-designated throwing area attempt to fling a spear-like javelin as far as possible. The javelin weighs 800 grammes for men and 600 grammes for women. ","Lancer de javelot","lancer un javelot le plus loin possible à partir d'un couloir d'élan de 30 à 36,5 m de long et de 4 m de large. Le poids du javelot est de 800 gr pour les hommes et 600 gr pour les femmes. ","lanzamiento de jabalina","Los competidores, en un área especialmente diseñada, deben lanzar una jabalina lo mas lejos posible. El útil pesa 800 gramos en el caso de los hombres y 600 en el femenino. ","Speerwerfen","Wettkämpfer versuchen in einer speziell markierten Wurfzone einen Speer so weit zu werfen wie möglich. Der Speer wiegt 800 Gramm für Männer und 600 Gramm für Frauen. ","Lancio del giavellotto","Gli atleti gettano il più lontano possibile un giavellotto da un'area appositamente designata. Il giavellotto pesa 800 gr per gli uomini e 600 gr per le donne ","やり投げ","特別に示されたスローイングエリアの中にいる競技者は、投げやりのような槍をできるだけ遠くに投げることを試みる。槍の重さは男子は800g、女子は600g "
"http://cv.iptc.org/newscodes/subjectcode/15005027","subj:15005027",,,"subj:15005027",,,"decathlon","Individual men's competition which involves accumulating points in 10 different disciplines over two days: 1st day - 100m, long-jump, shot-putt, high-jump, 400m. 2nd day - 110m hurdles, discus, pole-vault, javelin and 1,500 metres. ","Decathlon","10 épreuves individuelles que les athlètes disputent pendant 2 jours. 1er jour : 100 m, saut en longueur, lancer du poids, saut en hauteur, 400 m. 2ème jour : 110 m haies, lancer du disque, saut à la perche, lancer du javelot, 1.500 m. ","decatlón","Competición individual masculina que consiste en acumular puntos en 10 disciplinas diferentes, durante 2 días. Primer día: 100 m, salto largo, lanzamiento de bala, salto alto, y 400m. Segundo día: 110m vallas, disco, salto con garrocha, jabalina, y 1500m. ","Zehnkampf","Einzelwettkampf der Männer, der das Erreichen von Punkten in 10 Disziplinen über 2 Tage anstrebt: 1. Tag - 1000 m, Weitsprung, Kugelstoßen, 400 m. 2. Tag - 110 m Hürden, Diskuswerfen, Stabhochsprung, Speerwerfen und 1500 m. ","Decathlon","Dieci prove individuali maschili in dieci diverse discipline in cui gli atleti accumulano punti nell'arco di due giorni: 1.giorno 100 m, salto in lungo, lancio del peso, salto in alto, 400 m; 2.giorno 110 ostacoli, lancio del disco, salto con l'asta, lancio del giavellotto e 1.500 m ","十種競技","2日間に渡って10種の違う競技で得点の積み重ねを必要とする男子個人競技。1日目－100m、走り幅跳び、砲丸投げ、走り高跳び、400m走、2日目－110mハードル、円盤投げ、棒高跳び、槍投げそして1500m走 "
"http://cv.iptc.org/newscodes/subjectcode/15005028","subj:15005028",,,"subj:15005028",,,"4x100 m","Team race involving four runners each covering 100 metres. ","Relais 4x100 m","épreuves par équipes de quatre coureurs sur 100m ","4 x 100m","Carrera de relevos por equipos de 4 corredores, los cuales deben de cubrir un recorrido de 100m cada uno. ","4x100 m","Mannschaftsrennen mit 4 Läufern, von denen jeder 100 Meter läuft. ","4x100","Staffetta con 4 corridori, ciascuno dei quali corre per 100 metri ","４００ｍリレー","100mずつを4人で走るリレー競技 "
"http://cv.iptc.org/newscodes/subjectcode/15005029","subj:15005029",,,"subj:15005029",,,"4x200 m","Team race involving four runners each covering 200 metres. ","Relais 4x200 m","épreuves par équipes de quatre coureurs sur 200m ","4 x 200m","Carrera de relevos por equipos de 4 corredores, los cuales deben de cubrir un recorrido de 200m cada uno. ","4x200 m","Mannschaftsrennen mit 4 Läufern, von denen jeder 200 Meter läuft. ","4x200","Staffetta con 4 corridori, ciascuno dei quali corre per 200 metri ","８００ｍリレー","200mずつを4人で走るリレー競技 "
"http://cv.iptc.org/newscodes/subjectcode/15005030","subj:15005030",,,"subj:15005030",,,"4x400 m","Team race involving four runners each covering 400 metres. ","Relais 4x400 m","épreuves par équipes de quatre coureurs sur 400m ","4 x 400m","Carrera de relevos por equipos de 4 corredores, los cuales deben de cubrir un recorrido de 400m.cada uno. ","4x400 m","Mannschaftsrennen mit 4 Läufern, von denen jeder 400 Meter läuft. ","4x400","Staffetta con 4 corridori, ciascuno dei quali corre per 400 metri ","１６００ｍリレー","400mずつを4人で走るリレー競技 "
"http://cv.iptc.org/newscodes/subjectcode/15005031","subj:15005031",,,"subj:15005031",,,"4x800 m","Team race involving four runners each covering 800 metres. ","Relais 4x800 m","épreuves par équipes de quatre coureurs sur 800m ","4 x 800m","Carrera de relevos por equipos de 4 corredores, los cuales deben de cubrir un recorrido de 800m cada uno. ","4x800 m","Mannschaftsrennen mit 4 Läufern, von denen jeder 800 Meter läuft. ","4x800","Staffetta con 4 corridori, ciascuno dei quali corre per 800 metri ","３２００ｍリレー","800mずつを4人で走るリレー競技 "
"http://cv.iptc.org/newscodes/subjectcode/15005032","subj:15005032",,,"subj:15005032",,,"4x1500 m","Team race involving four runners each covering 1500 metres. ","Relais4x1500 m","épreuves par équipes de quatre coureurs sur 1500m ","4 x 1500m","Carrera de relevos por equipos de 4 corredores, los cuales deben de cubrir un recorrido de 1500m cada uno. ","4x1500 m","Mannschaftsrennen mit 4 Läufern, von denen jeder 1500 Meter läuft. ","4x1500","Staffetta con 4 corridori, ciascuno dei quali corre per 1500 metri ","６０００ｍリレー","1500mずつを4人で走るリレー競技 "
"http://cv.iptc.org/newscodes/subjectcode/15005033","subj:15005033",,,"subj:15005033",,,"walk 1 h","One-hour long race where competitors must maintain at least one foot in contact with the ground and are not allowed to run. ","Marche 1h","épreuve d'une heure où l'athlète doit maintenir un contact permanent entre le sol et un de ses pieds sans jamais courir. ","marcha de 1h","Prueba en la cual los competidores deben marchar una hora, manteniendo al menos un pie en contacto con el suelo y no se les permite correr. ","Gehen 1 Stunde","Rennen über eine Stunde, wobei die Wettkämpfer einen Fuß immer auf dem Boden haben müssen und es nicht erlaubt ist zu rennen. ","Marcia 1h","Competizione nella quale i concorrenti devono marciare per un'ora, mantenendo sempre almeno un piede in contatto con il terreno e senza correre ","１時間競歩","少なくとも片足を地面につけて走ることなく、1時間を歩く競技 "
"http://cv.iptc.org/newscodes/subjectcode/15005034","subj:15005034",,,"subj:15005034",,,"walk 2 h","Two-hour long walking race where competitors must maintain at least one foot in contact with the ground and are not allowed to run. ","Marche 2h","épreuve de deux heures où l'athlète doit maintenir un contact permanent entre le sol et un de ses pieds sans jamais courir. ","marcha de 2h","Prueba en la cual los competidores deben marchar dos horas, manteniendo al menos un pie en contacto con el suelo y no se les permite correr. ","Gehen 2 Stunden","Rennen über zwei Stunden, wobei die Wettkämpfer einen Fuß immer auf dem Boden haben müssen und es nicht erlaubt ist zu rennen. ","Marcia 2 h","Competizione nella quale i concorrenti devono marciare per due ore, mantenendo sempre almeno un piede in contatto con il terreno e senza correre ","２時間競歩","少なくとも片足を地面につけて走ることなく、2時間を歩く競技 "
"http://cv.iptc.org/newscodes/subjectcode/15005035","subj:15005035",,,"subj:15005035",,,"10 km walk","Walking race over 10 kilometres where competitors must maintain at least one foot in contact with the ground and are not allowed to run. ","10km marche","épreuve d'une heure où l'athlète doit maintenir un contact permanent entre le sol et un de ses pieds sans jamais courir. ","10 km marcha","Prueba en la que los competidores recorren 10 km manteniendo al menos un pie en contacto con el suelo y no se les permite correr. ","10 km Gehen","Rennen über 10 Kilometer, wobei die Wettkämpfer einen Fuß immer auf dem Boden haben müssen und es nicht erlaubt ist zu rennen. ","10 km marcia","Competizione di marcia nella distanza di 10 km, mantenendo sempre almeno un piede in contatto con il terreno e senza correre ","１０ｋｍ競歩","選手が少なくとも片方の足を地面に触れている状態で、走ることができない10kmの歩行レース "
"http://cv.iptc.org/newscodes/subjectcode/15005036","subj:15005036",,,"subj:15005036",,,"15 km walk","Walking race over 15 kilometres where competitors must maintain at least one foot in contact with the ground and are not allowed to run. ","15km marche","épreuve sur 15 km où l'athlète doit maintenir un contact permanent entre le sol et un de ses pieds sans jamais courir. ","15 km marcha","Prueba en la que los competidores recorren 15 km manteniendo al menos un pie en contacto con el suelo y no se les permite correr. ","15 km Gehen","Rennen über 15 Kilometer, wobei die Wettkämpfer einen Fuß immer auf dem Boden haben müssen und es nicht erlaubt ist zu rennen. ","15 km marcia","Competizione di marcia nella distanza di 15 km, mantenendo sempre almeno un piede in contatto con il terreno e senza correre ","１５ｋｍ競歩","選手が少なくとも片方の足を地面に触れている状態で、走ることができない15kmの歩行レース "
"http://cv.iptc.org/newscodes/subjectcode/15005037","subj:15005037",,,"subj:15005037",,,"20 km walk","Walking race over 20 kilometres where competitors must maintain at least one foot in contact with the ground and are not allowed to run. ","20km marche","épreuve de 20 km où l'athlète doit maintenir un contact permanent entre le sol et un de ses pieds sans jamais courir. ","20 km marcha","Prueba en la que los competidores recorren 20 km manteniendo al menos un pie en contacto con el suelo y no se les permite correr. ","20 km Gehen","Rennen über 20 Kilometer, wobei die Wettkämpfer einen Fuß immer auf dem Boden haben müssen und es nicht erlaubt ist zu rennen. ","20 km marcia","Competizione di marcia nella distanza di 20 km, mantenendo sempre almeno un piede in contatto con il terreno e senza correre ","２０ｋｍ競歩","選手が少なくとも片方の足を地面に触れている状態で、走ることができない20kmの歩行レース "
"http://cv.iptc.org/newscodes/subjectcode/15005038","subj:15005038",,,"subj:15005038",,,"30 km walk","Walking race over 30 kilometres where competitors must maintain at least one foot in contact with the ground and are not allowed to run. ","30km marche","épreuve de 30 km où l'athlète doit maintenir un contact permanent entre le sol et un de ses pieds sans jamais courir. ","30 km marcha","Prueba en la que los competidores recorren 30 km manteniendo al menos un pie en contacto con el suelo y no se les permite correr. ","30 km Gehen","Rennen über 30 Kilometer, wobei die Wettkämpfer einen Fuß immer auf dem Boden haben müssen und es nicht erlaubt ist zu rennen. ","30 km marcia","Competizione di marcia nella distanza di 30 km, mantenendo sempre almeno un piede in contatto con il terreno e senza correre ","３０ｋｍ競歩","選手が少なくとも片方の足を地面に触れている状態で、走ることができない30kmの歩行レース "
"http://cv.iptc.org/newscodes/subjectcode/15005039","subj:15005039",,,"subj:15005039",,,"50 km walk","Walking race over 50 kilometres where competitors must maintain at least one foot in contact with the ground and are not allowed to run. ","50km marche","épreuve de 50 km où l'athlète doit maintenir un contact permanent entre le sol et un de ses pieds sans jamais courir. ","50 km marcha","Prueba en la que los competidores recorren 50 km manteniendo al menos un pie en contacto con el suelo y no se les permite correr. ","50 km Gehen","Rennen über 50 Kilometer, wobei die Wettkämpfer einen Fuß immer auf dem Boden haben müssen und es nicht erlaubt ist zu rennen. ","50 km marcia","Competizione di marcia nella distanza di 50 km, mantenendo sempre almeno un piede in contatto con il terreno e senza correre ","５０ｋｍ競歩","選手が少なくとも片方の足を地面に触れている状態で、走ることができない50kmの歩行レース "
"http://cv.iptc.org/newscodes/subjectcode/15005040","subj:15005040",,,"subj:15005040",,,"100 m hurdles","Sprint over a distance of 110 metres with competitors having to clear 10 hurdles placed in their way. ","100m haies","course de vitesse sur 100 m parsemés de 10 haies réservé aux femmes ","100m vallas","Prueba reservada para mujeres en que las atletas deben de correr a máxima velocidad una distancia de 100m, saltando 10 vallas colocadas en su camino. ","100 m Hürdenlauf","Sprint über eine Distanz von 110 Metern, wobei die Wettkämpfer 10 Hürden passieren müssen, die auf der Strecke platziert sind. ","100 ostacoli","I concorrenti devono percorrere 100 metri e superare 10 ostacoli collocati sul loro cammino ","１００ｍ障害","110mの短距離走で、競技者は走路上に置かれた10個のハードルをクリアしなければならない "
"http://cv.iptc.org/newscodes/subjectcode/15005041","subj:15005041",,,"subj:15005041",,,"5 km walk","Walking race over 5 kilometres where competitors must maintain at least one foot in contact with the ground and are not allowed to run. ","5 km marche","épreuve de 5 km où l'athlète doit maintenir un contact permanent entre le sol et un de ses pieds sans jamais courir. Réservé aux femmes. ","5 km marcha","Prueba en la que los competidores recorren 5 km manteniendo al menos un pie en contacto con el suelo y no se les permite correr. ","5 km Gehen","Rennen über 5 Kilometer, wobei die Wettkämpfer einen Fuß immer auf dem Boden haben müssen und es nicht erlaubt ist zu rennen. ","5 km marcia","Competizione di marcia nella distanza di 5 km, mantenendo sempre almeno un piede in contatto con il terreno e senza correre ","５ｋｍ競歩","選手が少なくとも片方の足を地面に触れている状態で、走ることができない5kmの歩行レース "
"http://cv.iptc.org/newscodes/subjectcode/15005042","subj:15005042",,,"subj:15005042",,,"heptathlon","Individual women's competition involving seven separate disciplines over two days. 1st day - 100m hurdles, high-jump, shot-putt, 200 metres. 2nd day - long-jump, javelin, 800 metres. ","heptathlon","7épreuves individuelles que les athlètes féminines disputent pendant 2 jours. 1er jour : 100 m haies, saut en hauteur, lancer du poids, 200 m. 2ème jour : saut en longueur, lancer du javelot, 800 m. ","heptathlon","Competición individual de mujeres con pruebas en 7 disciplinas disputadas durante 2 días. Primer día: 100m. con vallas, salto alto, lanzamiento de bala, y 200 m. Segundo día: Salto largo, jabalina, y 800 m. ","Siebenkampf","Einzelwettkampf der Frauen, umfasst 7 Disziplinen über 2 Tage: 1. Tag - 100 m Hürden, Hochsprung, Kugelstoßen, 200 Meter. 2. Tag - Weitsprung, Speerwerfen, 800 Meter. ","Eptathlon","Competizione individuale femminile che comprende 7 discipline da svolgere in due giorni. 1. giorno: 100 ostacoli, salto in alto, getto del peso, 200 metri. 2.giorno: salto in lungo, lancio del giavellotto, 800 metri ","七種競技","2日間に渡って7種の異なる競技を行う女子個人競技。1日目－100mハードル、走り高跳び、砲丸投げ、200m走、2日目－走り幅跳び、槍投げ、800m走 "
"http://cv.iptc.org/newscodes/subjectcode/15005043","subj:15005043",,,"subj:15005043",,,"1500 m walk","Walking race over 1500 metres where competitors must maintain at least one foot in contact with the ground and are not allowed to run. ","1500m marche","épreuve de 1500m où l'athlète doit maintenir un contact permanent entre le sol et un de ses pieds sans jamais courir. ","1500 m marcha","Prueba en la que los competidores recorren 1500m manteniendo al menos un pie en contacto con el suelo y no se les permite correr. ","1500 m Gehen","Rennen über 1500 Meter, wobei die Wettkämpfer einen Fuß immer auf dem Boden haben müssen und es nicht erlaubt ist zu rennen. ","1500 m marcia","Competizione di marcia nella distanza di 1500 metri, mantenendo sempre almeno un piede in contatto con il terreno e senza correre ","１５００ｍ競歩","選手が少なくとも片方の足を地面に触れている状態で、走ることができない1500mの歩行レース "
"http://cv.iptc.org/newscodes/subjectcode/15005044","subj:15005044",,,"subj:15005044",,,"2000 m walk","Walking race over 2000 metres where competitors must maintain at least one foot in contact with the ground and are not allowed to run. ","2000m marche","épreuve de 2000m où l'athlète doit maintenir un contact permanent entre le sol et un de ses pieds sans jamais courir. ","2000 m marcha","Prueba en la que los competidores recorren 2000m manteniendo al menos un pie en contacto con el suelo y no se les permite correr. ","2000 m Gehen","Rennen über 2000 Meter, wobei die Wettkämpfer einen Fuß immer auf dem Boden haben müssen und es nicht erlaubt ist zu rennen. ","2000 m marcia","Competizione di marcia nella distanza di 2000 metri, mantenendo sempre almeno un piede in contatto con il terreno e senza correre ","２０００ｍ競歩","選手が少なくとも片方の足を地面に触れている状態で、走ることができない2000mの歩行レース "
"http://cv.iptc.org/newscodes/subjectcode/15005045","subj:15005045",,,"subj:15005045",,,"3000 m walk","Walking race over 3000 metres where competitors must maintain at least one foot in contact with the ground and are not allowed to run. ","3000m marche","épreuve de 3000m où l'athlète doit maintenir un contact permanent entre le sol et un de ses pieds sans jamais courir. ","3000 m marcha","Prueba en la que los competidores recorren 3000m manteniendo al menos un pie en contacto con el suelo y no se les permite correr. ","3000 m Gehen","Rennen über 3000 Meter, wobei die Wettkämpfer einen Fuß immer auf dem Boden haben müssen und es nicht erlaubt ist zu rennen. ","3000 m marcia","Competizione di marcia nella distanza di 3000 metri, mantenendo sempre almeno un piede in contatto con il terreno e senza correre ","３０００ｍ競歩","選手が少なくとも片方の足を地面に触れている状態で、走ることができない3000mの歩行レース "
"http://cv.iptc.org/newscodes/subjectcode/15005046","subj:15005046",,,"subj:15005046",,,"50 m","Short sprint race over 50 metres with the fastest time winning. ","50m","compétition qui consiste à couvrir 50m en un temps minimum. ","50m","Carrera corta que consiste en cubrir 50m. en el menor tiempo posible ","50 m","Kurzstrecken Sprint über 50 Meter, wobei die schnellste Zeit gewinnt. ","50 m","Breve gara di velocità sui 50 m ","５０ｍ","50mに渡り最も速いタイム(を出した人)が勝利する短距離競走 "
"http://cv.iptc.org/newscodes/subjectcode/15005047","subj:15005047",,,"subj:15005047",,,"50 m hurdles","Short sprint race over 50 metres interspersed with hurdles. ","50m haies","course de vitesse sur 50 m parsemés de haies ","50m vallas","Carrera de 50 metros con vallas. ","50 m Hürdenlauf","Kurzstrecken Sprint über 50 Meter unterbrochen durch Hürden. ","50 ostacoli","Breve gara di velocità sui 50 m ostacoli ","５０ｍ障害","50mに渡りハードルが散在する短距離競走 "
"http://cv.iptc.org/newscodes/subjectcode/15005048","subj:15005048",,,"subj:15005048",,,"50 yards","Short sprint race over 50 yards with the fastest time winning. ","50 yards","compétition qui consiste à couvrir 50 yards en un temps minimum. ","50 yardas","Consiste en cubrir 50 yardas en el menor tiempo posible, con el más rápido como ganador. ","50 yards","Kurzstrecken Sprint über 50 Yards, wobei die schnellste Zeit gewinnt. ","50 yards","Breve gara di velocità sulle 50 yarde ","５０ヤード","50ヤードに渡り最も速いタイム(を出した人)が勝利する短距離競走 "
"http://cv.iptc.org/newscodes/subjectcode/15005049","subj:15005049",,,"subj:15005049",,,"50 yard hurdles","Short sprint race over 50 yards interspersed with hurdles. ","50 yard haies","course de vitesse sur 50 yards parsemés de haies ","50 yardas con vallas","Igual a la anterior pero con vallas interpuestas en el camino. ","50 yards Hürdenlauf","Kurzstrecken Sprint über 50 Yards, unterbrochen durch Hürden. ","50 yards ostacoli","Breve gara di velocità sulle 50 yarde a ostacoli ","５０ヤード障害","50ヤードに渡りハードルが散在する短距離競走 "
"http://cv.iptc.org/newscodes/subjectcode/15005050","subj:15005050",,,"subj:15005050",,,"60 m","Short sprint race over 60 metres with the fastest time winning. ","60m","compétition qui consiste à couvrir 60 m en un temps minimum. ","60m","Carrera corta de 60m. con el más rápido como ganador. ","60 m","Kurzstrecken Sprint über 60 Meter, wobei die schnellste Zeit gewinnt. ","60 m","Breve gara di velocità sui 60 m ","６０ｍ","60メートルに渡り最も速いタイム(を出した人)が勝利する短距離競走(short sprint race) "
"http://cv.iptc.org/newscodes/subjectcode/15005051","subj:15005051",,,"subj:15005051",,,"60 m hurdles","Short sprint race over 60 metres interspersed with hurdles. ","60m haies","course de vitesse sur 60 m parsemés de haies ","60m vallas","Igual pero con vallas. ","60 m Hürdenlauf","Kurzstrecken Sprint über 60 Meter, unterbrochen durch Hürden. ","60 m ostacoli","Breve gara di velocità sui 60 m ostacoli ","６０ｍ障害","60メートルに渡りハードルが散在する短距離競走(short sprint race) "
"http://cv.iptc.org/newscodes/subjectcode/15005052","subj:15005052",,,"subj:15005052",,,"60 yards","Short sprint race over 60 yards with the fastest time winning. ","60 yards","compétition qui consiste à couvrir 60 yards en un temps minimum. ","60 yardas","Igual que la de 50, pero en 60 yardas. ","60 yards","Kurzstrecken Sprint über 60 Yards, wobei die schnellste Zeit gewinnt. ","60 yards","Breve gara di velocità sulle 60 yarde ","６０ヤード","60ヤードに渡り最も速いタイム(を出した人)が勝利する短距離競走(short sprint race) "
"http://cv.iptc.org/newscodes/subjectcode/15005053","subj:15005053",,,"subj:15005053",,,"60 yard hurdles","Short sprint race over 60 yards interspersed with hurdles. ","60 yard haies","course de vitesse sur 60 yards parsemés de haies ","60 yardas con vallas","Carrera de 60 yardas con vallas interpuestas en el camino. ","60 yards Hürdenlauf","Kurzstrecken Sprint über 60 Yards unterbrochen von Hürden. ","60 yards ostacoli","Breve gara di velocità sulle 60 yarde a ostacoli ","６０ヤード障害","60ヤードに渡りハードルが散在する短距離競走(short sprint race) "
"http://cv.iptc.org/newscodes/subjectcode/15005054","subj:15005054",,,"subj:15005054",,,"100 yards","Sprint race over 100 yards with the fastest time winning. ","100 yards","compétition qui consiste à couvrir 100 yards en un temps minimum. ","100 yardas","Carrera de 100 yardas con el más rápido como ganador. ","100 yards","Sprint über 100 Yards, wobei die schnellste Zeit gewinnt. ","100 yards","Breve gara di velocità sulle 100 yarde ","１００ヤード","100ヤードに渡り最も速いタイム(を出した人)が勝利する短距離競走(sprint race) "
"http://cv.iptc.org/newscodes/subjectcode/15005055","subj:15005055",,,"subj:15005055",,,"100 yard hurdles","Sprint race over 100 yards interspersed with hurdles. ","100 yard haies","course de vitesse sur 100 yards m parsemés de haies ","100 yardas con vallas","Igual pero con vallas ","100 yards Hürdenlauf","Sprint über 100 Yards unterbrochen durch Hürden. ","100 yards ostacoli","Breve gara di velocità sulle 100 yarde a ostacoli ","１００ヤード障害","100ヤードに渡りハードルが散在する短距離競走(sprint race) "
"http://cv.iptc.org/newscodes/subjectcode/15005056","subj:15005056",,,"subj:15005056",,,"300 m","Race over 300 metres with the fastest time winning. ","300m","compétition qui consiste à couvrir 300 m en un temps minimum. ","300m","Carrera de velocidad en 300 metros. ","300 m","Rennen über 300 Meter, wobei die schnellste Zeit gewinnt. ","300 m","Corsa di 300 m ","３００ｍ","300メートルに渡り最も速いタイム(を出した人)が勝利する競走 "
"http://cv.iptc.org/newscodes/subjectcode/15005057","subj:15005057",,,"subj:15005057",,,"300 yards","Race over 300 yards with the fastest time winning. ","300 yards","compétition qui consiste à couvrir 300 yards en un temps minimum. ","300 yardas","Carrera de velocidad sobre 300 yardas. ","300 yards","Rennen über 300 Yards, wobei die schnellste Zeit gewinnt. ","300 yards","Corsa di 300 yards ","３００ヤード","300ヤードに渡り最も速いタイム(を出した人)が勝利する競走 "
"http://cv.iptc.org/newscodes/subjectcode/15005058","subj:15005058",,,"subj:15005058",,,"440 yards","Race over 440 yards with the fastest time winning. ","440 yards","compétition qui consiste à couvrir 440 yards en un temps minimum. ","440 yardas","Igual pero en 440 yardas. ","440 yards","Rennen über 440 Yards wobei die schnellste Zeit gewinnt. ","440 yards","Corsa di 440 yards ","４４０ヤード","440ヤードに渡り最も速いタイム(を出した人)が勝利する競走 "
"http://cv.iptc.org/newscodes/subjectcode/15005059","subj:15005059",,,"subj:15005059",,,"500 m","Race over 500 metres with the fastest time winning. ","500m","compétition qui consiste à couvrir 500 m en un temps minimum. ","500m","Carrera de velocidad con trazado de 500 metros. ","500 m","Rennen über 500 Metern wobei die schnellste Zeit gewinnt. ","500 m","Gara di 500 m ","５００ｍ","500メートルに渡り最も速いタイム(を出した人)が勝利する競走 "
"http://cv.iptc.org/newscodes/subjectcode/15005060","subj:15005060",,,"subj:15005060",,,"500 yards","Race over 500 yards with the fastest time winning. ","500 yards","compétition qui consiste à couvrir 500 yards en un temps minimum. ","500 yardas","Carrera de velocidad sobre 500 yardas. ","500 yards","Rennen über 500 Yards wobei die schnellste Zeit gewinnt. ","500 yards","Corsa di 500 yards ","５００ヤード","500ヤードに渡り最も速いタイム(を出した人)が勝利する競走 "
"http://cv.iptc.org/newscodes/subjectcode/15005061","subj:15005061",,,"subj:15005061",,,"600 m","Race over 600 metres with the fastest time winning. ","600m","compétition qui consiste à couvrir 600 m en un temps minimum. ","600m","Carrera de velocidad en 600 metros. ","600 m","Rennen über 600 Meter, wobei die schnellste Zeit gewinnt. ","600 m","Corsa di 600 m ","６００ｍ","600メートルに渡り最も速いタイム(を出した人)が勝利する競走 "
"http://cv.iptc.org/newscodes/subjectcode/15005062","subj:15005062",,,"subj:15005062",,,"600 yards","Race over 600 yards with the fastest time winning. ","600 yards","compétition qui consiste à couvrir 600 yards en un temps minimum. ","600 yardas","Carrera de velocidad sobre 600 yardas. ","600 yards","Rennen über 600 Yards wobei die schnellste Zeit gewinnt. ","600 yards","Corsa di 600 yards ","６００ヤード","600ヤードに渡り最も速いタイム(を出した人)が勝利する競走 "
"http://cv.iptc.org/newscodes/subjectcode/15005063","subj:15005063",,,"subj:15005063",,,"880 yards","Race over 880 yards with the fastest time winning. ","880 yards","compétition qui consiste à couvrir 880 yards en un temps minimum. ","880 yardas","Carrera de velocidad para distancia de 880 yardas. ","880 yards","Rennen über 880 yards, wobei die schnellste Zeit gewinnt. ","880 yards","Corsa di 880 yards ","８８０ヤード","880ヤードに渡り最も速いタイム(を出した人)が勝利する競走 "
"http://cv.iptc.org/newscodes/subjectcode/15005064","subj:15005064",,,"subj:15005064",,,"1000 yards","Race over 1000 yards with the fastest time winning. ","1000 yards","compétition qui consiste à couvrir 1000 yards en un temps minimum. ","1000 yardas","Carrera de 1000 yardas en el menor tiempo posible. ","1000 yards","Rennen über 1000 Yards wobei die schnellste Zeit gewinnt. ","1000 yards","Corsa di 1000 yards ","１０００ヤード","1000ヤードに渡り最も速いタイム(を出した人)が勝利する競走 "
"http://cv.iptc.org/newscodes/subjectcode/15005065","subj:15005065",,,"subj:15005065",,,"2 miles","Race over two miles with the fastest time winning. ","2 miles","compétition qui consiste à couvrir 2 miles en un temps minimum. ","2 millas","Carrera de velocidad en 2 millas. ","2 Meilen","Rennen über 2 Meilen, wobei die schnellste Zeit gewinnt. ","2 miglia","Corsa di 2 miglia ","２マイル","2マイルに渡り最も速いタイム(を出した人)が勝利する競走 "
"http://cv.iptc.org/newscodes/subjectcode/15005066","subj:15005066",,,"subj:15005066",,,"3 miles","Race over three miles with the fastest time winning. ","3 miles","compétition qui consiste à couvrir 3 miles en un temps minimum. ","3 millas","Carrera de velocidad en 3 millas. ","3 Meilen","Rennen über 3 Meilen, wobei die schnellste Zeit gewinnt. ","3 miglia","Corsa di 3 miglia ","３マイル","3マイルに渡り最も速いタイム(を出した人)が勝利する競走 "
"http://cv.iptc.org/newscodes/subjectcode/15005067","subj:15005067",,,"subj:15005067",,,"6 miles","Race over six miles with the fastest time winning. ","6 miles","compétition qui consiste à couvrir 6 miles en un temps minimum. ","6 millas","Carrera de velocidad en 6 millas . ","6 Meilen","Rennen über 6 Meilen, wobei die schnellste Zeit gewinnt. ","6 miglia","Corsa di 6 miglia ","６マイル","6マイルに渡り最も速いタイム(を出した人)が勝利する競走 "
"http://cv.iptc.org/newscodes/subjectcode/15005068","subj:15005068",,,"subj:15005068",,,"4x1 mile","Team Relay race with four runners on each team running for one mile. ","Relais 4x1 mile","épreuve par équipes de quatre coureurs sur 1 mile ","4x1 milla","Carrera de relevos por equipo, con 4 atletas por equipo corriendo por 1 milla. ","4x1 Meile","Mannschaftsrennen mit vier Läufern in jedem Team über eine Meile. ","4x1 miglio","Staffetta con 4 atleti per squadra che corrono per un miglio ciascuno ","４マイルリレー","各チーム4人の走者が1マイルずつを走るリレー競技 "
"http://cv.iptc.org/newscodes/subjectcode/15005069","subj:15005069",,,"subj:15005069",,,"pentathlon","Only indoor, 60m hurdles, high jump, shot put, long jump, 800 m ","Pentathlon","Epreuve en salle comprenant un 60 m haies, du saut en hauteur, lancer du poids, saut en longueur et un 800 m ","pentatlon","Competición en sala compuesto por un 60m vallas, salto de altura, lanzamiento de bala, salto en largo y 800 metros ","Fünfkampf","Aktuell bei DM/EM/WM in der Halle: 60 m Hürden, Hochsprung, Kugelstoßen, Weitsprung und 800 m. ","Pentathlon","Competizione su cinque prove: 60 ostacoli, salto in alto, lancio del giavellotto, salto in lungo, 800 metri ","五種競技","室内のみ、60mハードル、走り高跳び、砲丸投げ、走り幅跳び、800m走 "
"http://cv.iptc.org/newscodes/subjectcode/15006000","subj:15006000",,"subj:15006000",,,,"badminton","Two players or two teams of two compete by hitting a shuttlecock weighing approximately five grams over a high net. The aim for each player/team is to prevent the shuttlecock landing on their side of the court. ","Badminton","2 joueurs, ou 2 équipes de 2, s'affrontent en faisant passer un volant d'environ 5 grammes, par-dessus un filet à l'aide de raquettes. Le but est d'empêcher le volant de tomber au sol dans sa partie de terrain. ","badminton","Dos jugadores o dos pares compiten golpeando con raquetas un elemento (de 5 gramos) con una base redonda de goma con plumillas en un extremo, por encima de una red. Cada jugador o equipo debe impedir que el elemento pique de su lado de la cancha. ","Badminton","Zwei Spieler oder Teams mit zwei Spielern, die einen Federball mit dem ungefähren Gewicht von 5 Gramm über ein hohes Netz schlagen. Das Ziel für jeden Spieler/Team ist es, die Landung des Federballs auf ihrer Seite des Feldes zu verhindern. ","Badminton","Due giocatori di due squadre da due componenti competono colpendo con una racchetta al di sopra di un'alta rete un volano che pesa approssimativamente 5 grammi. Lo scopo è evitare di far cadere il volano nella propria parte di campo. ","バドミントン","2人あるいは2チーム2人づつが約5グラムの重さのシャトルコックを高いネット越しに打って競う　それぞれの選手/チームはシャトルコックがコートの面に落ちないように防ぐ "
"http://cv.iptc.org/newscodes/subjectcode/15007000","subj:15007000",,"subj:15007000",,,,"baseball","A game between two teams of nine played on an enclosed ground. The team which scores the most points wins. A point is scored when a player runs around the ground marked out by four bases. ","Base-ball","Jeu entre 2 équipes de 9 joueurs, alternativement en attaque et en défense. L'équipe marquant le plus de points gagne la partie disputée en 9 manches (ou plus si égalité). Pour marquer, un joueur doit faire le tour d'un champ matérialisé par des bases"". ""","béisbol","Juego entre 2 equipos de 9 jugadores, alrededor de un campo cerrado. El que marca más puntos en una partida de nueve entradas"" resulta ganador. Un jugador marca un punto al recorrer el campo marcado por 4 bases externas, tras golpear la bola. ""","Baseball","Ein Spiel zwischen zwei Teams von neun Spielern auf einem geschlossenen Platz. Das Team mit den meisten Punkten gewinnt. Ein Punkt wird gemacht, wenn ein Spieler über den Platz läuft und dabei 4 Stationen passiert. ","Baseball","Gioco fra due squadre dove il punto viene assegnato quando un giocatore corre intorno al campo delimitato da quattro basi. Per far questo deve prima colpire la palla lanciatagli da un giocatore avversario ","野球","囲われた土地で9人ずつの2チームで行われる試合。相手チームより多く得点したチームが勝ちとなる。選手が4つの塁を通過することによって得点となる "
"http://cv.iptc.org/newscodes/subjectcode/15007001","subj:15007001",,,"subj:15007001",,,"Major League Baseball (North American Professional) - American League","Baseball league comprising 14 teams. ","American League","une des 2 ligues de la Major League de Base-ball composée de 14 équipes ","liga mayor de béisbol (profesional estadounidense) - liga americana","Liga de béisbol compuesta por 14 equipos. ","Major League Baseball (North American Professional) - American League","Baseball Liga bestehend aus 14 Teams. ","Major League - American League","Lega professionisti formata da 14 squadre ","ＭＬＢア・リーグ","14チームで構成される野球のリーグ "
"http://cv.iptc.org/newscodes/subjectcode/15007002","subj:15007002",,,"subj:15007002",,,"Major League Baseball (North American Professional) - National League","Baseball league comprising 16 teams. ","National League","une des 2 ligues de la Major League de Base-ball composée de 16 équipes ","liga mayor de béisbol (profesional estadounidense) - liga nacional.","Liga de béisbol compuesta por 16 equipos. ","Major League Baseball (North American Professional) - National League","Baseball Liga bestehend aus 16 Teams. ","Major League - National League","Lega professionisti formata da 16 squadre ","ＭＬＢナ・リーグ","16チームで構成される野球のリーグ "
"http://cv.iptc.org/newscodes/subjectcode/15007003","subj:15007003",,,"subj:15007003",,,"Major League Baseball (North American Professional) - Special (e.g. All-Star, World Series)","Baseball competition other than the World Series. ","Special","compétition de base-ball autre que le world series ","liga mayor de béisbol - especial (de las principales estrellas).","Competición de béisbol distinta a la serie mundial. ","Major League Baseball (North American Professional) - Spezial (z.B. All-Star, World Series)","Baseball Wettbewerb außerhalb der Wold Series.","Major League - special","Altri tipi di competizione ","ＭＬＢオールスター","ワールドシリーズ以外の野球の試合 "
"http://cv.iptc.org/newscodes/subjectcode/15007004","subj:15007004",,,"subj:15007004",,,"rubberball baseball","Sometimes called ''soft baseball,'' the game is played with a rubber baseball of varying degrees of hardness depending upon the age and level of the players. ","Rubberball baseball","jeu de base-ball pratiquée avec une balle de caoutchouc ","béisbol con pelota blanda.","También llamado softball o béisbol blando, se juega con pelota de goma de menor grado de dureza, dependiendo de las edades o categorías de los jugadores. ","Rubberball","Manchmal als Softbaseball"" bezeichnet, das Spiel wird mit einem gummierten Ball unterschiedlicher Härte, abhängig vom Alter und der Spielstärke der Spieler durchgeführt. ""","Baseball palla gomma","Chiamato a volte ‘soft baseball',si gioca con una palla di gomma di vari gradi di durezza in base a età e livello dei giocatori ","軟式野球","時々soft baseball""と呼ばれ、ゲームはプレーヤーの年代とレベルによって硬度を変えたゴム製の野球ボールで行われる """
"http://cv.iptc.org/newscodes/subjectcode/15007005","subj:15007005",,,"subj:15007005",,,"Major League Baseball Playoffs","Consists of several rounds of play to determine representatives to the U.S.-based World Series ","Playoffs","chaque équipe dispute un championnat à l'intérieur de sa ligue de base-ball. A la fin de la saison ont lieu les play-offs ","playoffs de la liga mayor de béisbol","Fase final de clasificación que consiste de varios encuentros, para determinar los representantes de Estados Unidos, tomando como base las series mundiales. ","Major League Baseball Playoffs","Besteht aus verschiedenen Spielrunden, um die Repräsentanten der U.S. World Series zu bestimmen. ","Major League Playoffs","Turni di playoff della Major League ","ＭＬＢプレーオフ","米国を拠点として開催されるワールドシリーズの代表チームを決めるために行われる数試合のこと "
"http://cv.iptc.org/newscodes/subjectcode/15007006","subj:15007006",,,"subj:15007006",,,"World Series","U.S.-based annual series of games between the top two teams of Major League Baseball to determine the overall champion ","World Series","les vainqueurs des plays-offs des deux ligues de base-ball s'affrontent dans un combat de 7 matches ","series mundiales","Definición de liga que consiste en una serie de siete juegos anuales, entre los dos mejores equipos de la Liga Americana y Nacional de Béisbol, para determinar el campeón. ","World Series","U.S.-jährliche Serie von Spielen zwischen den zwei besten Teams der Major League Baseball, um die Besten zu ermitteln. ","World Series","Finali fra i due vincitori dei playoff ","ＭＬＢワールドシリーズ","米国を拠点として毎年行われる、メジャーリーグ野球に属する2つのチームで、総合チャンピオンを決めるために行われる一連の試合 "
"http://cv.iptc.org/newscodes/subjectcode/15008000","subj:15008000",,"subj:15008000",,,,"basketball","Game played between two teams of five - points are scored by placing the large inflated ball into a net fixed on a ring 3.05m above the ground. ","Basket-ball","Sport collectif pratiqué en salle opposant deux équipes de cinq joueurs qui essaient de s'emparer du ballon et de marquer des points en le lançant dans un panier situé à 3,05 m du sol. ","básquetbol","Deporte colectivo practicado en una cancha rectangular, entre dos equipos de cinco jugadores cada uno. Dicho juego consiste en marcar puntos, encestando una pelota en un aro, situado en un tablero que se encuentra a una altura de 3.05 metros. ","Basketball","Spiel zwischen zwei Teams mit 5 Spielern - Punkte werden gemacht in dem man einen großen aufgepumpten Ball in einen Korb wirft, der 3.05 Meter über dem Boden hängt. ","Basket","Gioco tra due squadre di cinque componenti ciascuna, in cui i punti sono segnati facendo passare il pallone in un anello con rete fissato ad un'altezza di circa 3,05 m da terra ","バスケットボール","2つの5人で構成されるチームで行われる試合--空気で膨らませた大きなボールを地上3.05mに固定されたネットに入れることによって得点となる "
"http://cv.iptc.org/newscodes/subjectcode/15008001","subj:15008001",,,"subj:15008001",,,"National Basketball Association (North American Professional)","The NBA is the umbrella organisation running professional basketball in the United States. The NBA is made up of two conferences (east and west), four divisions (Atlantic and Central for the East, and Midwest and Pacific for the west). ","NBA","La National Basket Association (NBA) gère le basket professionnel américain. 2 conférences (est, ouest), 4 divisions ( Atlantique et Centrale pour l'est et Centre-Ouest et Pacifique pour l'ouest), ","nba - asociación nacional de básquetbol (profesional estadounidense)","La NBA es la organización que nuclea el básquetbol profesional en los Estados Unidos. Está compuesta de dos conferencias (Este y Oeste) y cuatro divisiones (Atlántico y Central para el Este, Medioeste y Pacífico para el Oeste). ","National Basketball Association (NBA, North American Professional)","Die NBA ist der Dachverband des professionellen Basketball in den USA. Die NBA besteht aus zwei Konferenzen (ost und west), 4 Abteilungen (Atlantik und Zentral für den Osten, Mittelwesten und Pazifik für den Westen). ","NBA","National Basketball Association, la pallacanestro professionale negli Stati Uniti. ","ＮＢＡ","NBAは米国でプロバスケットボールを管理する組織である。NBAは(東部と西部)の2つの連盟、4つのディビジョン(東部にはアトランティックとセントラル、そして西部にはミッドウェストとパシフィック)がある "
"http://cv.iptc.org/newscodes/subjectcode/15008002","subj:15008002",,,"subj:15008002",,,"professional - Women general","Women's professional league ","Ligue professionnelle féminine","ligue professionnelle féminine. ","liga profesional femenina","Liga Profesional Femenina ","Professional - Frauen allgemein","Professionelle Liga der Frauen. ","Professionale femminile","Lega professionale femminile ","女子プロバスケットリーグ","女子のプロリーグ "
"http://cv.iptc.org/newscodes/subjectcode/15008003","subj:15008003",,,"subj:15008003",,,"Swiss netball","Similar to Basketball. Basket without a board. Mainly executed by women ","Netball suisse","Sport féminin similaire au basket-ball, mais sans planche pour soutenir le panier appliquant les réglements suisses. ","netball suizo","Similar al básquetbol, pero sin tablero. Principalmente jugado por mujeres. ","Schweizer Korbball","Ähnlich dem Basketball. Der Korb ist ohne Brett. Wird hauptsächlich von Frauen gespielt.","Netball svizzero","Simile alla pallacanestro, ma privo dell'asse di sostegno del canestro. Praticato principalmente da donne ","スイス・ネットボール","バスケットボールに似ているが、ゴールには板がついてない。主に女性が行う "
"http://cv.iptc.org/newscodes/subjectcode/15008004","subj:15008004",,,"subj:15008004",,,"German netball","Same as Swiss Netball, but with specific German rules ","Netball allemand","Sport féminin similaire au basket-ball, mais sans planche pour soutenir le panier appliquant les réglements allemands ","netball alemán","Igual al Netball suizo, pero con reglas alemanas. ","Deutscher Korbball","Das gleiche wie Schweizer Korbball, aber mit eigenen deutschen Regeln. ","Netball tedesco","Simile al netball svizzero ma con specifiche regole tedesche ","ドイツ・ネットボール","スイスネットボールと同じ、しかしドイツ特有のルールを伴う "
"http://cv.iptc.org/newscodes/subjectcode/15008005","subj:15008005",,,"subj:15008005",,,"Dutch netball","Same as Swiss Netball, but with specific Dutch rule ","Netball néerlandais","Sport féminin similaire au basket-ball, mais sans planche pour soutenir le panier appliquant les réglements néerlandais ","netball holandés","Similar al Netball suizo, pero con reglas holandesas. ","Niederländischer Korbball","Das gleiche wie Schweizer Korbball, aber mit eigenen niederländischen Regeln. ","Netball olandese","Simile al netball svizzero ma con specifiche regole olandesi ","オランダ・ネットボール","スイスネットボールと同じ、しかしオランダ特有のルールを伴う "
"http://cv.iptc.org/newscodes/subjectcode/15009000","subj:15009000",,"subj:15009000",,,,"biathlon","A combination of cross country skiing and target shooting in a pursuit format. ","Biathlon","course de ski de fond disputée en style libre, entrecoupée de séries de tir à la carabine sur des cibles. ","biatlón","Combinación de esquí a campo traviesa y tiro al blanco, sobre un curso de 12,500 km en forma de persecución. ","Biathlon","Eine Kombination aus Skilanglauf und Schießen auf Zielscheiben (mit Verfolgungsstart)","Biathlon","Competizione di sci da fondo in forma di inseguimento su un percorso di 12,5 km con serie di tiri al bersaglio con la carabina ","バイアスロン","12.5Kコース上の追い抜き形式で、クロスカントリースキーとターゲット射撃を組み合わせたもの "
"http://cv.iptc.org/newscodes/subjectcode/15009001","subj:15009001",,,"subj:15009001",,,"7.5 km","Timed cross country skiing race. Competitors set off at 30sec intervals for three circuits totalling 7.5km. ","7.5 km","Epreuve de sprint disputée contre la montre. Les concurrents s'élancent toutes les 30 secondes pour 3 tours de circuit sur 7,5 km. ","esquí 7,5 km","Carrera de esquí a campo traviesa contrarreloj. Cada competidor recorre 7.500 m en tres circuitos, separados por intervalos de 30 segundos cada uno. ","Sprint der Damen","Rennen mit drei Runden. Es wird zwischen den Runden einmal liegend, einmal stehend geschossen. Pro Fehlschuss muss eine Strafrunde gelaufen werden. ","7,5 km","Competizione in cui i concorrenti partono ad intervalli di 30 secondi uno dall'altro per compiere tre giri per un totale di 7,5 km ","７．５ｋｍ","時間を競うクロスカントリースキーレース。競技者は30秒間隔で合計で7.5kmの3つのコースに出発する "
"http://cv.iptc.org/newscodes/subjectcode/15009002","subj:15009002",,,"subj:15009002",,,"10 km","Sprint races for men, pursuit for women. ","10 km","Epreuve de sprint pour les hommes, de poursuite pour les femmes ","10 km","Carrera de velocidad para hombres, en 10 km, con largada posterior de mujeres ","Sprint der Herren","Rennen mit drei Runden. Es wird zwischen den Runden einmal liegend, einmal stehend geschossen. Pro Fehlschuss muss eine Strafrunde gelaufen werden. ","10 Km","Competizione di velocità per gli uomini e di inseguimento per le donne ","１０ｋｍ","男子はスプリントレース、女子は追跡 "
"http://cv.iptc.org/newscodes/subjectcode/15009003","subj:15009003",,,"subj:15009003",,,"15 km","Individual women's race in sprint format staged over three laps with competitors setting off at intervals of a minute. ","15 km","course individuelle dames, disputée sur le modèle du sprint avec 3 boucles de circuit. Les concurrents s'élancent toutes les minutes. ","15 km","Carrera individual para damas disputada en la modalidad sprint, que consiste en etapas de tres vueltas al circuito de 15 km. Las competidoras largan con intervalos de un minuto. ","Einzelrennen der Damen","Rennen über fünf Runden. Es wird zwischen den Runden abwechselnd je zweimal liegend und stehend auf fünf Ziele geschossen. Jeder Fehlschuss wird durch eine Strafminute kompensiert. ","15 Km","Competizione di velocità femminile sotto forma di inseguimento in tre giri con le concorrenti fatte partire ad intervalli di un minuto una dall'altra ","１５ｋｍ","競技者が、1分おきに出発して3周回する、女子個人のスプリント競技 "
"http://cv.iptc.org/newscodes/subjectcode/15009004","subj:15009004",,,"subj:15009004",,,"20 km","Individual men's race in sprint format staged over five laps with competitors setting off at intervals of a minute. ","20 km","course individuelle hommes, disputée sur le modèle du sprint avec 5 boucles de circuit. Les concurrents s'élancent toutes les minutes. ","20 km","Carrera individual para hombres en la modalidad sprint, que consiste en etapas de cinco vueltas al circuito de 20 km, a intervalos de un minuto ","Einzelrennen der Herren","Rennen über fünf Runden. Es wird zwischen den Runden abwechselnd je zweimal liegend und stehend auf fünf Ziele geschossen. Jeder Fehlschuss wird durch eine Strafminute kompensiert. ","20 Km","Competizione di velocità individuale maschile in cinque giri dove i concorrenti partono ad intervalli di un minuto uno dall'altro ","２０ｋｍ","競技者が、1分おきに出発して5周回する、男子個人のスプリント競技 "
"http://cv.iptc.org/newscodes/subjectcode/15009005","subj:15009005",,,"subj:15009005",,,"4x7.5 km relay","Teams consisting of four biathletes with each team covering a distance of 7.5km with two rounds of target shooting. ","Relais 4x7.5 km","Le relais : Chaque équipe est composée de 4 biathlètes. Chacun parcourt 7,5 km et participe à 2 séances de tir. Le départ est groupé ","relevo de 4x7,5 km","Consiste en equipos de cuatro biatletas, que cubren una distancia de 7,5 km cada uno, con dos rondas de tiro al blanco. ","Staffelrennen","Teams mit vier Biathleten pro Mannschaft, die eine Teilstrecke von drei Runden mit 7,5 km (Herren) oder 6 km (Damen) abdecken. Es wird zwischen den Runden einmal liegend und einmal stehend auf fünf Ziele geschossen. Es gibt drei Nachladepatronen. Reichen die nicht aus, muss pro Fehlschuss eine Strafrunde gelaufen werden. ","Staffetta 4 x 7,5 km","Squadre formate da quattro atleti di biathlon e ciascuna deve coprire una distanza di 7,5 km con due cicli di tiro al bersaglio ","３０ｋｍリレー","各チーム4人のバイアスロン選手で構成され、1人が2ラウンドのターゲット射撃を含む7.5kmの距離を受け持つチーム競技 "
"http://cv.iptc.org/newscodes/subjectcode/15009006","subj:15009006",,,"subj:15009006",,,"12.5 km pursuit","The start is determined by the results from the sprint. A race held over five laps with target shooting (standing or prone) ","Poursuite 12.5 km","Poursuite: Le départ est déterminé par les résultats du sprint. Course disputée sur 5 tours de circuit et entrecoupée de séances de tir (debout ou couché). ","persecución 12,5 km","La largada se determina por los resultados del sprint. Una carrera lleva 5 rondas intercaladas por posiciones de tiro al blanco ( de pie o acostado). ","Mixed Staffel","Teams mit vier Biathleten mit je zwei Damen und zwei Herren pro Mannschaft, die eine Teilstrecke von 3 Runden mit 7,5 km (Herren) oder 6 km (Damen) abdecken. Es wird zwischen den Runden einmal liegend und einmal stehend auf fünf Ziele geschossen. Es gibt drei Nachladepatronen. Reichen die nicht aus, muss pro Fehlschuss eine Strafrunde gelaufen werden. ","Inseguimento 12,5 km","La partenza è determinata dai risultati dell'inseguimento ","１２．５ｋｍ追い抜き","スプリントの結果でスタート順が決まる。レースはターゲット射撃(立ったまま又はうつ伏せ)を含み5周続ける "
"http://cv.iptc.org/newscodes/subjectcode/15010000","subj:15010000",,"subj:15010000",,,,"billiards, snooker and pool","A game played on a flat table covered with a cloth (baize) where players hit balls according to specific rules using a wooden cue. ","Billards, snooker et pool","Jeux d'adresse pratiqués sur une table consitant à frapper des billes au moyen d'un bâton (queue) ","billar, snooker y pool","Es un juego que se disputa sobre una mesa plana cubierta por un paño verde, donde los competidores intentan golpear bolas de acuerdo a reglas específicas usando un taco de madera. ","Billard","Ein Spiel, was auf einem flachen Tisch gespielt wird, der mit Stoff bezogen ist, auf dem die Spieler Kugeln mit einem Holzqueue anstoßen nach bestimmten Regeln. ","Biliardo, snooker e pool","Si gioca su di un tavolo liscio la cui superficie è ricoperta da un panno di lana e dove i giocatori colpiscono delle palle con delle stecche di legno in base a specifiche regole ","ビリヤード","布(ラシャ)で覆われた平らなテーブルの上でプレーする競技、競技者は特定のルールに従い木製のキューを使用してボールを打つ "
"http://cv.iptc.org/newscodes/subjectcode/15010001","subj:15010001",,,"subj:15010001",,,"8 ball","A game using 15 balls and a white. The first player aims to pot the balls numbered 1-7 (solids) with the second player potting balls 9-15 (stripes). After that the first player to pot the black wins. ","8 ball","Le jeu de la huit se joue avec 15 boules et une blanche. Un joueur doit rentrer le groupe de boules numérotées de 1 à 7, ou les billes pleines, tandis que l'autre doit rentrer les billes numérotées de 9 à 15, ou les rayées, puis la noire. ","8 bolas","Juego de 15 bolas numeradas o diferenciadas y 1 blanca. El primer jugador tiene como objetivo embocar las bolas numeradas del 1 al 7( lisas) y el segundo las numeradas del 9 al 15 (o rayadas). Luego, el primero que emboca la bola negra gana. ","8er Ball","Spiel mit 15 Bälle und einem weißen. Der erste Spieler versucht die Bälle mit der Nummer 1-7 (uni), der zweite Spieler die Bälle 9-15 (gestreift) einzulochen. Danach gewinnt der Spieler, der die schwarze Kugel zuerst einlocht. ","8-ball","Gioco a 15 palle, in cui andranno messe in buca o le piene o le mezze, lasciando la 8 per ultima. ","８ボール","15個の玉と 1つの白玉を使用する競技。最初の競技者は1から7番の玉(模様なし)をポケットに狙い、2番目の競技者は9から15番の玉(縦縞)をポケットに入れる。その後黒玉を最初にポケットに入れた競技者の勝ち "
"http://cv.iptc.org/newscodes/subjectcode/15010002","subj:15010002",,,"subj:15010002",,,"9 ball","A game played with nine balls numbered 1-9, and a white. On each turn the player must hit the lowest numbered ball. ","9 ball","Le jeu de la neuf se joue avec 9 billes numérotées de 1 à 9 et une blanche. A chaque coup, la première boule touchée doit être celle qui a le plus faible numéro, même si celle-ci ne doit pas être forcément celle que l'on rentre. ","9 bolas","Juego en el que se utilizan 9 bolas numeradas del 1 al 9 y una blanca. En cada turno el jugador debe golpear la bola de menor número. ","9er Ball","Spiel mit neun Kugeln 1-9 und einer weißen. Bei jeder Runde muss der Spieler die Kugel mit der geringsten Zahl einlochen. ","9 palle","Gioco in cui ci sono nove palle numerate ed una bianca. Il giocatore deve colpire, a turno, la palla con il numero più basso. ","９ボール","1から9の数字が書かれた9個のボールと白いボールを使うゲーム。各々交代で、番号の一番小さいボールを突く "
"http://cv.iptc.org/newscodes/subjectcode/15010003","subj:15010003",,,"subj:15010003",,,14/01/2013,"A player nominates the ball he is attempting to pot and into which pocket. He collects points for each successful hit. He continues until he makes a mistake. Before hitting the 15th ball, the 14 reds are set up again in the triangle. ","14.1 continu","Le joueur doit indiquer la boule à rentrer et la poche correspondante. Il obtient un point pour chaque boule légalement rentrée et continue tant qu'il n'a pas raté son coup. Celui qui atteint le premier le score prédéterminé (150 habituellement) a gagné. ","14.1 continuo","Un jugador selecciona una bola a introducir en el hoyo, sumando puntos en cada golpe exitoso. El mismo continúa hasta que cometa un error. El jugador que alcance la marca predeterminada de 150 pts. se lleva la victoria. ","14/1 endlos","Der Spieler gibt an, welche Kugel er in welches Loch spielen will. Er sammelt Punkte für jeden erfolgreichen Versuch, solange bis er einen Fehler macht. Bevor er den 15ten Ball einlocht, werden die 14 anderen wieder in die Triangel gelegt. ",14/01/2013,"Un giocatore indica la palla che cerca di imbucare e in quale buca e colleziona punti per ogni colpo finché non fa un errore ","１４．１コンティニュアス","競技者が指定したボールをポケットに突き入れる。それが成功した時、得点が貰える。それが失敗するまで続けることができる。15個目のボールを打つ前に再び14個の球を三角形枠で準備して競技する "
"http://cv.iptc.org/newscodes/subjectcode/15010004","subj:15010004",,,"subj:15010004",,,"continuous-DEPRECATED","NA ","Continuous","NA ","continuo","NA ","Endlos-GELÖSCHT","--- ","Continuo - ANNULLATO","ANNULLATO ","コンティニュアス-使用不可",
"http://cv.iptc.org/newscodes/subjectcode/15010005","subj:15010005",,,"subj:15010005",,,"other-DEPRECATED","NA ","Other","autre catégorie de jeu de billard ","otra","Otra categoría del juego de billar ","Freie Partie-GELÖSCHT","--- ","Altri - ANNULLATO","ANNULLATO ","その他-使用不可",
"http://cv.iptc.org/newscodes/subjectcode/15010006","subj:15010006",,,"subj:15010006",,,"snooker","Two players using a cue and a white ball to sink"" other coloured balls in a correct order on a baize table and to cause an opponent to miss-hit by positioning the white ball in an inappropriate place - snookering. """,,,,,"Snooker","Zwei Spieler benutzen einen Queue und eine weiße Kugel, um die anderen farbigen Kugeln in der richtigen Reihenfolge einzulochen. Wenn die farbigen Kugeln nicht auf direktem Wege angespielt werden können, wird der Spieler zu einer schwierigen Lösung gezwungen (gesnookert) ","Snooker","Biliardo inglese, giocato con stecca, 15 palle rosse, 6 di vari colori ed una bianca. ","スヌーカー","２人の競技者が緑のクロス張りのテーブル上で、キューにより白い玉を弾き、定められた順番に従い他の色の玉を穴に落とす。白い玉を不適切な位置に置くことで対抗者のミスを誘う "
"http://cv.iptc.org/newscodes/subjectcode/15011000","subj:15011000",,"subj:15011000",,,,"bobsleigh","In bobsleigh two or four persons race down a course sitting in a sled that consists of a main hull, a frame, two axles and sets of runners. The total time of all heats in a competition is added together to determine the winner. ","Bobsleigh","Sport de glisse sur une piste glacée dans un traîneau bobsleigh occupé par un équipage de 2 ou 4 concurrents ","trineo","Disciplina en la cual equipos de 2 o 4 personas se deslizan en un trineo constituido de un casco principal, un armazón, un eje delantero y trasero, y dos juegos de patines. Los competidores aceleran el trineo empujándolo y luego saltan y se sientan en él. ","Bob","Im Bobsport fahren zwei oder vier Athleten in einem Rennschlitten sitzend, der aus einer Verkleidung, einem Rahmen, zwei Achsen und Kufen besteht, eine Bahn (Natureis- oder Kunsteisbahn) hinab. Die Gesamtlaufzeit wird aus den Einzelzeiten der Läufe zusammengezählt und daraus der Gewinner ermittelt. ","Bob","Sport invernale nel quale squadre da 2 o 4 persone fanno discese cronometrate su una pista ghiacciata stretta a bordo di un mezzo con pattini chiamato bob inizialmente spinto dai concorrenti ","ボブスレー","2人又は4人が、大型のソリでコースを滑り降りる。それは主な胴体に、枠、２つの車軸、そして滑走部から成り立つ。すべての競技の合計時間をもとに勝者を決定する "
"http://cv.iptc.org/newscodes/subjectcode/15011001","subj:15011001",,,"subj:15011001",,,"two-man sled","race consisting of a team of two competitors ","Bob à deux","course avec un equipage à deux concurrents ","trineo doble","Carrera en trineo que consiste en un equipo de dos competidores. ","Zweierbob","Rennen mit einem Team aus zwei Wettkämpfern. ","Bob a due","Discesa compiuta da squadre composte di due concorrenti ","２人乗り","2人1組で行われる競技 "
"http://cv.iptc.org/newscodes/subjectcode/15011002","subj:15011002",,,"subj:15011002",,,"four-man sled","race consisting of a team of four competitors ","Bob à quatre","course avec un equipage à quatre concurrents ","trineo de cuatro","Carrera en trineo que consiste en un equipo de cuatro competidores. ","Viererbob","Rennen mit einem Team aus vier Wettkämpfern. ","Bob a quattro","Discesa compiuta da squadre composte di quattro concorrenti ","４人乗り","4人1組で行われる競技 "
"http://cv.iptc.org/newscodes/subjectcode/15012000","subj:15012000",,"subj:15012000",,,,"bowling","A game in which a player scores points by trying to knock down ten 'pins' using a ball - if unsuccessful the player has a second attempt. A game consists of ten frames. ","Bowling","Jeu d'adresse qui consiste à renverser 10 quilles sur le premier lancer à l'aide d'une boule et en cas d'échec, de faire tomber les restantes avec une deuxième tir. Une partie comprend 10 tentatives. ","boliche","Juego en el cual un competidor marca puntos al derribar un conjunto de 10 bolos alineados, lanzando una bola al ras de una senda especial. Si fracasa tiene una segunda chance para derribar los que permanezcan en pie. El juego comprende 10 tentativas. ","Bowling","Spiel, wobei ein Spieler Punkte erzielt indem er versucht 10 Kegel mit einer Kugel umzuschmeißen. Wenn er erfolglos ist, hat er einen zweiten Versuch. Ein Spiel besteht aus 10 Aufstellungen. ","Bowling","Un gioco nel quale il giocatore segna punti cercando di buttare a terra dieci birilli usando una palla. Se il giocatore sbaglia ha diritto ad un secondo tentativo. ","ボウリング","ボールを使って10本のピンを打ち倒し点数を競うゲーム。もし1投目に10本倒すことができなかった場合、2投目を試みる。このゲームは10フレームで成立する "
"http://cv.iptc.org/newscodes/subjectcode/15013000","subj:15013000",,"subj:15013000",,,,"bowls and petanque","A game in which players throw bowls at a target, the winner being the player who lands closest. ","Boule anglaise et pétanque","sport qui consiste à placer ses boules le plus près possible du but. L'adversaire essaie de placer les siennes plus près, ou selon les règles d'enlever en tirant celles qui gênent ","bolos y petanca","Juego en el cual los jugadores lanzan bolos a un blanco. El ganador es aquel que arrima su lanzamiento lo más cerca posible del blanco. ","Boules/ Pètanque","Spiel bei dem die Spieler Kugeln auf eine Zielscheibe werfen. Der Gewinner ist derjenige, der am nächsten herankommt. ","Bocce","Un gioco scopo del quale tirare quante più bocce possibili vicino al pallino, che può anche essere allontanato dalla boccia avversaria colpendolo con la propria ","ボウルズ・ペタンク","ターゲットにボールを投げ一番近づいた人が勝つゲーム "
"http://cv.iptc.org/newscodes/subjectcode/15014000","subj:15014000",,"subj:15014000",,,,"boxing","Combat sport in which two men/women fight using only their fists covered by padded gloves in a square ring measuring 6m a side. The fight is usually split into 12 rounds of three minutes each. ","Boxe","sport de combat où deux hommes s'affrontent sur un ring carré de 6 m de côté en se servant uniquement de leurs poings, munis de gants en cuir ","boxeo","Deporte de combate en el cual dos hombres o mujeres pelean usando únicamente sus puños, cubiertos por guantes, sobre un cuadrilátero de 6 metros de lado. El combate es usualmente pactado a 12 rounds de 3 minutos cada uno. ","Boxen","Kampfsport bei dem zwei Männer/Frauen kämpfen mit Fäusten, die geschützt sind durch Handschuhe, in einem Ring von 6 m je Seite. Der Kampf ist in der Regel geteilt in 12 Runden von jeweils 3 Minuten. ","Pugilato","Combattimento sportivo nel quale due atleti usano esclusivamente i loro pugni coperti da guanti imbottiti all'interno di un recinto di 6m per lato. ","ボクシング","2人の男子または女子が、1辺6mの四角いリングで中身の詰まったグローブで戦う格闘技。通常は、1ラウンド3分で12ラウンド戦う "
"http://cv.iptc.org/newscodes/subjectcode/15014001","subj:15014001",,,"subj:15014001",,,"super-heavyweight","Weight category in boxing which varies according to the federation","Super-lourds","catégorie de poids variant selon les fédérations ","peso superpesado","Categoría de peso que varía de acuerdo a la federación. ","Super-Schwergewicht","Gewichtsklasse im Boxen die je nach Verband variiert.","Supermassimi","Categoria di peso che varia in base alla federazione ","スーパーヘビー級","連盟による様々な体重別のカテゴリー "
"http://cv.iptc.org/newscodes/subjectcode/15014002","subj:15014002",,,"subj:15014002",,,"heavyweight","Weight category in boxing which varies according to the federation","Lourds","catégorie de poids variant selon les fédérations ","peso pesado","Categoría de peso que varía de acuerdo a la federación. ","Schwergewicht","Gewichtsklasse im Boxen die je nach Verband variiert.","Massimi","Categoria di peso che varia in base alla federazione ","ヘビー級","連盟による様々な体重別のカテゴリー "
"http://cv.iptc.org/newscodes/subjectcode/15014003","subj:15014003",,,"subj:15014003",,,"cruiserweight","Weight category in boxing which varies according to the federation","Mi-lourds","catégorie de poids variant selon les fédérations ","peso crucero","Categoría de peso que varía de acuerdo a la federación. ","Halbschwergewicht","Gewichtsklasse im Boxen die je nach Verband variiert.","Mediomassimi","Categoria di peso che varia in base alla federazione ","クルーザー級","連盟による様々な体重別のカテゴリー "
"http://cv.iptc.org/newscodes/subjectcode/15014004","subj:15014004",,,"subj:15014004",,,"light-heavyweight","Weight category in boxing which varies according to the federation","Moyens","catégorie de poids variant selon les fédérations ","peso pesado ligero","Categoría de peso que varía de acuerdo a la federación. ","Leicht-Schwergewicht","Gewichtsklasse im Boxen die je nach Verband variiert.","Massimi leggeri","Categoria di peso che varia in base alla federazione ","ライトヘビー級","連盟による様々な体重別のカテゴリー "
"http://cv.iptc.org/newscodes/subjectcode/15014005","subj:15014005",,,"subj:15014005",,,"super-middleweight","Weight category in boxing which varies according to the federation","Super mi-moyens","catégorie de poids variant selon les fédérations ","peso supermediano","Categoría de peso que varía de acuerdo a la federación. ","Super-Mittelgewicht","Gewichtsklasse im Boxen die je nach Verband variiert.","Supermedi","Categoria di peso che varia in base alla federazione ","スーパーミドル級","連盟による様々な体重別のカテゴリー "
"http://cv.iptc.org/newscodes/subjectcode/15014006","subj:15014006",,,"subj:15014006",,,"middleweight","Weight category in boxing which varies according to the federation","Mi-moyens","catégorie de poids variant selon les fédérations ","medio pesado","Categoría de peso que varía de acuerdo a la federación. ","Mittelgewicht","Gewichtsklasse im Boxen die je nach Verband variiert.","Medi","Categoria di peso che varia in base alla federazione ","ミドル級","連盟による様々な体重別のカテゴリー "
"http://cv.iptc.org/newscodes/subjectcode/15014007","subj:15014007",,,"subj:15014007",,,"light-middleweight","Weight category in boxing which varies according to the federation","Super légers","catégorie de poids variant selon les fédérations ","peso medioligero","Categoría de peso que varía de acuerdo a la federación. ","Leicht-Mittelgewicht","Gewichtsklasse im Boxen die je nach Verband variiert.","Medi leggeri","Categoria di peso che varia in base alla federazione ","ライトミドル級","連盟による様々な体重別のカテゴリー "
"http://cv.iptc.org/newscodes/subjectcode/15014008","subj:15014008",,,"subj:15014008",,,"welterweight","Weight category in boxing which varies according to the federation","Légers","catégorie de poids variant selon les fédérations ","peso welter","Categoría de peso que varía de acuerdo a la federación. ","Weltergewicht","Gewichtsklasse im Boxen die je nach Verband variiert.","Welter","Categoria di peso che varia in base alla federazione ","ウエルター級","連盟による様々な体重別のカテゴリー "
"http://cv.iptc.org/newscodes/subjectcode/15014009","subj:15014009",,,"subj:15014009",,,"light-welterweight","Weight category in boxing which varies according to the federation","Super-plumes","catégorie de poids variant selon les fédérations ","peso welter ligero","Categoría de peso que varía de acuerdo a la federación. ","Leicht-Weltergewicht","Gewichtsklasse im Boxen die je nach Verband variiert.","Superleggeri","Categoria di peso che varia in base alla federazione ","ライトウエルター級","連盟による様々な体重別のカテゴリー "
"http://cv.iptc.org/newscodes/subjectcode/15014010","subj:15014010",,,"subj:15014010",,,"lightweight","Weight category in boxing which varies according to the federation","Plumes","catégorie de poids variant selon les fédérations ","peso ligero","Categoría de peso que varía de acuerdo a la federación. ","Leichtgewicht","Gewichtsklasse im Boxen die je nach Verband variiert.","leggeri","Categoria di peso che varia in base alla federazione ","ライト級","連盟による様々な体重別のカテゴリー "
"http://cv.iptc.org/newscodes/subjectcode/15014011","subj:15014011",,,"subj:15014011",,,"super-featherweight","Weight category in boxing which varies according to the federation","Super-poids plumes","catégorie de poids variant selon les fédérations ","peso superpluma","Categoría de peso que varía de acuerdo a la federación. ","Super-Federgewicht","Gewichtsklasse im Boxen die je nach Verband variiert.","Superpiuma","Categoria di peso che varia in base alla federazione ","スーパーフェザー級","連盟による様々な体重別のカテゴリー "
"http://cv.iptc.org/newscodes/subjectcode/15014012","subj:15014012",,,"subj:15014012",,,"featherweight","Weight category in boxing which varies according to the federation","Poids-plume","catégorie de poids variant selon les fédérations ","peso pluma","Categoría de peso que varía de acuerdo a la federación. ","Federgewicht","Gewichtsklasse im Boxen die je nach Verband variiert.","Piuma","Categoria di peso che varia in base alla federazione ","フェザー級","連盟による様々な体重別のカテゴリー "
"http://cv.iptc.org/newscodes/subjectcode/15014013","subj:15014013",,,"subj:15014013",,,"super-bantamweight","Weight category in boxing which varies according to the federation","Super coq","catégorie de poids variant selon les fédérations ","super gallo","Categoría de peso que varía de acuerdo a la federación. ","Super-Bantamgewicht","Gewichtsklasse im Boxen die je nach Verband variiert.","Supergallo","Categoria di peso che varia in base alla federazione ","スーパーバンタム級","連盟による様々な体重別のカテゴリー "
"http://cv.iptc.org/newscodes/subjectcode/15014014","subj:15014014",,,"subj:15014014",,,"bantamweight","Weight category in boxing which varies according to the federation","Coq","catégorie de poids variant selon les fédérations ","gallo","Categoría de peso que varía de acuerdo a la federación. ","Bantamgewicht","Gewichtsklasse im Boxen die je nach Verband variiert.","Gallo","Categoria di peso che varia in base alla federazione ","バンタム級","連盟による様々な体重別のカテゴリー "
"http://cv.iptc.org/newscodes/subjectcode/15014015","subj:15014015",,,"subj:15014015",,,"super-flyweight","Weight category in boxing which varies according to the federation","Super-mouches","catégorie de poids variant selon les fédérations ","supermosca","Categoría de peso que varía de acuerdo a la federación. ","Super-Fliegengewicht","Gewichtsklasse im Boxen die je nach Verband variiert.","Supermosca","Categoria di peso che varia in base alla federazione ","スーパーフライ級","連盟による様々な体重別のカテゴリー "
"http://cv.iptc.org/newscodes/subjectcode/15014016","subj:15014016",,,"subj:15014016",,,"flyweight","Weight category in boxing which varies according to the federation","Mouches","catégorie de poids variant selon les fédérations ","peso mosca","Categoría de peso que varía de acuerdo a la federación. ","Fliegengewicht","Gewichtsklasse im Boxen die je nach Verband variiert.","Mosca","Categoria di peso che varia in base alla federazione ","フライ級","連盟による様々な体重別のカテゴリー "
"http://cv.iptc.org/newscodes/subjectcode/15014017","subj:15014017",,,"subj:15014017",,,"light flyweight","Weight category in boxing which varies according to the federation","Mi-mouches","catégorie de poids variant selon les fédérations ","peso mosca ligero","Categoría de peso que varía de acuerdo a la federación. ","Leicht-Fliegengewicht","Gewichtsklasse im Boxen die je nach Verband variiert.","Mosca leggeri","Categoria di peso che varia in base alla federazione ","ライトフライ級","連盟による様々な体重別のカテゴリー "
"http://cv.iptc.org/newscodes/subjectcode/15014018","subj:15014018",,,"subj:15014018",,,"straw","Weight category in boxing which varies according to the federation","Pailles","catégorie de poids variant selon les fédérations ","peso paja (el más liviano de todos)","Categoría de peso que varía de acuerdo a la federación. ","Papiergewicht","Gewichtsklasse im Boxen die je nach Verband variiert.","Paglia","Categoria di peso che varia in base alla federazione ","ストロー級","連盟による様々な体重別のカテゴリー "
"http://cv.iptc.org/newscodes/subjectcode/15014019","subj:15014019",,,"subj:15014019",,,"IBF","International boxing federation ","IBF","organisme fédérateur international ","fib (ifb)","Federación Internacional de Boxeo ","IBF","Internationaler Boxverband. ","IBF","International Boxing Federation ","国際ボクシング連盟","国際ボクシング連盟 "
"http://cv.iptc.org/newscodes/subjectcode/15014020","subj:15014020",,,"subj:15014020",,,"WBA","World boxing association ","WBA","organisme fédérateur international ","amb (wba)","Asociación Mundial de Boxeo ","WBA","Weltboxverband ","WBA","World Boxing Association ","世界ボクシング協会","世界ボクシング協会 "
"http://cv.iptc.org/newscodes/subjectcode/15014021","subj:15014021",,,"subj:15014021",,,"WBC","World boxing council ","WBC","organisme fédérateur international ","cmb (wbc)","Consejo Mundial de Boxeo ","WBC","Weltboxrat ","WBC","World Boxing Council ","世界ボクシング評議会","世界ボクシング評議会 "
"http://cv.iptc.org/newscodes/subjectcode/15014022","subj:15014022",,,"subj:15014022",,,"WBO","World boxing organisation ","WBO","organisme fédérateur international ","omb (wco)","Organización Mundial de Boxeo ","WBO","Weltboxorganisation ","WBO","World Boxing Organisation ","世界ボクシング機構","世界ボクシング機構 "
"http://cv.iptc.org/newscodes/subjectcode/15014023","subj:15014023",,,"subj:15014023",,,"French boxing","Combat sport in which kicking with all parts of the feet are permitted and punching with the front of the fist is also allowed ","Boxe française","sport de combat utilisant des mouvements de percussion (coups) qui permettent de frapper avec toutes les surfaces des pieds et le devant des poings ","boxeo francés","Deporte de combate en el cual se permite dar patadas y golpear con la parte frontal del puño. ","Französisch Boxen","Kampfsportart bei der alle Teile des Fußes treten dürfen und schlagen mit dem vorderen Teil der Fäuste ebenfalls erlaubt ist. ","Pugilato francese","Lotta sportiva nella quale sono permessi calci con ogni parte del piede e pugni con la loro parte frontale ","フレンチボクシング","足のすべての部分でキックが許され、かつ、拳の正面でパンチすることも許可される格闘技 "
"http://cv.iptc.org/newscodes/subjectcode/15014024","subj:15014024",,,"subj:15014024",,,"Thai boxing","Form of boxing involving punches with fists, feet, knees, elbows and legs. ","Boxe Thai","sport de combat qui utilise les frappes avec les poings,les pieds, les tibias, les genoux et le coude ","boxeo tailandés","Forma de boxeo que permite el uso de puños, pies, rodillas, codos y piernas. ","Thai Boxen","Form des Boxens mit Faustschlägen, Füßen, Knien, Elbögen und Beinen. ","Pugilato thai","Forma di pugilato in cui è permesso picchiare con pugni, piedi, ginocchia, gomiti e gambe ","タイ式ボクシング","こぶし、足、ひざ、肘と足の殴打を要するボクシングスタイル "
"http://cv.iptc.org/newscodes/subjectcode/15015000","subj:15015000",,"subj:15015000",,,,"canoeing and kayaking","races in either 'white' or 'dead' water ","Canoë-kayak","course entre embarcations en eaux vives ou eaux calmes ","canotaje y kayak","Carreras de embarcaciones en aguas calmas o turbulentas. ","Kanu und Kajak","Rennen sowohl in wilden, als auch toten Gewässern. ","Canoa, Kayak","Corse in imbarcazioni in acque calme o agitate ","カヌー・カヤック","急流または、静水におけるレース "
"http://cv.iptc.org/newscodes/subjectcode/15015001","subj:15015001",,,"subj:15015001",,,"Slalom","White water course set out with gates consisting of two poles suspended vertically over the water. Competitors must negotiate the gates or face penalties ","Slalom","course en eaux vives sur un parcours matérialisé par des portes formées de 2 perches suspendues verticalement au-dessus de l'eau ","slalom acuático","Disciplina en aguas vivas"" que consiste en atravesar puertas compuestas de dos varas suspendidas verticalmente en el agua. Los competidores deben atravesar las mismas. ""","Kanuslalom","Wildwasserstrecke, die mit Toren ausgeweisen wird, die vertikal zwischen zwei Pfosten über das Wasser verlaufen. Wettkämpfer müssen die Brücken passieren oder erhalten Strafpunkte. ","Slalom","Discesa in acque agitate su un percorso indicato da porte costituite da pali sospesi verticalmente sulla superficie dell'acqua ","スラローム","急流のコースに、水の上に垂直に浮かぶ２本のポールからなるゲートを並べる。競技者は、ゲートを通り抜けなければならない。そうしなければ、ペナルティーを受ける "
"http://cv.iptc.org/newscodes/subjectcode/15015002","subj:15015002",,,"subj:15015002",,,"200 m","race held over 200m ","200m","course en ligne sur 200m ","200m","Carrera sostenida sobre 200 metros lineales. ","200 m","Rennen über eine Strecke von 200 m ","200 m","Corsa su 200 m ","２００ｍ","200mの距離で開催されるレース "
"http://cv.iptc.org/newscodes/subjectcode/15015003","subj:15015003",,,"subj:15015003",,,"500 m","race held over 500m ","500m","course en ligne sur 500m ","500m","Carrera sostenida sobre 500 metros lineales. ","500 m","Rennen über eine Strecke von 500 m ","500 m","Corsa su 500 m ","５００ｍ","500mの距離で開催されるレース "
"http://cv.iptc.org/newscodes/subjectcode/15015004","subj:15015004",,,"subj:15015004",,,"1000 m","race held over 1000m ","1000m","course en ligne sur 1000m ","1000m","Carrera sostenida sobre 1000 metros lineales. ","1000 m","Rennen über eine Strecke von 1000 m ","1000 m","Corsa su 1000 m ","１０００ｍ","1000mの距離で開催されるレース "
"http://cv.iptc.org/newscodes/subjectcode/15015005","subj:15015005",,,"subj:15015005",,,"K1","an enclosed boat with the competitor sitting on a fixed seat for one person using a double bladed paddle ","K1","Kayak une place (bateau fermé et l'athlète pagaie en position assise à l'aide d'une pagaie double) ","k1","Embarcación para una persona sentada en asiento fijo con remo de dos extremos. ","K1","Ein geschlossenes Boot, worin die Wettkämpfer in festen Sitzen sitzen und ein Doppelpaddel benutzen. ","K1","Imbarcazione chiusa ad un posto in cui il concorrente è seduto su un sedile fisso e usa una pagaia ","カヤックシングル","1人乗りの座席が固定され囲いがあるボートの競技で一対のパドルを使う "
"http://cv.iptc.org/newscodes/subjectcode/15015006","subj:15015006",,,"subj:15015006",,,"K2","an enclosed boat with the competitor sitting on a fixed seat for two people using double bladed paddles. ","K2","Kayak deux places (bateau fermé et les athlètes pagaient en position assise à l'aide d'une pagaie double) ","k2","Embarcación para dos personas sentadas en asiento fijo con remo de dos extremos. ","K2","Ein geschlossenes Boot in dem die Wettkämpfer zu zweit in einem festen Sitz sitzen und ein Doppelpaddel benutzen. ","K2","Imbarcazione chiusa a due posti in cui i concorrenti usano pagaie ","カヤックペア","2人乗りの座席が固定され囲いがあるボートの競技で一対のパドルを使う "
"http://cv.iptc.org/newscodes/subjectcode/15015007","subj:15015007",,,"subj:15015007",,,"K4","an enclosed boat with the competitor sitting on a fixed seat for four people using double bladed paddles. ","K4","Kayak quatre places (bateau fermé et les athlètes pagaient en position assise à l'aide d'une pagaie double) ","k4","Embarcación para cuatro personas sentadas en asiento fijo con remo de dos extremos. ","K4","Ein geschlossenes Boot in dem die Wettkämpfer zu viert in einem festen Sitz sitzen und ein Doppelpaddel benutzen. ","K4","Imbarcazione chiusa a quattro posti in cui i concorrenti usano pagaie ","カヤックフォア","4人乗りの座席が固定され囲いがあるボートの競技で一対のパドルを使う "
"http://cv.iptc.org/newscodes/subjectcode/15015008","subj:15015008",,,"subj:15015008",,,"C1","One-seater canoe (open boat with competitor using a single bladed paddle. ","C1","Canoë une place (bateau ouvert. L'athlète prend appui sur sa jambe avant fléchie et le genou de la jambe arrière. Il se propulse avec une pagaie simple). ","c1","Canoa abierta para una persona, que utiliza remo de un solo extremo. ","C1","Einsitzer Kanu (offenes Boot) mit Wettkämpfern die ein Einzelpaddel benutzen. ","C1","Canoa ad un posto, il concorrente usa un remo ad una pala ","カナディアンシングル","1人乗りカヌー(デッキなし)競技者は片側のみブレードのついたパドルを使用する "
"http://cv.iptc.org/newscodes/subjectcode/15015009","subj:15015009",,,"subj:15015009",,,"C2","Two-seater canoe (open boat) - competitors use a single bladed paddle. ","C2","Canoë deux places (bateau ouvert. Les athlètes prennent appui sur leur jambe avant fléchie et leur genou de la jambe arrière. Ils se propulsent avec une pagaie simple). ","c2","Canoa abierta para dos personas, utilizando remo de un solo extremo. ","C2","Zweisitzer Kanu. (offenes Boot) mit Wettkämpfern die ein Einzelpaddel benutzen. ","C2","Canoa a due posti, i concorrenti usano un remo ad una pala ciascuno ","カナディアンペア","2人乗りカヌー(デッキなし)競技者は片側のみブレードのついたパドルを使用する "
"http://cv.iptc.org/newscodes/subjectcode/15015010","subj:15015010",,,"subj:15015010",,,"C4","Four-seater canoe (open boat) with each competitor using a single bladed paddle. ","C4","Canoë quatre places (bateau ouvert. Les athlètes prennent appui sur leur jambe avant fléchie et leur genou de la jambe arrière. Ils se propulsent avec une pagaie simple). ","c4","Canoa para cuatro personas, utilizando remo de un solo extremo. ","C4","Viersitzer Kanu (offenes Boot) mit Wettkämpfern die ein Einzelpaddel benutzen. ","C4","Canoa a quattro posti, i concorrenti usano un remo ad una pala ciascuno ","カナディアンフォア","4人乗りカヌー(デッキなし)競技者は片側のみブレードのついたパドルを使用する "
"http://cv.iptc.org/newscodes/subjectcode/15015011","subj:15015011",,,"subj:15015011",,,"canoe sailing","A race involving a canoe equipped with a sail. ","Canoe à voile","course de canoë à voile ","canoa a vela","Carrera que involucra a canoas con una vela. ","Kanusegeln","Ein Rennen mit einem Kanu mit Segel. ","Canoa a vela","Una gara su canoa munita di vela ","カヌーセーリング","帆を備えているカヌーが対象のレース "
"http://cv.iptc.org/newscodes/subjectcode/15015012","subj:15015012",,,"subj:15015012",,,"pontoniering","Team sport, military tradition, similar to canoe regatta, in boats ","Pontoniering","sport militaire utilisant des bateaux similaires aux canoës ","none","Deporte colectivo, de tradición militar, similar a la regata de canoas, pero en botes. ","Pontoniering","Mannschaftssport in militärischer Tradition mit Booten, ähnlich der Kanuregatta. ","Pontoniering","Sport di squadra, di tradizione militare, simile alla regata di canoa ma su imbarcazioni ","ポントニーリング","団体競技、軍の伝統、カヌー・レガッタに似ている、漕艇に属する "
"http://cv.iptc.org/newscodes/subjectcode/15016000","subj:15016000",,"subj:15016000",,,,"climbing","mountain sports ","Alpinisme et escalade","sports de montagne ","alpinismo (montañismo)","Escalamiento de una montaña con implementos especiales ","Bergsteigen","Bergsportart ","Alpinismo","Sports alpini consistenti in arrampicate e scalate di pareti di roccia e/o ghiaccio ","クライミング","山のスポーツ "
"http://cv.iptc.org/newscodes/subjectcode/15016001","subj:15016001",,,"subj:15016001",,,"mountaineering","Alpine climbing ","Alpinisme","ascension d'une montagne au travers les rochers, sur parois enneigées et sur glaciers ","escalada alpina","Ascenso de una montaña de paredes nevadas o glaciares. ","Alpinismus","Bergsteigen im Hochgebirge. ","Scalata","Ascensione di una montagna ","登山","(高い)山に登ること "
"http://cv.iptc.org/newscodes/subjectcode/15016002","subj:15016002",,,"subj:15016002",,,"sport climbing","Sport climbing as a special category: individual competition, on an artificial wall with time measurement ","Escalade","sport qui consiste à grimper à mains nues des falaises, rochers ou autres parois verticales ","escalada libre","Escalamiento con distintas categorías: competencia individual, en una pared artificial con límite de tiempo. ","Sportklettern","Sportklettern als Spezialdisziplin: Einzelwettbewerb mit Zeitmessung an einer künstlichen Kletterwand. ","Arrampicata libera","Arrampicata con categorie speciali, Free Climbing ","スポーツ登山","特別な種類であるスポーツ登山。人工壁を登る時間を競う個人競争 "
"http://cv.iptc.org/newscodes/subjectcode/15017000","subj:15017000",,"subj:15017000",,,,"cricket","Ball sport involving two teams of 11 players, balls, bats and wickets. The aim is to score as many runs as possible, and to get the opposing team 'out'. A 'run' involves a player running between two wickets. The opposing team try to get their rivals 'out' ","Cricket","jeu entre deux équipes de onze joueurs. Le but est de défendre un guichet contre la balle du lanceur. On marque des points quand le batteur courant d'un guichet à l'autre, réalise un ou plusieurs aller-retours à condition que la balle soit en jeu. ","cricket","Deporte de pelota con 2 equipos de 11 jugadores. Hay que anotar la mayor carrera posible y dejar fuera"" al otro equipo. Una carrera se completa cuando un jugador corre entre dos bases. Los equipos tratan de defender su valla del lanzamiento rival. ""","Kricket","Ballsport mit zwei Teams je 11 Spielern, Bälle, Schlagholz und Pfostentoren. Das Ziel ist so viele Tore wie möglich zu durchschlagen und das andere Team rauszuschmeißen. Ein Run"" beinhaltet das Rennen eines Spielers zwischen den Pfostentoren. Das gegnerische Team versucht die Konkurrenten rauszuschmeißen. ""","Cricket","Sport con palla che richiede due squadre di 11 giocatori, palle, mazze e porte ","クリケット","11人の選手2チーム、ボール、バット、ウィケットからなる球技。出来るだけ“ラン”をして多くの点を取り、対戦相手の“アウト”を取ることを目的とする。“ラン”は選手が２つのウィケットの間を走ることに関連している。対戦チームは相手チームが“アウト”になるように企てる "
"http://cv.iptc.org/newscodes/subjectcode/15018000","subj:15018000",,"subj:15018000",,,,"curling","A game played on ice with large flat round stones. A player throws the stone, aiming at a target. Team mates of the player who has thrown the stone can sweep the ice in front of the stone to help smooth its path towards the target. ","Curling","sport sur glace qui consiste à placer des pierres le plus près possible du centre d'une cible en les faisant glisser. Les partenaires du lanceur peuvent balayer la glace devant la pierre pour en faciliter la glisse. ","curling","Un juego disputado sobre piso de hielo con fichas chatas y redondas. Un jugador lanza el útil, apuntando a un blanco y sus compañeros pueden barrer"" el piso de hielo delante de la ficha para hacer más ágil su deslizamiento al objetivo. ""","Curling","Ein Spiel, das auf dem Eis gespielt wird mit flachen runden Steinen. Ein Spieler wirft einen Stein gezielt auf eine Zielscheibe. Ein Teamhelfer des Spielers, der geworfen hat, kann das Eis vor dem Stein kehren, damit der Stein besser Richtung Zielscheibe rutscht. ","Curling","Giocato su ghiaccio con pietre piatte e rotonde. Un giocatore lancia la pietra, mirando al bersaglio. I suoi compagni di squadra possono spazzare il ghiaccio davanti alla pietra per facilitare il suo scivolamento verso il bersaglio ","カーリング","大きく平らで丸い石を使って氷の上で行うスポーツ。選手は石を投げ、標的を狙う。石を投げる選手のチームメイトは標的に向かっているコースをスムーズにするために、石の前の氷を掃くことができる "
"http://cv.iptc.org/newscodes/subjectcode/15018001","subj:15018001",,,"subj:15018001",,,"icestock sport","Similar to curling, played on targets on ice, different stones with straight handle and different rules, played in alpine countries ","Crosse sur glace","sport variante du curling généralement pratiquée en pelin air qui consiste à placer des pierres avec une poignée le plus près possible d'une cible en les faisant glisser sur la glace. ","deporte icestock","Similar al curling, pero con diferentes fichas (con mango derecho) y reglas distintas, jugado en los países alpinos. ","Eisstockschießen","Ähnlich dem Curling, wird auf Ziele auf dem Eis gespielt, anderer Spielstein mit geradem Stockgriff und abweichenden Regeln, vornehmlich in Alpenländern gespielt.","Icestock sport","Simile al curling, giocato con bersagli sul ghiaccio, ma con pietre diverse con impugnatura diritta e regole diverse ","アイスストック","カーリングと似ていて、氷の上で標的に向かってプレーする。まっすぐなハンドルのついた石とルールが(カーリングとは)異なり、アルプスの国々で行われる "
"http://cv.iptc.org/newscodes/subjectcode/15019000","subj:15019000",,"subj:15019000",,,,"cycling","A race over a given distance on bicycles. ","Cyclisme","Parcourir une distance donnée à bicyclette le plus rapidement possible. ","ciclismo","Una carrera sobre una distancia dada en bicicleta de competición. ","Radsport","Ein Rennen auf Fahrrädern über eine vorgegeben Distanz. ","Ciclismo","Una corsa di bicicletta tenuta su una data distanza ","自転車","自転車に乗って、決められた距離を競うレース "
"http://cv.iptc.org/newscodes/subjectcode/15019001","subj:15019001",,,"subj:15019001",,,"track","A race staged on a track in a velodrome ","piste","course se déroulant sur une piste de vélodrome ","pista","Una carrera de velocidad en pista de velódromo ","Bahnradsport","Ein Rennen auf einer Strecke in einem Velodrom. ","Pista","Una corsa tenuta sulle piste di un velodromo ","トラック","競輪場内のトラックで行われるレース "
"http://cv.iptc.org/newscodes/subjectcode/15019002","subj:15019002",,,"subj:15019002",,,"pursuit","Two cyclists or teams set off from midway down opposite straights and try to make up the gap between them. ","poursuite","deux coureurs ou équipes placés au milieu des lignes droites doivent essayer de se rejoindre sur une distance déterminée ","persecución","Dos ciclistas o equipos de ciclistas salen de puntos medios distintos de una pista y tratan de reencontrarse en una distancia determinada.. ","Pursuit","Zwei Radfahrer oder Teams starten von zwei Seiten gegenüber und versuchen die Lücke zwischen sich aufzuholen. ","Inseguimento","Due ciclisti o squadre partono da punti medi e opposti delle piste cercando di appianare il loro distacco ","個人追い抜き","2人、若しくは2チームがあい対する直線の真ん中からスタートして、差を競う自転車レース "
"http://cv.iptc.org/newscodes/subjectcode/15019003","subj:15019003",,,"subj:15019003",,,"Olympic sprint","Qualifying race held over 200m. From the quarter-finals two cyclists go head-to-heads. By teams races consist of three cyclists from different countries. ","Sprint Olympique","Un tour de qualification se fait au temps sur 200 m. A partir des quarts de finale, matches à 2 en deux manches gagnantes. Par équipes, l'épreuve se déroule avec 3 sprinteurs par pays qui s'effacent l'un après l'autre à la fin de chaque tour. ","carrera olímpica","Carrera de clasificación en competencia olímpica sostenida sobre 200 metros. Desde los cuartos de final dos ciclistas van mano a mano, mientras que por equipos la carrera consiste en tres ciclistas de distintos países. ","Olympischer Sprint","Qualifikationsrennen über 200 m. Nach dem Viertel-Finale starten zwei Radfahrer Kopf an Kopf. Bei Mannschaftsrennen bestehend aus drei Radfahrern aus unterschiedlichen Ländern. ","Sprint olimpico","Corsa di qualificazione tenuta sui 200 m ","チームスプリント","予選は200m超で行われる。準々決勝からは2人が並んで行う。チームによっては異なった国からの3人の自転車選手によって競技を行う "
"http://cv.iptc.org/newscodes/subjectcode/15019004","subj:15019004",,,"subj:15019004",,,"sprint","Races between two cyclists over two or three laps, with a timed sprint finish over the last 200m. ","vitesse","épreuve qui se court à 2 et en 2 manches sur 2 ou 3 tours de piste. Le sprint s'effectue sur les derniers 200 mètres qui sont chronométrés ","embalaje","Carreras entre dos ciclistas sobre dos o tres vueltas, con un sprint final cronometrado en los últimos 200 metros. ","Sprint","Rennen zwischen zwei Radfahrern über zwei oder drei Runden, mit einem gestoppten Sprint über die letzten 200 m. ","Sprint","Corse tra due ciclisti in due o tre giri di pista, con uno scatto finale cronometrato negli ultimi 200 metri ","スプリント","2または3ラップ以上で2人の自転車選手間で行われるレース。ラスト200mあたりからスプリントが行われる "
"http://cv.iptc.org/newscodes/subjectcode/15019005","subj:15019005",,,"subj:15019005",,,"Keirin","Sprint between six cyclists where a pacemaker on a moped gradually increases the pace over the first 1400m. When the pacemaker leaves the track the race develops into a sprint finish over the final 6-700m. ","Keirin","Sprint à 6 : Lors des premiers 1400 mètres, l'allure des coureurs est réglée par un entraîneur sur un engin à propulsion électrique. Celui-ci accélère progressivement et quitte la piste à 6-700 mètres de l'arrivée. ","keirin","Embalaje entre seis ciclistas donde uno marca el paso e incrementa gradualmente la velocidad en los primeros 1.400 metros. Cuando el que marca el paso sale de pista la carrera se desarrolla en un embalaje final de 600 a 700 metros. ","Keirin","Sprint zwischen sechs Radfahrern, bei dem ein Tempomacher auf einem Moped das Tempo über die ersten 1400 m beschleunigt. Wenn der Tempomacher die Bahn verlässt, entwickelt sich das Rennen zu einem Endspurt über die letzten 6-700 Meter. ","Keirin","Gara tra sei ciclisti dove un motociclo aumenta gradualmente la velocità e l'andatura lungo i primi 1400 metri. Quando il motociclo lascia la pista, la corsa prosegue con uno scatto finale negli ultimi 6-700 m ","競輪","6選手で行われるスプリントで、最初の1400mで、モペットに乗ったペースメーカーがペースを徐々にあげていく。ペースメーカーが待避した後、最後の600～700メートルで勝負が決まる "
"http://cv.iptc.org/newscodes/subjectcode/15019006","subj:15019006",,,"subj:15019006",,,"points race","Cyclists aim to complete the highest number of laps. Bonus points are picked up in intermediate sprints held every 2500m. ","Course aux points","les coureurs doivent parcourir la plus grande distance en nombre de tours complets.Ceux qui terminent dans le même tour obtiennent des points supplémentaires gagnés lors des sprints intermédiaires (tous les 2500m) ","carrera por puntos","Los ciclistas apuntan a completar el mayor número posible de vueltas. Puntos extra son recogidos en embalajes intermedios cada 2.500 metros. ","Punkterennen","Radfahrer die die höchste Anzahl an Runden zu erreichen versuchen. Sonderpunkte sind möglich durch Zwischensprints alle 2500 Meter. ","Corsa a punti","I ciclisti mirano a completare il maggior numero di giri (di pista). Dei punti extra sono assegnati in scatti intermedi ogni 2500 m ","ポイントレース","選手はより多く周回することを目指す。ボーナスポイントは2500m毎に加算される "
"http://cv.iptc.org/newscodes/subjectcode/15019007","subj:15019007",,,"subj:15019007",,,"Madison race","A points race by teams comprising two cyclists in relay-format. ","course à l'Américaine","course aux points par équipes constituées de deux coureurs qui se relayent. ","carrera madison","Carrera de puntos entre equipos que comprenden dos ciclistas en formato de relevos. ","Madison Race","Punkterennen mit Teams von zwei Radfahrern als Staffel. ","Madison","Corsa a punti in squadra di due ciclisti sotto forma di staffetta ","マディソン","2人一組のチーム同士がポイントを競い合う自転車リレー競争 "
"http://cv.iptc.org/newscodes/subjectcode/15019008","subj:15019008",,,"subj:15019008",,,"500 m time trial","Individual race against the clock over 500m for women. ","500 m contre la montre","Contre-la-montre individuel, départ arrêté sur 500 m pour les dames. Le coureur est seul en piste. ","500 metros contrarreloj","Carrera individual contrarrreloj sobre 500 metros para mujeres. ","500 m Zeitfahren","Einzelrennen gegen die Uhr über 500 m für Frauen. ","Cronometro 500 m donne","Corsa femminile individuale contro il tempo di 500m ","５００ｍタイムトライアル","500mのタイムを測定する女子個人レース "
"http://cv.iptc.org/newscodes/subjectcode/15019009","subj:15019009",,,"subj:15019009",,,"1 km time trial","Individual race over 1000m against the clock for men. ","1 km contre la montre","Contre-la-montre individuel, départ arrêté, de 1000 m pour les messieurs. Le coureur est seul en piste. ","1.000 metros contrarreloj","Carrera individual contrarreloj sobre 1.000 metros para hombres. ","1km Zeitfahren","Einzelrennen über 1000 m gegen die Uhr für Männer. ","Cronometro 1 km uomini","Corsa maschile individuale contro il tempo di 1000m ","１ｋｍタイムトライアル","1000mのタイムを測定する男子個人レース "
"http://cv.iptc.org/newscodes/subjectcode/15019010","subj:15019010",,,"subj:15019010",,,"one hour","Competitors aim to complete as many kilometres as possible in one hour. ","1 heure","parcourir les plus de kilomètres possibles en une heure ","una hora en carretera","Ciclistas tratan de sumar la mayor cantidad posible de kilómetros en ruta durante una hora. ","Stundenrennen","Wettkämpfer versuchen in einer Stunde so viele Kilometer zurückzulegen wie möglich. ","Ora","I concorrenti mirano a percorrere più km possibili nell'arco di un'ora ","１時間","選手は1時間でできる限り多くの距離を目標とする "
"http://cv.iptc.org/newscodes/subjectcode/15019011","subj:15019011",,,"subj:15019011",,,"road race","Road race with all the competitor starting en masse. ","Course en ligne","course sur route avec les coureurs partant tous ensemble ","prueba de ruta","Todos los ciclistas largan en masa (pelotón) a la ruta. ","Straßenrennen","Straßenrennen bei dem alle Wettkämpfer in der Masse starten. ","Strada","Corsa su strada con tutti i concorrenti fatti partire insieme ","ロードレース","全選手が一斉にスタートするレース "
"http://cv.iptc.org/newscodes/subjectcode/15019012","subj:15019012",,,"subj:15019012",,,"road time trial","A race or stage against the clock with each cyclist setting off individually. ","Contre la montre","course ou étape où chaque coureur part séparément avec un classement au temps ","carrera contrarreloj","Carrera contrarreloj donde cada ciclista larga individualmente. ","Einzelzeitfahren","Rennen oder Etappe gegen die Uhr, bei dem jeder Radfahrer einzeln startet. ","Cronometro su strada","Corsa o tappa contro il tempo con ogni ciclista fatto partire individualmente ","ロードタイムトライアル","レースまたはある区間で、個々にスタートし、選手それぞれの所要時間を競う "
"http://cv.iptc.org/newscodes/subjectcode/15019013","subj:15019013",,,"subj:15019013",,,"staging race","A race disputed by teams with the classifications determined by the combined times over a day. ","Course à étapes","course disputée par équipes avec classement établi par addition de temps sur une journée ","carrera por etapas","Carrera disputada por equipos con las clasificaciones de los equipos determinadas por los resultados combinados de cada día. ","Etappenrennen","Rennen, was in Teams stattfindet, die sich qualifizieren über die Kombination der Zeiten eines Tages. ","Corsa a tappe","Una corsa disputata in squadre con la classifica determinata dai tempi combinati di ogni giorno; Giro, Tour ecc. ","ステージレース","数日間をかけて競い合うレース "
"http://cv.iptc.org/newscodes/subjectcode/15019014","subj:15019014",,,"subj:15019014",,,"cyclo-cross","Staged on various surfaces - earth, grass, sand or tarmac. ","cyclo-cross","Le cyclo-cross se pratique sur un sol accidenté et des surfaces diverses (terre, herbe, sable, macadam). ","ciclocross","Ciclismo por etapas sobre varias superficies: tierra, pasto, arena o sintético. ","Querfeldein/Cross","Ausgetragen auf unterschiedlichen Oerflächen - Erde, Grass, Sand oder Asphalt. ","Ciclocross","Corsa disputata su un suolo accidentato e su superfici diverse ","シクロクロス","土、草地、砂地、舗装道路等の様々な路面状況が舞台の競技 "
"http://cv.iptc.org/newscodes/subjectcode/15019015","subj:15019015",,,"subj:15019015",,,"Vtt","Mountain bikes ","Le VTT","compétition de vélo tout terrain ","vtt","Competencia de bicicletas de montaña ","Mountainbike","Mountain Bikes ","Mountain bike","Competizione con bicicletta da montagna ","マウンテンバイク","マウンテンバイク "
"http://cv.iptc.org/newscodes/subjectcode/15019016","subj:15019016",,,"subj:15019016",,,"Vtt-cross","An endurance race on mountain bikes around a 10km circuit over various terrain and with different degrees of slopes. Competitors are not allowed any exterior help. ","Vtt cross","discipline d'endurance sur circuits d'une longueur par boucle de près de 10 km avec un dénivelée allant jusqu'à 400 m aux 10 km. Le coureur effectue le parcours sans aucune aide extérieure ","vtt-cross","Una carrera de resistencia en bicicletas montaña en un circuito de 10 km sobre superficies varias y con subidas con distintos grados. Los competidores no tienen permitida ayuda externa. ","Mountainbike-Cross","Ausdauerrennen auf Mountainbikes über eine 10 km Strecke in unterschiedlichem Gelände und verschiedenen Steigungsgraden. Wettkämpfer dürfen keine Hilfe von außen annehmen. ","Mountain bike cross","Una corsa di resistenza su biciclette da montagna con un circuito di 10 km su vari terreni e con vari gradi di pendenze. ","クロスカントリー","一周10ｋｍ以上の変化に富んだ傾斜と起伏のサーキットをまわるマウンテンバイクの耐久レース。出場者は一切の支援を受けられない "
"http://cv.iptc.org/newscodes/subjectcode/15019017","subj:15019017",,,"subj:15019017",,,"Vtt-downhill","Individual mountain bike race against the clock staged on a downhill circuit featuring obstacles. ","Vtt descente","épreuve individuelle contre la montre sur un profil descendant parsemé d'obstacles ","vtt-colina abajo","Descenso colina abajo y de carácter individual con bicicletas montaña, contrarreloj y esquivando distintos obstáculos. ","Mountainbike-Abfahrt","Einzelrennen auf dem Mountainbike gegen die Uhr, ausgetragen auf einer Strecke bergab mit Hindernissen. ","Mountain bike fondovalle","Corsa a cronometro individuale su bicicletta da montagna su un circuito a fondovalle con ostacoli ","ダウンヒル","障害物が特徴の下り坂サーキットを使用したマウンテンバイクレースで、個々にタイムを競う "
"http://cv.iptc.org/newscodes/subjectcode/15019018","subj:15019018",,,"subj:15019018",,,"bi-crossing","A race where competitors have to cover a circuit with obstacles as quickly as possible. ","Bicross","Discipline qui se déroule sur une piste parsemée d'obstacles que les pilotes doivent franchir le plus rapidement possible. ","bicicross","Carrera en la que los participantes deben cubrir un circuito con obstáculos, tan rápido le sean posible. ","BMX","Rennen, bei dem die Wettkämpfer eine Strecke mit Hindernissen so schnell wie möglich zurücklegen müssen. ","Bicrossing","Corsa in cui i concorrenti devono coprire il più velocemente possibile un circuito con ostacoli ","バイクロス","出来るだけ早くサーキット上の障害物を乗り越えるレース "
"http://cv.iptc.org/newscodes/subjectcode/15019019","subj:15019019",,,"subj:15019019",,,"trial","A timed race in which competitors on mountain bikes must negotiate tricky terrain and obstacles without putting their feet down. ","VTT trial","L'épreuve trial consiste à franchir des zones (naturelles ou artificielles) qui font appel à des notions d'équilibre et de maîtrise du vélo sans avoir d'appuis autres que les pneus. ","trial","Una carrera donde los competidores en sus bicicletas montaña deben sortear complejos obstáculos, sin apoyar sus pies en el terreno. ","Trial","Eine gestoppte Strecke auf der die Wettkämpfer schwieriges Gelände und Hindernisse auf Mountainbikes bewältigen müssen, ohne dass die Füße den Boden berühren dürfen. ","Trial","Corsa cronometrata durante la quale i concorrenti su mountain bikes devono superare un terreno rischioso e degli ostacoli senza appoggiare i piedi a terra ","トライアル","トリッキーな地形と障害物を、地面に足をつけずにマウンテンバイクで時間内に越えなければならないレース "
"http://cv.iptc.org/newscodes/subjectcode/15019020","subj:15019020",,,"subj:15019020",,,"artistic cycling","Individual or teams on one or two bicycles in an arena. Points are awarded by a jury. ","Cyclisme artistique","discipline en salle qui consiste à faire des figures acrobatiques sur un vélo spécialement construit pour ce sport ","ciclismo artístico","Competencia individual o en equipos, en bicicletas especiales con las que deben practicar acrobacias o maniobras planificadas. Un jurado otorga puntos. ","Kunstfahren","Einzelne oder Mannschaften auf einem oder zwei Fahrrädern in einer Arena. Punkte werden durch eine Jury vergeben. ","Ciclismo acrobatico","Disciplina nella quale i concorrenti devono fare delle figure artistiche su una bicicletta appositamente costruita per questo sport ","サイクルフィギュア","アリーナ内にて、1台あるいは2台の自転車を使用し個人かチームで行う。ポイントは審判員によって与えられる "
"http://cv.iptc.org/newscodes/subjectcode/15019021","subj:15019021",,,"subj:15019021",,,"cycle ball","Competitive team sport using bicycles. One team against another with two persons per team. The aim is for competitors to move the ball using the front and rear wheels without letting their feet touch the ground. ","Cycle balle","Jeu de ballon se pratiquant à vélo à deux contre deux. Les joueurs utilisent les roues avant et arrière du vélo pour déplacer la balle sans poser le pied par terre ","bicibol (fútbol en bicicleta)","Deporte competitivo con bicicletas. El objetivo de cada equipo de dos jugadores es mover la pelota hacia la valla rival utilizando ambas ruedas sin que sus pies toquen el suelo. ","Radball","Mannschaftswettbewerb auf Kunsträdern. Ein Radballteam spielt gegen ein anderes, bestehend aus jeweils zwei Spielern. Das Ziel der Wettkämpfer ist den Ball mit den Vorder- und Hinterrädern zu bewegen ohne mit den Füßen den Boden zu berühren. ","Ciclopalla","Sport di pallone nel quale i due concorrenti che si fronteggiano devono muovere la palla usando la ruota posteriore e anteriore della bicicletta senza appoggiare i piedi a terra ","サイクルサッカー","自転車を使用する団体競技。1つのチームあたり2人で、チーム同士で対戦する。やり方は、競技者が足を地面につけずに前後の車輪を使ってボールを動かす。 "
"http://cv.iptc.org/newscodes/subjectcode/15020000","subj:15020000",,"subj:15020000",,,,"dancing","Dancing competition where couples are judged on technique and interpretation. ","Danse sportive","concours de danse où les couples sont jugés sur le plan technique et de l'interprétation ","danza","Competencia de danza donde las parejas son juzgadas por su técnica e interpretación. ","Tanzen","Tanzwettbewerb, wo Paare in Technik und Interpretation bewertet werden. ","Danza","Competizione di danza in cui delle coppie sono giudicate sulla loro tecnica e interpretazione ","ダンス","カップルのテクニックと演技力を審査する競技 "
"http://cv.iptc.org/newscodes/subjectcode/15021000","subj:15021000",,"subj:15021000",,,,"diving","Competitors dive off a fixed or spring board and are assessed by seven judges giving marks up to ten for their acrobatic moves. ","Plongeon","Le plongeur s'élance d'un tremplin ou d'une plate-forme rigide. Il réalise des figures acrobatiques notées sur 10 par 7 juges. ","clavados","Competidores (clavadistas) se lanzan al agua desde una plataforma fija o un trampolín y sus saltos (clavados) son juzgados por siete jueces. El puntaje máximo para las acrobacias es de 10 puntos. ","Turm- und Brettspringen","Wettkämpfer springen von einem festen oder Sprungbrett und werden von sieben Richtern in einer Skala von 10 Punkten für akrobatische Figuren bewertet. ","Tuffi","I concorrenti si tuffano da un trampolino o una piattaforma e sono valutati da una giuria composta da sette giudici che danno punti da uno fino a dieci per i loro movimenti acrobatici ","飛び込み","選手は固定されている飛込台か飛板から飛び込み、7人の審判がそのアクロバチックな動きを10点満点で採点する "
"http://cv.iptc.org/newscodes/subjectcode/15021001","subj:15021001",,,"subj:15021001",,,"10 m platform","Divers take off from a ten metre high platform. ","Haut vol 10 m","Les sauts sont réalisés à partir d'une plate-forme haute de 10 mètres ","10 metros plataforma","Competidores se lanzan al agua desde una plataforma fija de 10 metros de altura. ","10m Plattform","Springer starten von einer 10 m hohen Plattform. ","Piattaforma 10m","I concorrenti si tuffano da una piattaforma a dieci metri d'altezza ","高飛び込み","ダイバーは高さ10メートルのプラットフォームから飛び込みを行う "
"http://cv.iptc.org/newscodes/subjectcode/15021002","subj:15021002",,,"subj:15021002",,,"10 m platform synchronised","Two competitors from the same team dive off at the same time from separate platforms. As well as being judged on the standard criteria they are also awarded marks for synchronisation. ","Haut vol synchronisé","sauts réalisés par 2 plongeurs d'une même équipe. Ils exécutent leurs figures à partir d'une plate-forme distincte et, outre les critères traditionnels de jugement, ils sont également notés sur leur synchronisme. ","10 metros plataforma sincronizada","Dos competidores del mismo equipo se lanzan desde distintas plataformas al mismo tiempo. Son juzgados tanto por sus figuras ejecutadas en el agua según estándares comunes y por el grado de sincronización entre ambos. ","10m Synchronspringen Plattform","Zwei Wettkämpfer des gleichen Teams starten von der gleichen oder unterschiedlichen Plattformen. Sie werden zusätzlich zu den Standard-Kriterien auch noch in Synchronisation bewertet. ","Piattaforma 10m sincro","Due concorrenti della stessa squadra si tuffano contemporaneamente da piattaforme diverse e sono giudicati per i criteri standard e anche per la sincronia ","シンクロナイズド高飛び込み","同じチームの2選手が同時に別の台から飛び込む。標準の評価基準で判定されることはもちろん、その同調性に得点を与えられる "
"http://cv.iptc.org/newscodes/subjectcode/15021003","subj:15021003",,,"subj:15021003",,,"3 m springboard","Divers dive from a three-metre high springboard. ","Tremplin 3 m","Les sauts sont réalisés à partir d'un tremplin de 3 mètres ","3 metros trampolín","Competidores se lanzan desde un trampolín ubicado a tres metros sobre el nivel del agua. ","3m Sprungbrett","Springer starten von einem 3 m hohen Sprungbrett. ","Trampolino 3m","I concorrenti si tuffano da un trampolino di tre metri d'altezza ","板飛び込み","飛び込み者は3mの飛板から飛び込む "
"http://cv.iptc.org/newscodes/subjectcode/15021004","subj:15021004",,,"subj:15021004",,,"3 m springboard synchronised","Two competitors from the same team dive off at the same time from separate three-metre high springboards. As well as being judged on the standard criteria they are also awarded marks for synchronisation. ","Tremplin synchronisé 3 m","sauts réalisés par 2 plongeurs d'une même équipe. Ils exécutent leurs figures à partir d'un tremplin distinct et, outre les critères traditionnels de jugement, ils sont également notés sur leur synchronisme. ","3 metros trampolín sincronizado","Dos competidores del mismo equipo se lanzan desde distintos trampolines de tres metros de altura, al mismo tiempo. Son juzgados por las figuras exhibidas y por el grado de sincronización entre ambos. ","3m Synchron Sprungbrett","Zwei Wettkämpfer des gleichen Teams starten von der gleichen oder unterschiedlichen 3 m hohen Plattformen. Sie werden zusätzlich zu den Standard-Kriterien auch noch in Synchronisation bewertet. ","Trampolino 3m sincro","Due concorrenti si tuffano contemporaneamente da due trampolini diversi a tre metri d'altezza e sono giudicati in base ai criteri standard e anche per la sincronia ","シンクロナイズド板飛び込み","同じチームの2人の選手が同時に分割された3mの高さの板飛び込み台から飛び込む。 標準の評価基準で判定されることはもちろん、その同調性に得点を与えられる "
"http://cv.iptc.org/newscodes/subjectcode/15021005","subj:15021005",,,"subj:15021005",,,"subaquatics","Sports like hockey held under water ","Subaquatique","compétition dont les épreuves se déroulent sous l'eau (Hockey, tir, orientation) ","subacuáticos","Deporte como el hockey pero sostenido debajo del agua ","Unterwassersport","Sport wie Hockey, der unter Wasser ausgeübt wird. ","Sport subacquei","Competizioni o prove fatte sott'acqua ","サブアクアティクス","水中で行なわれるホッケーのようなスポーツ "
"http://cv.iptc.org/newscodes/subjectcode/15021006","subj:15021006",,,"subj:15021006",,,"scuba diving","Diving into different depths, with time measurement ","Plongée sous-marine","Plongée à différentes profondeurs avec des bouteilles d'air ","buceo 'scuba'","Bucear con escafandra a distintas profundidades con control de tiempo. ","Sporttauchen","Tauchen in unterschiedlichen Tiefen unter Zeitmessung. ","Immersioni subacquee","Immersioni a diverse profondità sottomarine, Record apnee, ecc. ","スキューバ","時間計測とともに、異なる深さに飛び込むこと "
"http://cv.iptc.org/newscodes/subjectcode/15022000","subj:15022000",,"subj:15022000",,,,"equestrian","Sport involving a horse and rider. ","Equitation","sport mettant en œuvre un couple cavalier et cheval ","equitación","Deporte que involucra a parejas formadas por un jockey (jinete) y caballo . ","Pferdesport","Sport der ein Pferd und einen Reiter umfasst. ","Equitazione","Sport equestri con un cavallo e un fantino ","馬術","馬と騎手がかかわり合うスポーツ "
"http://cv.iptc.org/newscodes/subjectcode/15022001","subj:15022001",,,"subj:15022001",,,"three-day event","Equestrian event involving three disciplines - Dressage, cross-country and show jumping. ","Concours complet","compétition qui combine 3 épreuves se déroulant sur 3 jours (Dressage, endurance et concours hippique) ","evento de tres días-completo","Deporte ecuestre que incluye tres disciplinas: adiestramiento, salto y cross-country (como prueba de fondo). ","Vielseitigkeit","Pferdesport-Ereignis mit drei Disziplinen - Dressur, Geländeritt und Springen. ","Tre Giorni","Competizione equestre con tre discipline nell'arco di tre giorni ","総合馬術","馬場馬術、クロスカントリー、および障害飛越の3つの規律にかかわる馬術競技 "
"http://cv.iptc.org/newscodes/subjectcode/15022002","subj:15022002",,,"subj:15022002",,,"dressage","A rider is judged on a series of moves at three different paces - walk, trot and gallop. ","dressage","épreuve du concours complet; Le cavalier doit faire exécuter par son cheval une série de figures ou mouvements. Le cavalier doit mettre en valeur sa monture aux trois allures, pas, trot et galop. ","adiestramiento de caballos","El jockey debe hacer que su caballo ejecute una serie de movimientos y figuras y es juzgado según tres pasos diferentes: caminar, trotar y galopar. ","Dressur","Der Reiter wird bewertet in einer Reihe von Figuren in drei verschiedenen Gangarten - Schritt, Trab und Galopp. ","Dressage","Prova di concorso completo in cui il fantino è giudicato in base a tre diverse andature: passo, trotto e galoppo ","馬場馬術","歩き、早足、襲歩と異なった3つのペースの一連の動きで乗り手は判定される "
"http://cv.iptc.org/newscodes/subjectcode/15022003","subj:15022003",,,"subj:15022003",,,"jumping","A rider and horse attempt to jump a series of obstacles in an enclosed arena against the clock. ","Saut d'obstacles","épreuve du concours complet. Le saut d'obstacles consiste à franchir en un minimum de temps une série d'obstacles divers (rivière, barres, mur) sans les faire tomber ","salto de obstáculos","El jinete intenta junto a su caballo saltar en el menor tiempo posible una serie de obstáculos (muro, agua, valla) en una superficie delimitada. ","Springen","Reiter und Pferd versuchen auf Zeit verschiedene Hindernisse zu überspringen in einer geschlossenen Arena. ","Salto","Prova nella quale fantino e cavallo tentano il salto di una serie di ostacoli all'interno di un'arena entro un tempo stabilito ","障害飛越","騎手と馬は制限時間以内に、囲われた競技場の一連の障害を跳ぶのを試みる "
"http://cv.iptc.org/newscodes/subjectcode/15022004","subj:15022004",,,"subj:15022004",,,"cross country","Equestrian event held on a designated circuit in the countryside featuring artificial and natural obstacles. ","Cross-country","épreuve du concours complet. Parcours tracé à travers la campagne comportant des obstacles fixes et naturels ","cross country (campo traviesa)","Evento ecuestre sostenido sobre un circuito con obstáculos naturales y artificiales. ","Geländeritt","Pferdesport-Ereignis in einem markierten Gelände im Freien mit natürlichen und künstlichen Hindernissen. ","Cross-Country","Prova su un circuito tracciato in campagna con ostacoli artificiali e naturali ","クロスカントリー","人工物や自然の障害物を利用した地方のサーキットで行われる馬術競技 "
"http://cv.iptc.org/newscodes/subjectcode/15023000","subj:15023000",,"subj:15023000",,,,"fencing","Combat sport using a sword or foil. ","Escrime","sport de combat pratiqué avec une épée ou un sabre ","esgrima","Deporte de combate utilizando una espada, florete o sable. ","Fechten","Kampfsport mit Schwert oder Florett. ","Scherma","Combattimento sportivo in cui si usa un'arma bianca a lama lunga ","フェンシング","剣かフルーレを使用する格闘技 "
"http://cv.iptc.org/newscodes/subjectcode/15023001","subj:15023001",,,"subj:15023001",,,"epee","category of fencing using a weapon with a triangular cross-section blade and a large bell guard. ","Epée","catégorie d'arme pour pratiquer l'escrime : lame rigide et triangulaire emmanchée dans une poignée munie d'une garde ","espada","Categoría de esgrima usando un arma con hoja rígida y de forma triangular, con empuñadura que consta de una protección en forma de campana. ","Degen","Kategorie des Fechtens mit einer Waffe, die aus einer dreieckigen Querschnittklinge und einem großen Korbschutz (Glocke) besteht. ","Spada","Arma con lama di sezione triangolare che viene usata di punta e che può colpire tutto il corpo ","エペ","三角形の断面を持つ刃と大きな釣り鐘状のガードがついている武器を使用するフェンシング競技のひとつ "
"http://cv.iptc.org/newscodes/subjectcode/15023002","subj:15023002",,,"subj:15023002",,,"foil","category of fencing using a weapon with a rectangular cross-section blade and a small bell guard. ","Fleuret","catégorie d'arme pour pratiquer l'escrime : lame lame flexible et rectangulaire au bout garni de peau ","florete","Categoría de esgrima usando un arma blanca con hoja flexible y rectangular, adosada de una pequeña protección en forma de campana para la mano. ","Florett","Kategorie des Fechtens mit einer Waffe, die aus einer rechteckigen Querschnittklinge besteht und einem kleinen Korbschutz (Glocke) besteht. ","Fioretto","Arma con una lama rettangolare che può colpire solo di punta, il cui bersaglio valido è tutto il tronco ","フルーレ","四角形の断面を持つ刃と小さな釣り鐘状のガードがついている武器を使用するフェンシング競技のひとつ "
"http://cv.iptc.org/newscodes/subjectcode/15023003","subj:15023003",,,"subj:15023003",,,"sabre","a fencing weapon with a flat blade and knuckle guard used with cutting or thrusting moves. ","Sabre","catégorie d'arme pour pratiquer l'escrime: arme à pointe et à tranchant à lame lame flexible et triangulaire ","sable","Categoría de esgrima usando un arma de filo chato con área de protección para los nudillos, empleada con movimientos de corte ante el contrincante. ","Säbel","Eine Fechtwaffe mit einem Handschutz und einer flachen Klinge mit schneidenden und stoßenden Bewegungen. ","Sciabola","Arma con una lama piatta usata con movimenti sferzanti che può colpire con tutta la lama tutta la metà superiore del corpo ","サーブル","フェンシングの武器は拳を守る平らな剣を使用し、斬ったり突いたりする "
"http://cv.iptc.org/newscodes/subjectcode/15024000","subj:15024000",,"subj:15024000",,,,"field Hockey","A ball sport involving two teams of 11 players using curved sticks. The aim is to score as many goals as possible. ","Hockey sur gazon","jeu de balle et de crosse où deux équipes de 11 joueurs essayent de marquer le plus de buts à l'adversaire ","hockey sobre césped","Deporte de pelota entre dos equipos de 11 jugadores que disputan la bocha con bastones de punta curva. El objetivo es anotar la mayor cantidad de goles. ","Feldhockey","Eine Ballsportart mit zwei Teams je 11 Spielern und einem gebogenen Stock. Das Ziel ist so viele Tore zu machen wie möglich. ","Hockey su prato","Sport che vede fronteggiarsi due squadre di 11 giocatori ciascuna che usano dei bastoni curvi per segnare quante più reti all'avversario ","ホッケー","1チームは11人で構成され、曲がったスティツクを用いチーム同士で対戦するボールスポーツ。出来るだけ多くゴールを決め、得点することが目標 "
"http://cv.iptc.org/newscodes/subjectcode/15024001","subj:15024001",,,"subj:15024001",,,"roll hockey","Team sport similar to ice hockey, executed on 4 wheel roller skates with sticks and a ball ","Roll hockey","jeu de balle et de crossse sur patin à roulettes (roller) ","hockey sobre patines","Parecido al hockey hielo, ejecutado sobre patines de cuatro ruedas con bastones y una bocha. ","Rollhockey","Mannschaftssport ähnlich dem Eishockey, gespielt auf vierrädrigen Rollschuhen mit Schlägern und einem Ball. ","Hockey a rotelle","Sport di squadra simile all'hockey sul ghiaccio ma con pattini a quattro ruote, bastoni e una palla ","ローラーホッケー","アイスホッケー同様のチームスポーツ、4輪のローラースケートとスティックとボールで競技する "
"http://cv.iptc.org/newscodes/subjectcode/15025000","subj:15025000",,"subj:15025000",,,,"figure Skating","To obtain the best marks possible from nine judges who award scores after two prepared sections - both skated to music - during which competitors must attempt to achieve the greatest possible harmony between artistic flair and technical precision. ","Patinage artistique","sport individuel ou en couple consistant à effectuer des figures ou des danses sur glace ","patinaje artístico","Los patinadores son juzgados por nueve jueces que otorgan puntos para dos secciones preparadas, en las que deben ejecutar figuras al compás de la música, procurando conjugar armónicamente belleza artística y precisión técnica. ","Eiskunstlauf","Um von neun Punktrichtern die beste Punktzahl zu bekommen in zwei vorbereiteten Bereichen - beide zu Musik gelaufen - müssen die Wettkämpfer die höchst mögliche Harmonie zwischen artistischem Ausdruck und technischer Präzision erreichen. ","Pattinaggio artistico","Disciplina individuale o di coppia che consiste nell'effettuare figure artistiche o danzare su una base musicale ","フィギュアスケート","9人の審判から一番よい採点を得るために、競技者は2つの種目(どちらも音楽に合わせてスケートする)で最高の芸術点と技術点を獲得することを試みる "
"http://cv.iptc.org/newscodes/subjectcode/15025001","subj:15025001",,,"subj:15025001",,,"singles","The individual events comprise a short program which counts for 33.3% of the score, and the free skate which is worth 66.7%. ","Individuel","catégorie du patinage artistique ","individual","El evento individual comprende un programa corto que cuenta en un 33,3% del puntaje y el patinaje libre que vale el restante 66,7%. ","Einzellauf","Dieser Einzelwettbewerb beinhaltet ein kurzes Programm, welches zu 33,3% aus Pflicht und zu 66,7% aus freier Kür besteht. ","Individuale","La prova individuale di pattinaggio artistico ","シングル","個人競技の得点はショートプログラムが33.3%でフリースケートが66.7%からなる "
"http://cv.iptc.org/newscodes/subjectcode/15025002","subj:15025002",,,"subj:15025002",,,"pairs","The pairs event comprise a short program which counts for 33.3% of the score, and the free skate which is worth 66.7%. ","Couple","catégorie du patinage artistique ","pares","Igual que el individual (824) pero en parejas parejas . ","Paarlauf","Dieser Paarwettbewerb beinhaltet ein kurzes Programm, welches zu 33,3% aus Pflicht und zu 66,7% aus freier Kür besteht. ","In coppia","La prova in coppia di pattinaggio artistico ","ペア","ペア競技の得点はショートプログラムが33.3%でフリースケートが66.7%からなる "
"http://cv.iptc.org/newscodes/subjectcode/15025003","subj:15025003",,,"subj:15025003",,,"ice dance","Takes place over three days with, in order, two compulsory dances, the original dance (2min 30sec) and the free dance (4min). ","Danse","catégorie du patinage artistique ","danza sobre hielo","Categoría de patinaje artístico, prueba que tiene lugar en tres días, con dos danzas obligatorias, la original (2 minutos 30 segundos) y la ejecución libre (4 minutos). ","Eistanz","Findet über drei Tage statt in folgender Reihenfolge, zwei obligatorische Tänze, ein origineller Tanz (2,30 min) und ein freier Tanz (4 min). ","Danza sul ghiaccio","Si svolge in tre giorni con, in ordine, due danze obbligatorie, quella originale (2 minuti e 30 secondi) e quella libera (4 minuti) ","アイスダンス","3日間でオリジナルダンス(2分30秒)および自由ダンス(4分)の2つのコンパルソリーフィギュアダンスを順番に行う "
"http://cv.iptc.org/newscodes/subjectcode/15026000","subj:15026000",,"subj:15026000",,,,"freestyle Skiing","Competitors perform a series of breathtaking acrobatic leaps from a prepared jump. Combined with moguls, jumps and ski ballet. ","Ski acrobatique","Le skieur acrobatique effectue des figures en l'air à partir d'un tremplin de neige. C'est un mélange de descente de bosses, de sauts et de ballet à skis. ","esquí estilo libre","Disciplina en la que los competidores realizan una serie de vueltas acrobáticas tras lanzarse desde una rampa, combinando destreza, saltos y ballet en esquí. ","Freestyle Ski","Wettkämpfer zeigen eine Reihe von atemberaubenden akrobatischen Sätzen mit vorbereiteten Sprüngen. Kombiniert mit Trickski, Schanzenspringen und Skiballett. ","Sci Freestyle","I concorrenti eseguono una serie di salti acrobatici da una rampa preparata combinando destrezza, salti e balletto ","フリースタイルスキー","モーグル、ジャンプ、およびスキーバレエを織り交ぜながらジャンプ台から一連の息をのむような離れ業の跳躍を競う競技 "
"http://cv.iptc.org/newscodes/subjectcode/15026001","subj:15026001",,,"subj:15026001",,,"moguls","Contestants attack a heavily moguled slope, performing technically challenging turns and jumps, while maintaining the most direct line from the top to the bottom of the hill. ","Ski de bosses","Les concurrents descendent à skis une piste bosselée tout en ponctuant leur descente de sauts techniques et de vrilles ","descenso en esquí","Los competidores abordan una bajada empinada y ondulada, procurando realizar curvas y saltos, aunque tratando de mantener la línea más recta posible en su descenso desde la cima hasta la parte inferior de la colina. ","Trickski","Wettkämpfer bewältigen eine stark kurvenreiche Steigung, indem sie technische Drehungen und Sprünge zeigen und auf der direkten Linie die Piste herunterfahren. ","Gobbe","I concorrenti scendono per una pista di gobbe realizzando rotazioni e salti cercando di mantenere la linea diretta da cima a fondo ","モーグル","難易度の高い回転やジャンプをして、厳しいこぶ斜面を丘の上から下へ直線的に滑り、ゴールを目指す競技 "
"http://cv.iptc.org/newscodes/subjectcode/15026002","subj:15026002",,,"subj:15026002",,,"aerials","Competitors perform a series of aerial twists and turns from a prepared jump. ","Saut acrobatique","le skieur doit effectuer une série de figures en s'élançant sur des tremplins
 ","salto acrobático","Los esquiadores realizan una serie de acrobacias aéreas y giros a partir de un salto preparado por rampa. ","Schanzenspringen","Wettkämpfer zeigen eine Reihe von Luftsprüngen und Drehungen von einer präparierten Schanze. ","Aereo","I concorrenti realizzano una serie di torsioni e rotazioni partendo da una rampa preparata ","エアリアル","ジャンプ台からの一連の動作で空中でのひねりや回転動作を競う競技 "
"http://cv.iptc.org/newscodes/subjectcode/15026003","subj:15026003",,,"subj:15026003",,,"artistic skiing","Competitors perform a series of artistic moves (jumps and twists) all set to music. The use of ski poles is permitted. ","acroski","exécution sur un rythme musical d' un programme de figures libres (sauts et vrilles) au cours duquel l'appui sur les bâtons est permis ","esquí artístico","Los competidores realizan una serie de movimientos artísticos al compás de la música. El uso de palos de esquí está permitido para realizar los saltos y figuras. ","Skiakrobatik","Wettkämpfer zeigen eine Reihe artistischer Figuren (Sprünge und Drehungen) zu Musik. Die Benutzung von Skistöcken ist verboten. ","Sci artistico","I concorrenti realizzano una serie di movimenti artistici (salti e rotazioni) su base musicale. E'permesso l'uso delle racchette da sci ","アーティスティックスキー","音楽に合わせてジャンプやひねりといった芸術的な一連の動作を競い合う競技。ストックの使用は許されている "
"http://cv.iptc.org/newscodes/subjectcode/15027000","subj:15027000",,"subj:15027000",,,,"golf","Competitors attempt to hit a small white ball with different clubs around a course of 18 holes varying in distance. The object is to make the fewest strokes possible. ","Golf","jeu consistant à placer une balle avec un club dans une série de trous répartis le long d'un parcours, et ce, en moins de coups possible ","golf","Los jugadores deben introducir una pequeña pelota blanca y maciza con diferentes palos en los 18 hoyos, de distancia variable, que conforman el circuito. El objetivo es completar el recorrido en la menor cantidad de golpes posible. ","Golf","Wettkämpfer versuchen einen kleinen weißen Ball mit verschiedenen Schlägern in einem Gelände mit 18 Löchern auf verschiedenen Distanzen einzulochen. Das Ziel ist die wenigsten Schläge zu benötigen. ","Golf","I concorrenti tentano di colpire una piccola palla bianca con mazze di differente tipo lungo un percorso di 18 buche di varia distanza. L'obiettivo è fare meno tiri possibile ","ゴルフ","種類の異なるクラブを使って小さい白いボールを打ちながら、距離の異なる18のコースをまわる競技で、最も少ない打数でまわることが目的 "
"http://cv.iptc.org/newscodes/subjectcode/15028000","subj:15028000",,"subj:15028000",,,,"gymnastics","A sport consisting of a variety of disciplines in which gymnasts perform artistic and acrobatic moves on different apparatus. There are 6 disciplines for men and 4 for women. ","Gymnastique artistique","Sport consistant en une variété d'exercices alliant la force à la souplesse au sol ou sur agrès (6 installations pour les hommes, 4 pour les femmes) ","gimnasia","Deporte de disciplinas variadas en el cual los gimnastas deben realizar movimientos artísticos y acrobáticos en diferentes aparatos. Son seis disciplinas para los hombres y cuatro para las mujeres. ","Turnen","Sport der aus verschiedenen Disziplinen besteht in denen Turner artistische und akrobatische Figuren zeigen an unterschiedlichen Geräten. Es gibt 6 Disziplinen bei den Männern und 4 bei den Frauen. ","Ginnastica","Sport che comprende varie discipline nelle quali gli atleti eseguono movimenti artistici e acrobatici con differenti tipi di attrezzi ","体操","体操選手が異なる器具上で芸術的な離れ業を競い合う、さまざまなルールで構成されるスポーツ。女性4種目と男性6種目の規定競技がある "
"http://cv.iptc.org/newscodes/subjectcode/15028001","subj:15028001",,,"subj:15028001",,,"floor exercise","A gymnastics floor exercise on a 12m/sq matt. ","Sol","exercice de gymnastique pratiquée sur un tapis carré de 12m de coté ","ejercicios en el suelo","Ejercicios de gimnasia en el suelo, sobre un tapete de 12 metros cuadrados de superficie. ","Bodenturnen","Eine gymnastische Bodenübung auf einer 12 m Matte. ","Esercizio a terra","Esercizio praticato a terra su un tappeto di 12mq. ","床運動","12m四方のマット上で行う体操床運動 "
"http://cv.iptc.org/newscodes/subjectcode/15028002","subj:15028002",,,"subj:15028002",,,"vault","gymnasts propel themselves by jumping on a trampoline after running quickly down a 25m lane ","Saut de cheval","Le gymnaste prend son appel sur un petit tremplin disposé devant l'appareil (disposé dans le sens de la longueur) au terme d'une course de 25 m. ","salto con apoyo (potro)","Los gimnastas toman impulso con un salto de un trampolín dispuesto delante del aparato (ubicado en el sentido de su longitud) luego de correr 25 metros. ","Pferdsprung","Turner bringt sich selbst in die Luft durch Abspringen von einem Brett nach einem schellen Lauf von 25 Metern. ","Volteggio","Volteggio dopo aver saltato sull'attrezzo dopo aver preso una rincorsa lungo una corsia di 25m e aver preso slancio su di un piccolo trampolino ","跳馬","体操選手は25mの助走後に踏み切り台を使いジャンプして前に行く "
"http://cv.iptc.org/newscodes/subjectcode/15028003","subj:15028003",,,"subj:15028003",,,"pommel horse","Gymnasts perform an uninterrupted swing motion over a handled horse using balance and strength. ","Cheval d'arçon","excercice de gymnastique qui consiste à effectuer mouvements ininterrompus sur un cheval muni d'arçons en bois ","potro con arcos","Gimnastas interpretan una sesión de movimientos ininterrrumpidos sobre un potro con anillas, combinando balance y fuerza. ","Seitpferd","Turner zeigen einen nicht unterbrochenen Schwung über ein Pferd mit Handgriffen unter Einsatz von Balance und Kraft. ","Cavallo","Movimenti ininterrotti oscillando su un cavallo dotato di maniglie, usando equilibrio e forza ","あん馬","取っ手の付いた鞍馬上をバランスと力で絶え間なく揺れ動く競技 "
"http://cv.iptc.org/newscodes/subjectcode/15028004","subj:15028004",,,"subj:15028004",,,"uneven bars","Gymnasts run through an airborne routine swinging around and between the uneven bars. ","Barres asymétriques","exercice de gymnastique qui consiste réaliser des enchaînements aux barres asymétriques ","barras asimétricas","Gimnasta ejecutan una rutina alrededor y entre las barras asimétricas. ","Stufenbarren","Turner zeigt eine routinierte Schwungfolge zwischen und um die ungleichen Barren herum. ","Parallele asimmetriche","Oscillazione intorno e tra le parallele asimmetriche ","段違い平行棒","体操選手は、段違い平行棒の周りやその空間で演技を行う "
"http://cv.iptc.org/newscodes/subjectcode/15028005","subj:15028005",,,"subj:15028005",,,"parallel bars","Gymnasts swing and turn with guile and grace around the parallel bars. ","Barres parallèles","exercice de gymnastique qui consiste à travailler en suspension à l'établissement d'équilibre sur des barres parallèles ","barras paralelas","Gimnastas ejecutan una rutina en suspensión, procurando movimientos equilibrados entre las barras paralelas. ","Barren","Turner schwingt und kreist mit Leichtigkeit und Grazie an den parallelen Barren. ","Parallele","Oscillazione e rotazione tenendosi alle parallele ","平行棒","体操選手は、平行棒をうまく優美にスイングしたり回ったりする "
"http://cv.iptc.org/newscodes/subjectcode/15028006","subj:15028006",,,"subj:15028006",,,"horizontal bar","Gymnasts turn, spin and perform pirouettes around the horizontal bar. ","Barre fixe","exercice de gymnastique qui consiste à réaliser des tours, bascules et pirouettes et lacher d'une barre fixe ","barra fija","Gimnastas ejecutan rutina de giros, balanceos y piruetas alrededor de la barra horizontal fija. ","Reck","Turner dreht, schwingt und zeigt Pirouetten an dem horizontalen Reck. ","Barra","Rotazioni, giravolte e piroette intorno alla barra orizzontale ","鉄棒","体操選手は、水平な鉄棒の周りで回転、急回転、旋回を行う "
"http://cv.iptc.org/newscodes/subjectcode/15028007","subj:15028007",,,"subj:15028007",,,"rings","Gymnasts perform feats of balance and strength from two suspended rings. ","Anneaux","exercice de gymnastique réalisé au bout d'anneaux suspendus à un portique ","anillas","Los gimnastas demuestran su capacidad de fuerza y equilibrio utilizando dos argollas suspendidas por cintas de cuero. ","Ringe","Turner zeigt Figuren mit Balance und Kraft an den schwingenden Ringen. ","Anelli","Esercizi di equilibrio e forza da due anelli sospesi ","つり輪","体操選手は、2つの吊り輪からバランスと強さの妙技を行う "
"http://cv.iptc.org/newscodes/subjectcode/15028008","subj:15028008",,,"subj:15028008",,,"beam","Gymnasts perform leaps and flips from the much feared balance beam just 10 cm wide. ","Poutre","exercice d'équilibre et de souplesse et de sauts réalisés sur une poutre de 10 cm de largeur à 1,20m du sol ","barra de equilibrio fija (o sueca)","Gimnastas ejecutan su rutina de volteretas y saltos en una barra fija de tan sólo 10 centímetros de ancho y a 1,2 m del suelo. ","Schwebebalken","Turner zeigt Sprünge und Drehungen auf dem meist gefürchteten Schwebebalken mit 10 cm Breite. ","Trave","Salti e piccoli giri sulla trave di equilibrio larga appena 10 cm ","平均台","体操選手は、10cm幅ちょうどの恐怖感あふれる平均台から跳躍と宙返りを行う "
"http://cv.iptc.org/newscodes/subjectcode/15028009","subj:15028009",,,"subj:15028009",,,"rhythmic","A mixture of dance and gymnastic moves. ","Gymnastique rythmique","sport alliant la gymnastique à la danse ","gimnasia rítmica","Práctica que mezcla la danza con movimientos de gimnasia. ","Rhythmische Gymnastik","Eine Mischung aus Tanz und turnerischen Figuren. ","Ritmica","Insieme di movimenti di danza e ginnastica ","新体操","ダンスと体操動作を織り交ぜた競技 "
"http://cv.iptc.org/newscodes/subjectcode/15028010","subj:15028010",,,"subj:15028010",,,"clubs","Dance and gymnastic moves whilst juggling clubs. ","massues","exercice basé sur la chorégraphie et le rythme en utilisant des massues ","clavas","Ejercicio de gimnasia rítmica en el que se realiza una coreografía utilizando clavas. ","Keulen","Tanz und gymnastische Figuren mit langen kreuzenden Keulen. ","Clave","Esercizio basato sulla coreografia ed il ritmo utilizzando le clave ","クラブ","クラブ(こん棒)を空中で操る間にダンスと体操動作を行う "
"http://cv.iptc.org/newscodes/subjectcode/15028011","subj:15028011",,,"subj:15028011",,,"hoop","A hoop is rolled and thrown whilst performing a dance routine. ","cerceau","exercices utilisant un cerceau en le roulant et en le lançant ","aro","La gimnasta lanza y hace rodar un aro para cumplir una rutina de danza. ","Reifen","Ein Reifen wird lange gerollt und geworfen in einer Tanzperformance. ","Cerchio","Si fa rotolare e si lancia un cerchio mentre si realizza un passo di danza ","フープ","ダンス演技をしている間、フープ(輪)を転がしたり、放り投げたりする "
"http://cv.iptc.org/newscodes/subjectcode/15028012","subj:15028012",,,"subj:15028012",,,"ribbon","Gymnasts work through a pre-arranged routine whilst manipulating a spectacular length of ribbon. ","ruban","exercice utilisant un ruban qui doit rester en mouvement selon des dessins programmés à l'avance ","cinta","Gimnastas ejecutan su rutina artística acompañados de una cinta que debe permanecer en movimiento durante la misma. ","Bänder","Turner arbeiten mit spektakulären, langen Bändern eine vorbereitete Bewegungsfolge ab. ","Nastro","Esercizio utilizzando un nastro particolarmente lungo che deve rimanere in movimento secondo una certa coreografia ","リボン","体操選手は、長いリボンを操る間、あらかじめ決められた動きをする "
"http://cv.iptc.org/newscodes/subjectcode/15028013","subj:15028013",,,"subj:15028013",,,"rope","Jump and figure movements are performed while a rope is manipulated. ","corde","exercice ulisant une corde. Le gymnaste effectue des figures en sautant ","cuerda","Idem Cinta (844) pero con cuerda. ","Seil","Sprünge und Figuren werden gezeigt durch die Bewegung eines Seiles. ","Corda","Salti e figure utilizzando una corda ","ロープ","ロープを操りながら、ジャンプや旋回運動をする "
"http://cv.iptc.org/newscodes/subjectcode/15028014","subj:15028014",,,"subj:15028014",,,"ball","An exercise based on suppleness of the body using a ball. ","ballon","exercice basé sur la souplesse et l'expression corporelle en utilisant un ballon ","pelota","Ejercicio de expresión corporal utilizando como complemento una gran pelota de goma. ","Ball","Eine Übung, die unter Benutzung eines Balles auf Beweglichkeit des Körpers beruht. ","Palla","Un esercizio basato sull'agilità del corpo mentre si usa una palla ","ボール","ボールを使って体の柔軟性を表現する "
"http://cv.iptc.org/newscodes/subjectcode/15028015","subj:15028015",,,"subj:15028015",,,"trampoline","Competitors perform complicated twists and turns whilst bouncing on the trampoline. ","trampoline","sport où les concurrents effectuent des figures en sautant et rebondissant sur un trampoline ","trampolín","Rutina artística de saltos y vueltas utilizando como trampolín una lona elástica. ","Trampolin","Wettkämpfer zeigen komplizierte Drehungen und Sprünge während sie auf dem Trampolin springen. ","Trampolino","Evoluzioni acrobatiche stando in equilibrio e rimbalzando sul trampolino ","トランポリン","競技者がトランポリンで弾んでいる間に複雑に体をひねったり回転したりする "
"http://cv.iptc.org/newscodes/subjectcode/15029000","subj:15029000",,"subj:15029000",,,,"handball (team)","A ball game using the hands contested by two teams of seven trying to throw the ball into the opponents goal. ","Handball","Jeu de ballon joué à la main opposant deux équipes de sept joueurs chacune essayant de marquer le plus de buts possibles. ","balonmano","Deporte que enfrenta a dos equipos de siete jugadores, que intentan anotar introduciendo una pelota en el arco rival utilizando solo las manos. ","Handball","Ein Ballspiel mit den Händen, bestehend aus zwei Teams mit jeweils sieben Spielern, die versuchen den Ball in das gegnerische Tor zu werfen. ","Pallamano","Un gioco in cui una palla è contesa da due squadre di sette giocatori ciascuna i quali, usando le mani, cercano di lanciarla nella porta avversaria ","ハンドボール","手を使って、7人一組の2チームが相手ゴールへボールを投げ入れあう球技 "
"http://cv.iptc.org/newscodes/subjectcode/15030000","subj:15030000",,"subj:15030000",,,,"horse racing, harness racing","Mounted horse races. ","Hippisme","courses de chevaux dirigés par des hommes ","hipismo","Carrera disputada por parejas integradas por caballos y jockeys (jinetes) sobre una pista de tierra. ","Pferderennen","Pferderennen mit Reiter. ","Ippica","Corse di cavalli montati ","競馬","人が騎乗する馬レース "
"http://cv.iptc.org/newscodes/subjectcode/15030001","subj:15030001",,,"subj:15030001",,,"flat racing","A horse race over a flat course. ","Course de plat","Course sur piste sans obstacle ","carrera llana","Carrera de caballos sobre una superficie recta y sin obstáculos. ","Galopprennen","Pferderennen in einem flachen Gelände. ","Corsa senza ostacoli","Una corsa di cavalli lungo un percorso privo di ostacoli ","平地 レース","平坦なコースで行う馬のレース "
"http://cv.iptc.org/newscodes/subjectcode/15030002","subj:15030002",,,"subj:15030002",,,"steeple chase","A mounted horse race over at least eight classic obstacles, four of which must be different, such as the water jump, spruce fences, mud walls etc. ","Course d'obstacles","course qui comporte au moins huit obstacles dont quatre sont différents et choisis parmi les obstacles classiques (mur en terre, rivière, etc.). ","carrera de obstáculos","Prueba de jinete y caballo sobre al menos ocho obstáculos clásicos, cuatro de los cuales pueden ser elegidos y deben ser distintos, tales como el salto de agua, vallas de madera y muros. ","Hindernissrennen","Rennen mit Pferd und Reiter über acht Hindernisse, wovon vier unterschiedlich sein müssen, wie Sprung über Wasser, Sprossenzäune, Schlammwände etc. ","Corsa ad ostacoli","Una corsa di cavalli montati con almeno otto ostacoli, quattro dei quali devono essere diversi, come il salto dell'acqua, steccati, pareti, ecc... ","スティープルチェイス","人が騎乗する馬レースで、少なくとも8つ以上の典型的な障害があり、水越え、エゾマツフェンス、泥壁など、4つは違うようにしなければならない "
"http://cv.iptc.org/newscodes/subjectcode/15030003","subj:15030003",,,"subj:15030003",,,"trotting","Horses pitched to a jockeyed buggy race in a trot round a flat course. ","Course de trot","Course pratiquée au trot ","trote","Carrera de caballos al trote alrededor de un camino llano. ","Trabrennen","Pferdewagenrennen mit Jokey im Trab auf einer flachen Bahn. ","Trotto","Cavalli lanciati in una corsa al trotto con carretto guidato lungo un percorso senza ostacoli ","トロッティング","2輪車を引いた馬が平らなコースを速足で周回するレース "
"http://cv.iptc.org/newscodes/subjectcode/15030004","subj:15030004",,,"subj:15030004",,,"cross country","A long distance race including rustic obstacles such as real fences, streams and fallen trees. ","Cross-country","Course d'endurance dont le trajet dans la campagne utilise les obstacles naturels ","cross country (campo traviesa)","Carrera de larga distancia que incluye obstáculos naturales tales como árboles caídos y corrientes de agua. ","Querfeldein","Langstreckenrennen mit natürlichen Hindernisen wie Zäune, Wände und gefallene Bäume. ","Campestre","Una lunga corsa che comprende ostacoli come steccati naturali, ruscelli e alberi caduti ","クロスカントリー","長い距離のレースで、本物のフェンス、水流、倒木などの粗野な障害がある "
"http://cv.iptc.org/newscodes/subjectcode/15031000","subj:15031000",,"subj:15031000",,,,"ice hockey","Two teams of six heavily padded skaters try and outscore each other by hitting a puck into the opponents goal. ","Hockey sur glace","Jeu de palet et de crosse pratiqué sur glace par 2 équipes de 6 joueurs ","hockey sobre hielo","Dos equipos de seis patinadores sobre hielo tratan de convertirle tantos a su oponente, golpeando una ficha con un bastón para introducirla dentro del arco rival. ","Eishockey","Zwei Mannschaften mit jeweils sechs stark gepolsterten Läufern versuchen sich gegenseitig auszutricksen, um den Puck in das gegnerische Tor zu schießen. ","Hockey su ghiaccio","Due squadre formate ciascuna di sei pattinatori su ghiaccio che con l'aiuto di mazze cercano di colpire ed inviare nella porta avversaria un puck (disco) ","アイスホッケー","重防具を付けたスケーターが1チーム6人で構成された2チームに分かれ、互いに相手ゴールにパックを打ち入れ合い、その合計得点を競い合う競技 "
"http://cv.iptc.org/newscodes/subjectcode/15031001","subj:15031001",,,"subj:15031001",,,"National Hockey League (North American)","Teams from the US and Canada make up the North American continents top league. ","NHL","La plus importante ligue professionnelle de hockey sur glace en Amérique du Nord. ","liga nacional de hockey (nhl, estados unidos).","La principal liga de Norteamérica integrada por equipos de los Estados Unidos y Canadá. ","Nationale Hockey Liga (Nordamerika)","Mannschaften der USA und Kanada, die die Topliga des nordamerikanischen Kontinents ausmachen. ","NHL, National Hockey League","Squadre degli Stati Uniti d'America e del Canada che formano la lega principale del continente nord-americano ","ＮＨＬ","合衆国とカナダのチームで編成する北米大陸トップリーグ "
"http://cv.iptc.org/newscodes/subjectcode/15031002","subj:15031002",,,"subj:15031002",,,"sledge hockey","Like ice hockey but instead of skates small sledges are used. Competitors move by pushing with the arms ","Sledge hockey","Hockey sur glace pratiqué sur luge. Les déplacements se faisant à la force des bras ","hockey en trineo","Como el hockey sobre hielo pero en lugar de usar patines, los competidores emplean pequeños trineos y se deslizan empujándose con sus brazos. ","Eisschlittenhockey","Ähnlich wie Eishockey, aber auf kleinen Schlitten. Die Wettkämpfer bewegen sich mit Hilfe der Arme fort.","Hockey su slitta","Simile all'hockey su ghiaccio ma al posto dei pattini si usano delle piccole slitte. I concorrenti si muovono spingendosi con le braccia ","スレッジホッケー","アイスホッケーに似ているが、スケートの代わりに小さなソリ(スレッジ)を使用するもの。競技者は両腕で漕ぎながら移動する "
"http://cv.iptc.org/newscodes/subjectcode/15032000","subj:15032000",,"subj:15032000",,,,"Jai Alai (Pelota)","Because of the game organization, the proper identification of a specific game may require the combination of 2 subject details ","Pelote basque","sport ancestral du Pays Basque qui consiste à faire rebondir une balle contre un fronton (mur) ","pelota vasca","Deporte ancestral del País Vasco que consiste en hacer golpear con una paleta y hacer rebotar una bola contra un muro, similar al frontón. ","Pelota/Jai Alai","Die Komplexität des Spiels erfordert es zwei SubjectDetails zu kombinieren, um eine angemessene Identifizierung der speziellen Varianten zu ermöglichen. ","Pelota","Antico sport dei Paesi Baschi che consiste nel far rimbalzare una palla contro un fronton-muro. Ha numerose varianti, di seguito elencate ","ハイアライ（ペロタ）","ゲーム編成の理由により、特定のゲームの本来の識別では、2つのsubject detailsの組み合わせを必要とするかもしれない "
"http://cv.iptc.org/newscodes/subjectcode/15032001","subj:15032001",,,"subj:15032001",,,"fronton","The fronton"" known as ""Fronton Place Libre"" consists of a rectangular outdoor court plus a large pink shaped wall at one end. The two sides and the other end are left opened. ""","Place libre","Le fronton, ou place libre : en plein air, il est constitué d'un mur de frappe muni d'une barre métallique, au dessus de laquelle la pelote doit être envoyée, et d'un marquage au sol délimitant l'aire de jeux. ","frontón","El frontón se juega en una cancha al aire libre, rectangular, haciendo rebotar una pelota de goma contra una gran pared en uno de sus extremos menores. Las bandas laterales y el extremo detrás de los jugadores se dejan abiertos. ","Fronton","Das Pelotaspielfeld, als Fronton Place Libre"" bezeichnet, besteht aus einem rechteckigen Spielfeld im Freien und der Pelotawand an der Stirnseite. Die anderen Seiten sind offen. ""","Fronton (muro)","Campo all'aperto di forma rettangolare con una grande parete ad un'estremità del campo, l'altra invece, insieme ai due lati, è lasciata aperta ","フロントン","Fronton Place Libre""として知られているフロントン(訳注：競技場)は、端に大きいピンクの壁を持った長方形の屋外コート。2つの横ともう一方の端は開いている """
"http://cv.iptc.org/newscodes/subjectcode/15032002","subj:15032002",,,"subj:15032002",,,"jai-alai","A Jaï-Alai"" is an indoor fronton with a 56 meters long court which is used exclusively to play ""chistera-ancha"". Three walls are used in the game: the front, the back and the left hand wall. ""","Jai-alai","Le Jaï-Alaï est un fronton couvert d'origine espagnole, composé d'un mur de face, d'un mur latéral gauche et d'un mur de fond. Le jaï-alaï est le lieu de pratique de la cesta punta. ","jai-alai","El Jai-Alai es una modalidad de frontón, de origen español, disputada bajo techo con una cancha de 56 metros de largo, que se usa exclusivamente para jugar chistera ancha"". En el juego se utilizan tres paredes: la frontal, la posterior y la izquierda. ""","Jai Alai","Eine Jai-Alai"" ist das 56 m lange Pelotaspielfeld in der Halle ausschließlich für das Spiel ""Chistera ancha"". Drei Wände werden ins Spiel einbezogen, Stirnseite, Rückwand und die linksseitige Wand. ""","Jai alai","E'un fronton al coperto con un campo lungo 56 metri usato esclusivamente per giocare a chistera ancha"". Nel gioco si usano tre pareti: frontale, dorsale e a sinistra ""","ハイアライ","Jaï-Alai""は、もっぱら""chistera-ancha""を行うために使われる56メートルのロングコートを持つ屋内フロントン。ゲームでは、前、後ろ、左の3つの壁を使います """
"http://cv.iptc.org/newscodes/subjectcode/15032003","subj:15032003",,,"subj:15032003",,,"left wall","A fronton with left hand wall"" is an indoor fronton with a 36 meters long court where Pala or Main Nue are played. Three walls are used in the game: the front, the back and the left hand wall. ""","Mur gauche","fronton avec un autre mur à gauche de celui-ci. ","pared izquierda","Un frontón con pared izquierda, disputado en cancha techada de 36 metros de largo, donde se juega Pala o Main Nue. En el juego se utilizan tres paredes: la frontal, la posterior y la izquierda. ","Linke Wand","In einer 36 m langen Halle wird mit der Pala oder mit bloßer Hand gespielt. Drei Wandseiten des Spielfeldes werden benutzt: Stirnseite, Rückwand und die linksseitige Wand. ","Fronton a sinistra","Un fronton con parete a sinistra è un fronton al coperto con un campo lungo 36 metri dove si gioca la Pala (racchetta) o Main Nue. Nel gioco si usano tre pareti : frontale, dorsale e sinistra ","レフトウォール","fronton with left hand wall""は、PalaやMain Nueを行う36メートルのロングコートを持つ屋内フロントン。ゲームでは、前、後ろ、左の3つの壁を使う """
"http://cv.iptc.org/newscodes/subjectcode/15032004","subj:15032004",,,"subj:15032004",,,"trinquet","A Trinquet"" is an indoor fronton with a 28.5 meters long court surrounded by four walls. The four walls are used in the game. ""","trinquet","salle totalement fermée, composée de 4 murs dont un de frappe muni d'un trou (xilo) et d'un pan coupé (angle à 45° entre le mur de frappe et le mur de droite). Le trinquet est muni d'une galerie latérale à gauche avec un toit en pente et un filet. ","trinquete","Es una modalidad de frontón que se juega en una cancha techada de 28.5 metros de largo rodeada de cuatro paredes, todas las cuales se utilizan en el juego. ","Trinquet","Ein Trinquet"" ist ein 28,5 m langes Spielfeld in der Halle mit vier Seitenwänden. Alle Seitenwände werden im Spiel benutzt. ""","Trinquet","E'un fronton al coperto con un campo lungo 28,5 metri circondato da quattro pareti, tutte usate nel gioco. ","トゥリンケテ","Trinquet""は、4つの壁に囲まれている28.5メートルロングコートを持っている屋内フロントン。ゲームでは、4つの壁を使う """
"http://cv.iptc.org/newscodes/subjectcode/15032005","subj:15032005",,,"subj:15032005",,,"rebot","The rebot"" is the game played in a fronton ""place libre"" with 5 players in each team. They use a ""chistera"" (56 cm long and 12 cm large) or bare hands. ""","rebot","Se joue en place libre comme le tennis, sans filet. ","rebote","Juego similar al tenis pero sin red, que se practica en un frontón al aire libre con equipos de 5 jugadores, que utilizan una chistera (56 cm de largo y 12 cm de ancho) o las manos descubiertas para lanzar la pelota. ","Rebot","Rebot"" wird auf einem Spielfeld, dem ""place libre"" mit fünf Spielern pro Team durchgeführt. Benutzt wird die ""Chistera"" (Korbschafel 56 cm lang und 12 cm breit) oder es wird mit der bloßen Hand gespielt. ""","Rebot","Si gioca in un fronton place libre"" con 5 giocatori per squadra i quali usano una ""chistera"" (lunga 56 cm e larga 12 cm) o le mani nude ""","レボット","rebot""は、各チーム5人のプレーヤーが、""Place libre""フロントンで行うゲーム。プレーヤーは、セスタ(長さ56センチ、幅12センチの大きさ)か素手を使う """
"http://cv.iptc.org/newscodes/subjectcode/15032006","subj:15032006",,,"subj:15032006",,,"chistera ancha","The chistera-ancha"" also called the ""cesta punta"" is the game played in a ""jaï alai"" with 1 or 2 players in each team. The players use a long curved basket called the ""chistera"" (68 cm long and 13 cm wide). ""","chistera ancha","Ou cesta-punta se joue en jaï-alaï à l'aide de grands chisteras et avec 1 ou 2 joueurs dans chaque équipe. ","chistera ancha","También llamada cesta punta"", es el juego que se realiza en un ""jai alai"" con 1 o 2 jugadores en cada equipo. Los mismos utilizan un canasto largo y curvo llamado chistera (68cm de largo por 13 de ancho). ""","Chistera ancha","Die Chistera ancha"", auch ""Cesta punta"" genannt, ist eine Spielvariante mit ein bis zwei Spielern pro Team in der ""Jai-Alai"". Die Spieler benutzen einen langen gebogenen Korbschläger, ""Chistera"" (68 cm lang und 13 cm breit) bezeichnet. ""","Chistera ancha","Chiamata anche cesta punta"", si gioca in un ""jai alai"" con 1 o 2 giocatori per squadra, i quali, usano una lunga cesta chiamata ""chistera"" (lunga 68 cm e larga 13 cm) ""","システラカンチャ","chistera-anchaはcesta punta""とも呼ばれ、各チーム1～2名で行われるハイアライ。プレーヤーは""chistera""(長さ68cm、幅13cm)と呼ばれる長く湾曲した籠を使用する """
"http://cv.iptc.org/newscodes/subjectcode/15032007","subj:15032007",,,"subj:15032007",,,"chistera corta","The chistera-corta"" is the game played in a fronton ""place libre"" with left hand wall and 3 players in each team. The players use a long curved basket called the ""chistera"" (56 cm long and 12 cm wide). ""","chistera corta","Se joue en place libre avec un mur gauche et 3 joueurs dans chaque équipe. Le joueurs utilisent un long gant d'osier la chistera ","chistera corta","Juego que se practica en un frontón al descubierto, con pared de mano izquierda y tres jugadores en cada equipo. Los mismos utilizan un canasto largo y curvo llamado chistera (56 x 12cm) ","Chistera corta","Bei der Chistera corta"" wird mit drei Spielern pro Team auf einem Spielfeld dem ""place libre"" mit einer linksseitigen Wand gespielt. Die Spieler verwenden einen langen gebogenen Schläger,""Chistera"" (56 cm lang und 12 cm breit) bezeichnet. ""","Chistera corta","Si gioca in un fronton place libre"" con la parete sinistra e 3 giocatori per squadra, i quali, usano una lunga cesta chiamata ""chistera"" (lunga 56 cm e larga 12 cm) ""","システラコータ","chistera-corta""は、各チーム3人のプレーヤーが""Place libre""フロントンの左手の壁で行うゲーム。 プレーヤーはセスタと呼ばれる長いカーブしたバスケット(長さ56センチと幅12センチ)を使う """
"http://cv.iptc.org/newscodes/subjectcode/15032008","subj:15032008",,,"subj:15032008",,,"bare hand","The Main Nue"" (bare hand) is the ancestor of all Basque sports. ""","main nue","on frappe la balle à la main. La main nue se pratique en mur à gauche et trinquet. ","mano desnuda o descubierta","El denominado Main Nue"" (mano desnuda) es el antecesor de todos los deportes vascos de pelota, se golpea la pelota con la mano y se puede jugar en trinquete o muro izquierdo. ""","Freihand","Die Main Nue""-Variante (bloße Hand) ist der Vorläufer des baskischen Nationalsports. ""","Mani nude","E'l'antenato di tutti gli sport baschi con la palla ","ベアハンド","The Main Nue""(bare hand)は、すべてのバスクのスポーツの起源 """
"http://cv.iptc.org/newscodes/subjectcode/15032009","subj:15032009",,,"subj:15032009",,,"pala-ancha","The pala-ancha"" is the game played in a fronton ""place libre"" with 2 players in each team. The players use a heavy wooden bat ""the pala"" (50 cm long and 20 cm wide). ""","pala-ancha","Se joue en place libre avec 2 joueurs dans chaque équipe. Les joueurs utilise une sorte de raquette en bois large et lourde appelée pala"" ""","pala ancha","Juego que se practica en un frontón al descubierto con dos jugadores por equipo, que utilizan una pesada paleta de madera (la pala), de 50 cm de largo y 20 cm de ancho. ","Pala-ancha","Die Pala ancha""-Variante wird auf einem Spielfeld dem ""place libre"" mit zwei Spielern pro Team gespielt. Die Spieler benutzen ein schweres hölzernes Brett als Schläger die, ""Pala"" (50 cm lang und 20 cm breit). ""","Pala ancha","Si gioca in un fronton place libre"" con 2 giocatori per squadra, i quali, usano una pesante mazza di legno ""la pala"" (lunga 50 cm e larga 20 cm) ""","パラカンチャ","pala-ancha""は各チーム2人のプレーヤーが、""place libre""フロントンで行うゲーム。プレーヤーは重い木製のバットの""the pala""(長さ50センチと幅20センチ)を使う """
"http://cv.iptc.org/newscodes/subjectcode/15032010","subj:15032010",,,"subj:15032010",,,"pala-corta","The pala-corta"" is the game played in a fronton with left hand wall and 2 players in each team. The players use a heavy wooden bat the ""pala-corta"" (50 cm long and 10 cm wide). The ""pala"" is the name for a heavy wooden bat. ""","pala-corta","Se joue sur un fronton mur à gauche. Pala"" raquette en bois courte et légère. Équipes de 2 joueurs ""","pala corta","Juego que se practica en un frontón con pared izquierda y dos jugadores en cada equipo, quienes utilizan una pesada paleta de madera (pala corta), de 50 cm de largo y 20 cm de ancho. ","Pala-corta","Die Pala corta""-Variante mit zwei Spielern pro Team wird auf einem Spielfeld mit einer linksseitigen Wand gespielt. Die Spieler benutzen ein schweres hölzernes Brett als Schläger die ""Pala corta"" (50 cm lang und 10 cm breit). ""","Pala corta","Si gioca in un fronton con parete a sinistra e 2 giocatori per squadra, i quali, usano una mazza di legno chiamata pala corta"" (50 cm lunga e 10 cm larga). La ""pala"" è il nome di una pesante mazza di legno usata in diversi giochi ""","パラコータ","pala-cortaは各チーム2人のプレーヤーが、フロントンの左手の壁で行うゲーム。プレーヤーは重い木製のバット、pala-corta""、(長さ50センチと幅10センチ)を使う。""pala""は重い木製バットの名前を表す """
"http://cv.iptc.org/newscodes/subjectcode/15032011","subj:15032011",,,"subj:15032011",,,"pasaka","The pasaka"" is the name of the game played in a trinquet by teams of 2 players facing each other on each side of a net where the pelota is hit between opponents. ""","pasaka","Jeu ancestral dérivé de la paume. Il se pratique en trinquet avec un filet médian à 1,20 mètre de hauteur. La pelote est envoyée par un coup glissé"" instantané. ""","pasaka","Pasaka"" es el nombre que recibe el juego que se practica en un trinquete, en equipos de dos jugadores, que se enfrentan a cada lado de la red y los contrincantes le pegan a la pelota para anotar. ""","Pasaka","Pasaka"" ist der Name einer Spielvariante auf dem Spielfeld ""Trinquet"", bei dem sich zwei Spieler pro Mannschaft gegenüberstehen und die Pelota über ein Netz schlagen. ""","Pasaka","Si gioca in trinquet con due giocatori per squadra, i quali, si affrontano stando ciascuno da un lato della rete colpendo la pelota verso la parte avversaria ","パサカ","pasaka""は各チーム2人のプレーヤーが、trinquetの中でネットを挟み対峙している対抗者にポロタを打ちあうゲーム """
"http://cv.iptc.org/newscodes/subjectcode/15032012","subj:15032012",,,"subj:15032012",,,"xare","The xare"", is the name of the game played in a trinquet by teams of 2 players. The players use a ""xare"" (or the Argentina bat) 55 cm long and 16 cm wide. ""","xare","Le xare du nom du filet cordé de l'instrument - appelé aussi raquette argentine. On y joue essentiellement en trinquet ","xare","Xare"" es el nombre del juego que se practica en un trinquete, por equipos de dos jugadores. Los mismos usan un ""xare"" (o paleta argentina), de 55 cm de largo y 16 cm de ancho. ""","Xare","Xare"" ist der Name einer Spielvariante auf dem Spielfeld ""Trinquet"" mit zwei Spielern pro Team. Die Spieler benutzen eine ""Xare"" (oder argentinischer Schläger), von 55 cm Länge und 16 cm Breite. ""","Xare","Si gioca in trinquet con due giocatori per squadra, i quali, usano uno xare"" (o mazza argentina) lungo 55 cm e largo 16 cm ""","ザール","xare""はtrinquetの中でプレーする2人プレーヤーのチームで行なうゲームで、プレーヤーは長さ55センチ、幅16センチの""xare""(あるいはアルゼンチンバット)を使用する """
"http://cv.iptc.org/newscodes/subjectcode/15033000","subj:15033000",,"subj:15033000",,,,"judo","A defensive martial art. ","Judo","sport de combat basé sur l'art de la souplesse pour en faire une discipline de défense ","judo","Arte marcial utilizado como deporte o defensa propia, que consiste en tomar y lanzar al oponente con llaves"". ""","Judo","Eine verteidigende Kampfortart. ","Judo","Arte marziale di difesa ","柔道","護身的な武術 "
"http://cv.iptc.org/newscodes/subjectcode/15033001","subj:15033001",,,"subj:15033001",,,"heavyweight","Weight categoriy in Judo: open but usually over 100kg for men and over 78kg for women ","Lourds","catégorie de poids variant dans le temps et entre hommes et femmes. Généralement plus de 100 kg pour les hommes et plus de 78 kg pour les femmes ","peso pesado","Categoría abierta de judo que generalmente maneja pesos de 100 kg para hombres y 78 kg. para mujeres. ","Schwergewicht","Gewichtsklasse in Judo: gewöhnlich über 100 kg bei Männern und über 78 kg bei Frauen. ","Massimi","Uomini oltre 100 kg, donne oltre 78 kg ","重量級","無差別だが、通常男子は100kg超、女子は78kg超 "
"http://cv.iptc.org/newscodes/subjectcode/15033002","subj:15033002",,,"subj:15033002",,,"half-heavyweight","Weight categoriy in Judo: up to 100kg for men and 78kg for women. ","Mi-lourds","catégorie de poids variant dans le temps et entre hommes et femmes. Jusqu'à 100 kg pour les hommes et 78 kg pour les femmes ","peso mediopesado","Hasta 100 kg. para hombres y 78 kg. para mujeres. ","Halb-Schwergewicht","Gewichtsklasse in Judo: bis zu 100 kg bei Männern und 78 kg bei Frauen. ","Mediomassimi","Uomini fino a 100 kg, donne fino a 78 kg ","軽重量級","男子最高100kg、女子最高78kg "
"http://cv.iptc.org/newscodes/subjectcode/15033003","subj:15033003",,,"subj:15033003",,,"middleweight","Weight categoriy in Judo: up to 90kg for men and 70kg for women. ","Moyens","catégorie de poids variant dans le temps et entre hommes et femmes. Jusqu'à 90 kg pour les hommes et 70 kg pour les femmes ","peso mediano","Hasta 90 kg. para hombres y 70 kg. para mujeres. ","Mittelgewicht","Gewichtsklasse in Judo: bis zu 90 kg bei Männern und 70 kg bei Frauen. ","Medi","Uomini fino a a 90 kg, donne fino a 70 kg ","中量級","男子最高90kg、女子最高70kg "
"http://cv.iptc.org/newscodes/subjectcode/15033004","subj:15033004",,,"subj:15033004",,,"half-middleweight","Weight categoriy in Judo: up to 81kg for men and 63kg for women. ","Mi-moyens","catégorie de poids variant dans le temps et entre hommes et femmes. Jusqu'à 81 kg pour les hommes et 63 kg pour les femmes ","peso medio mediano","Hasta 81 kg. para hombres y 63 kg. para mujeres. ","Halb-Mittelgewicht","Gewichtsklasse in Judo: bis zu 81 kg bei Männern und 63 kg bei Frauen. ","Medi mediani","Uomini fino a 81 kg, donne fino a 63 kg ","軽中量級","男子最高81kg、女子最高63kg "
"http://cv.iptc.org/newscodes/subjectcode/15033005","subj:15033005",,,"subj:15033005",,,"half-lightweight","Weight categoriy in Judo: up to 73kg for men and 57kg for women. ","Mi-légers","catégorie de poids variant dans le temps et entre hommes et femmes. Jusqu'à 73 kg pour les hommes et 57 kg pour les femmes ","peso medio liviano","Hasta 73 kg. para hombres y 57 kg. para mujeres. ","Halb-Leichtgewicht","Gewichtsklasse in Judo: bis zu 73 kg bei Männern und 57 kg bei Frauen. ","Medioleggeri","Uomini fino a 73 kg, donne fino a 57 kg ","軽軽量級","男子最高73kg、女子最高57kg "
"http://cv.iptc.org/newscodes/subjectcode/15033006","subj:15033006",,,"subj:15033006",,,"lightweight","Weight categoriy in Judo: up to 66kg for men and 52kg for women. ","Légers","catégorie de poids variant dans le temps et entre hommes et femmes. Jusqu'à 66 kg pour les hommes et 52 kg pour les femmes ","peso liviano","Hasta 66 kg. para hombres y 52 kg. para mujeres. ","Leichtgewicht","Gewichtsklasse in Judo: bis zu 66 kg bei Männern und 52 kg bei Frauen. ","Peso leggero","Uomini fino a 66 kg, donne fino a 52 kg ","軽量級","男子最高66kg、女子最高52kg "
"http://cv.iptc.org/newscodes/subjectcode/15033007","subj:15033007",,,"subj:15033007",,,"extra lightweight","Weight categoriy in Judo: up to 60kg for men and 48kg for women. ","Super-légers","catégorie de poids variant dans le temps et entre hommes et femmes. Jusqu'à 60 kg pour les hommes et 48 kg pour les femmes ","peso extra ligero","Hasta 60 kg. para hombres y 48 kg. para mujeres. ","Extra Leichtgewicht","Gewichtsklasse in Judo: bis zu 60 kg bei Männern und 48 kg bei Frauen. ","Extraleggeri","Uomini fino a 60 kg, donne fino a 48 kg ","超軽量級","男子最高60kg、女子最高48kg "
"http://cv.iptc.org/newscodes/subjectcode/15034000","subj:15034000",,"subj:15034000",,,,"karate","A martial art where chops, punches, kicks and throws are used to defeat an opponent. ","Karaté","sport de combat et d'autodéfense où deux combattants s'affrontent sans porter les coups à l'aide de leurs mains (le tranchant), leurs pieds (coup de pied sauté ou circulaires) et leurs poings ","karate","Arte marcial japonés, deporte de combate y defensa personal con diferentes escuelas, en el que se utilizan las manos (en forma de corte y puñetazos) y las piernas (patadas circulares o rectas, bajas o altas y con saltos) para derrotar al oponente. ","Karate","Eine Kampfsportart bei der Hiebe, Schläge, Tritte und Würfe genutzt werden um einen Angreifer abzuwehren. ","Karate","Arte marziale in cui colpi, pugni, calci e spinte sono usati per sconfiggere un avversario ","空手","相手を打ち負かすために手刀、突き、蹴りや投げを用いる武術 "
"http://cv.iptc.org/newscodes/subjectcode/15034001","subj:15034001",,,"subj:15034001",,,"sparring","Boxing without competition, with padded helmets ","Entraînement","Boxe sans compétition avec des casques de protection ","rival de entrenamiento","Entrenamiento de boxeo con cascos ","Sparring","Boxen ohne Wettkampf mit gepolsterten Helmen. ","Sparring Boxe","Pugilato senza attività competitiva, praticato con appositi caschi imbottiti ","スパーリング","クッション入りヘルメットを着用し、試合と関係なく行うボクシング "
"http://cv.iptc.org/newscodes/subjectcode/15034002","subj:15034002",,,"subj:15034002",,,"formal exercise-DEPRECATED","NA ","Combat","NA ","ejercicio formal","NA ","Formal Exercise-GELÖSCHT","--- ","Esercizio Formale - ANNULLATO","NESSUNA INDICAZIONE ","公式試合-使用不可",
"http://cv.iptc.org/newscodes/subjectcode/15035000","subj:15035000",,"subj:15035000",,,,"lacrosse","Two teams of helmeted and padded players try and outscore each other using a netted stick and hard ball. ","Lacrosse","sport joué par deux équipes qui doivent se marquer des buts en se disputant une balle avec un bâton terminé par un panier triangulaire souple ","lacrosse","Dos equipos de jinetes, munidos de cascos, tratan de vencer al oponente utilizando un bastón con red y una pelota dura. ","Lacrosse","Zwei Teams mit gepolsterten Spielern mit Helmen versuchen sich gegenseitig zu besiegen mit einem Schläger und einem harten Ball. ","Lacrosse","Sport di squadra praticato essenzialmente in Nord America e in Australia, che consiste nel far punto in una porta con una palla passata da atleta ad atleta tramite una specie di racchetta. Ogni squadra è composta da 10 giocatori; la porta è simile a quella dell'hockey su ghiaccio: alta 1,8 m e larga 1,8 m ","ラクロス","ヘルメットや防具を付けたプレーヤーが、2チームで網を張ったスティックを使用し、互いに得点し合う "
"http://cv.iptc.org/newscodes/subjectcode/15036000","subj:15036000",,"subj:15036000",,,,"luge","Luge (French word for sled) is competed in singles or doubles. The competitor(s) lay on their back(s) on an open sled and race down a course. The competitor(s) and the sled must be in contact when passing the finishing line. ","Luge","Descendre le plus vite possible une piste glacée dans une luge, allongé sur le dos ","luge (trineo)","El Luge (palabra francesa que significa pequeño trineo) se juega en singles o dobles. Los competidores van acostados de espalda en un trineo abierto para carreras a lo largo de una pista nevada, descendiendo a alta velocidad. ","Rodeln","Wird als Einsitzer oder Doppelsitzer ausgetragen. Der Athlet liegt auf dem Rücken auf einem offenen Rennschlitten und gleitet in einer Kunst- oder Natureisbahn hinab. Der Athlet und der Rennschlitten müssen gemeinsam die Ziellinie passieren. ","Slittino","Discesa lungo un percorso su di una pista ghiacciata distesi sulla schiena a bordo di uno slittino aperto ","リュージュ","リュージュ(フランス語のそり)は1人乗りまたは2人乗りで競技する。競技者はオープンなそりに仰向きに寝て、コースを下って競技をする。フィニッシュ･ラインを通る時、競技者とそりとは密着していなければならない "
"http://cv.iptc.org/newscodes/subjectcode/15036001","subj:15036001",,,"subj:15036001",,,"singles","individual time trial event in a one seater luge ","monoplace","compétition dans une luge à une place ","individual","Prueba de trineo (luge) individual. ","Einsitzer","Zeitrennen für einen Einer-Schlitten. ","Individuale","Gara di velocità con slittino monoposto ","１人乗り","1人乗りリュージュでの個人タイムトライアル競技 "
"http://cv.iptc.org/newscodes/subjectcode/15036002","subj:15036002",,,"subj:15036002",,,"doubles","time trial for a twin berth luge ","biplace","compétition dans une luge à deux places ","dobles","Prueba de trineo (luge) que se disputa en duplas. ","Doppelsitzer","Zeitrennen für einen Zweierschlitten. ","Doppio","Gara di velocità con slittino biposto ","２人乗り","2人乗りリュージュのタイムトライアル "
"http://cv.iptc.org/newscodes/subjectcode/15037000","subj:15037000",,"subj:15037000",,,,"marathon","A road race where competitors run 42.195km, generally through city streets ","Marathon","épreuve de course à pied d'endurance de 42,195 km ","maratón","Carrera de fondo en la que los atletas corren una distancia de 42,195 Km. ","Marathon","Straßenrennen, bei dem die Wettkämpfer 42,195 km laufen, meist durch die Stadt. ","Maratona","Corsa su strada in cui i concorrenti corrono per 42,195 km, generalmente attraverso le strade di città ","マラソン","競争者が一般に都市の通りを通って42.195kmを走るロードレース "
"http://cv.iptc.org/newscodes/subjectcode/15038000","subj:15038000",,"subj:15038000",,,,"modern pentathlon","The Modern Pentathlon comprises five events run over a single day in the following order: shooting, fencing, swimming, horse riding and running. ","Pentathlon moderne","Le pentathlon est une combinaison de 5 sports différents : équitation, escrime, natation, tir et course. Les concurrents s'affrontent sur une seule journée ","pentatlón moderno","El Pentatlón Moderno consiste en una combinación de 5 deportes diferentes : equitación, esgrima, natación, tiro y carrera. Los competidores lo disputan en una sola jornada. ","Moderner Fünfkampf","Der moderne Fünfkampf umfasst 5 Ereignisse an einem Tag in der folgenden Reihenfolge: Schießen, Fechten, Schwimmen, Reiten und Laufen. ","Pentathlon moderno","Comprende 5 gare in un solo giorno nel seguente ordine: tiro al bersaglio, scherma, nuoto, corsa con cavallo e corsa ","近代五種","近代五種競技は、1日の間に次の順で実行される5つの競技から構成される:射撃、フェンシング、水泳、馬術およびランニング "
"http://cv.iptc.org/newscodes/subjectcode/15038001","subj:15038001",,,"subj:15038001",,,"running","Pentathlon event ","Course à pied","épreuve du pentathlon ","carrera a pié","Prueba de pentatlón ","Laufen","Disziplin im modernen Fünfkampf. ","Corsa","Gara di pentathlon ","ランニング","(近代)五種競技 "
"http://cv.iptc.org/newscodes/subjectcode/15038002","subj:15038002",,,"subj:15038002",,,"shooting","Pentathlon event ","tir","épreuve du pentathlon ","tiro","Prueba de pentatlón ","Schießen","Disziplin im modernen Fünfkampf. ","Tiro a segno","Gara di pentathlon ","射撃","(近代)五種競技 "
"http://cv.iptc.org/newscodes/subjectcode/15038003","subj:15038003",,,"subj:15038003",,,"swimming","Pentathlon event ","Natation","épreuve du pentathlon ","natación","Prueba de pentatlón ","Schwimmen","Disziplin im modernen Fünfkampf. ","Nuoto","Gara di pentathlon ","水泳","(近代)五種競技 "
"http://cv.iptc.org/newscodes/subjectcode/15038004","subj:15038004",,,"subj:15038004",,,"fencing","Pentathlon event ","escrime","épreuve du pentathlon ","esgrima","Prueba de pentatlón ","Fechten","Disziplin im modernen Fünfkampf ","Scherma","Gara di pentathlon ","フェンシング","(近代)五種競技 "
"http://cv.iptc.org/newscodes/subjectcode/15038005","subj:15038005",,,"subj:15038005",,,"showjumping","Pentathlon event ","Equitation","épreuve du pentathlon ","saltos hípicos","Prueba de pentatlón ","Springreiten","Disziplin im modernen Fünfkampf. ","Salto ad ostacoli","Gara di pentathlon ","馬術","(近代)五種競技 "
"http://cv.iptc.org/newscodes/subjectcode/15039000","subj:15039000",,"subj:15039000",,,,"motor racing","Motor racing where speed and trusty mechanics are key ","Automobile","sport mécanique et de vitesse opposant des véhicules à moteur ","automobilismo","Carreras de vehículos a motor, donde la velocidad y confiabilidad de la mecánica constituyen la clave de la confrontación ","Automobilsport","Autorennen, bei dem Geschwindigkeit und zuverlässige Mechanik gewertet werden. ","Automobilismo","Corse automobilistiche di varo tipo ","自動車レース","スピードと信頼できる整備士が鍵となるモーター・レース "
"http://cv.iptc.org/newscodes/subjectcode/15039001","subj:15039001",,,"subj:15039001",,,"Formula One","Single cockpit car racing where 20 or so competitors race head to head over varied circuits around the world to win Grand Prix points in an individual and constructors championship ","F1","course de voitures monoplace uniquement conçues pour les courses de vitesse sur circuit ","fórmula uno (f1)","Carrera de velocidad entre autos monoplazas, donde 20 o más pilotos compiten cabeza a cabeza en variados circuitos alrededor del mundo, para ganar puntos en cada Gran Premio, que conforman el campeonato individual y de constructores. ","Formel 1","Einzelfahrer Autorennen bei dem 20 oder mehr Wettkämpfer ein Kopf-an-Kopf-Rennen über verschiedene Runden weltweit, um Grand Prix Punkte zu gewinnen in einem Einzel- und Konstrukteur-Wettbewerb. ","F1","Corsa automobilistica su monoposto su vari circuiti in tutto il mondo per i vincere punti nel campionato piloti e in quello costruttori ","Ｆ１","20人程度の競争者が個人別、製造者別で争う選手権で、グランプリ・ポイントを勝ち取るために世界中のさまざまなサーキットで先着競争する一人用運転席の自動車レース "
"http://cv.iptc.org/newscodes/subjectcode/15039002","subj:15039002",,,"subj:15039002",,,"F3000","Using less powerful motors than the Formula One, designated construction teams race over varied circuits the world over in speed races for individual and team honours over a season. ","F3000","course de voitures monoplace uniquement conçues pour les courses de vitesse sur circuit et construites par le constructeur désigné par la FIA selon une spécicfication établie par le FIA ","fórmula 3000","Carrera de autos monoplaza, con motores de menor poder que los de F1. Compiten en forme individual y por equipos, en variados circuitos alrededor del mundo según especificaciones de la organización FIA. ","F3000","Mit weniger starken Motoren als bei der Formel 1, fahren ausgewählte Konstrukteur-Teams über verschiedene Runden weltweit Geschwindigkeitsrennen im Einzel- und Teamwettbewerb über eine Saison. ","F3000","Corsa automobilistica su monoposto su vari circuiti, si usano motori meno potenti della F1 ","Ｆ３０００","F1ほど強力ではないエンジンを使い、指定されたコンストラクション･チームは、シーズンを通して世界中のさまざまなスピードレースのサーキットで個人とチームの名誉のためにレースを行う "
"http://cv.iptc.org/newscodes/subjectcode/15039003","subj:15039003",,,"subj:15039003",,,"endurance","Endurance races for a driver and co-pilot using specially built cars. ","Course d'endurance","course de longue distance disputée par des voitures bi-places construites spécialement pour la compétition ","resistencia","Carrera de resistencia para el conductor y copiloto, usando autos especialmente preparados. ","Ausdauer","Ausdauer Rennen mit einem Fahrer und einem Beifahrer mit speziell ausgebauten Autos. ","Endurance","Corse di resistenza con un pilota e un copilota con auto speciali ","耐久","特別に組み立てられた車を使用した正・副ドライバーによる耐久レース "
"http://cv.iptc.org/newscodes/subjectcode/15039004","subj:15039004",,,"subj:15039004",,,"Indy","North American top range professional league speed racing over circuits. ","Formule Indy","competition se déroulant sur des circuits organisé par une ligue professsionnelle américaine ","fórmula indy","Rango más alto de la Liga Profesional estadounidense de carreras de velocidad en distintos circuitos. ","Indy","Nordamerikanische professionelle Topliga der Geschwindigkeitsrennen über Runden. ","Indy","Gara di velocità sui circuiti organizzati in Nord America. ","インディカー","サーキットでのスピードレースにおける北米トップクラスのプロリーグ "
"http://cv.iptc.org/newscodes/subjectcode/15039005","subj:15039005",,,"subj:15039005",,,"CART","North American professional league speed racing. ","CART","competition se déroulant sur des circuits organisé par une ligue professsionnelle américaine ","fórmula cart","Competencia organizada por una de las ligas profesionales estadounidenses de carreras de velocidad. ","CART","Nordamerikanische professionelle Liga der Geschwindigkeitsrennen über Runden. ","CART","Gara di velocità sui circuiti organizzati in Nord America. ","カート","スピードレースの北米プロリーグ Championship Auto Racing Teams "
"http://cv.iptc.org/newscodes/subjectcode/15039006","subj:15039006",,,"subj:15039006",,,"NHRA","North American professional league speed racing. ","NHRA","competition se déroulant sur des circuits organisé par une ligue professsionnelle américaine ","nhra","Competencia organizada por una de las ligas profesionales estadounidenses de carreras de velocidad. ","NHRA","Nordamerikanische professionelle Liga der Geschwindigkeitsrennen über Runden. ","NHRA","Gara di velocità sui circuiti organizzati in Nord America. ","ＮＨＲＡ","スピードレースの北米プロリーグ National Hot Rod Association "
"http://cv.iptc.org/newscodes/subjectcode/15039007","subj:15039007",,,"subj:15039007",,,"NASCAR","North American professional league speed racing. ","NASCAR","competition se déroulant sur des circuits organisé par une ligue professsionnelle américaine ","nascar","Competencia organizada por una de las liga profesionales estadounidenses de carreras de velocidad. ","NASCAR","Nordamerikanische professionelle Liga der Geschwindigkeitsrennen über Runden. ","NASCAR","Gara di velocità sui circuiti organizzati in Nord America. ","ナスカー","スピードレースの北米プロリーグ National Association for Stock Car Auto Racing "
"http://cv.iptc.org/newscodes/subjectcode/15039008","subj:15039008",,,"subj:15039008",,,"TRUCKI","North American professional league speed racing. ","TRUCKI","competition se déroulant sur des circuits organisé par une ligue professsionnelle américaine ","trucki (camiones)","Competencia entre camiones organizada por una de las ligas profesionales estadounidenses de velocidad. ","TRUCKI","Nordamerikanische professionelle Liga der Geschwindigkeitsrennen über Runden. ","TRUCKI","Gara di velocità sui circuiti organizzati in Nord America. ","ＴＲＵＣＫＩ","スピードレースの北米プロリーグ北米プロリーグ TRACKI "
"http://cv.iptc.org/newscodes/subjectcode/15040000","subj:15040000",,"subj:15040000",,,,"motor rallying","A season of endurance races over closed circuits including dirt tracks, roads and even snowy conditions featuring specials using adapted road cars with a driver and co-pilot. ","Rallyes","course à étape alliant des intinéraires de liaison où les concurrents sont tenus de respecter les lois en vigueur et des spéciales sur parcours fermé à la circulation ","rally","Carreras de resistencia por temporadas, disputadas sobre circuitos cerrados que incluyen caminos de tierra y carreteras, en las que figuran tramos con reglas especiales, usando autos adaptados con un conductor y un co-piloto. ","Motorrallye","Eine Saison von Ausdauerrennen über verschiedene Runden mit schmutzigen Straßen, Straßen- und Schneeverhältnissen, die spezielle Fahrzeuge mit einem Fahrer und einem Beifahrer benötigen. ","Campionato Rally","Serie di prove automobilistiche su vetture con pilota e navigatore su circuiti che includono piste e strade battute di vario tipo ","自動車ラリー","未舗装路や、雪など特殊な状況を含む一般道路に設定した専用コースを、正・副ドライバー2人が改造車に乗って行う耐久レースのシーズン戦 "
"http://cv.iptc.org/newscodes/subjectcode/15040001","subj:15040001",,,"subj:15040001",,,"rallying","Stage races ","étape","courses à étape ","rally por etapas","Carrera automovilística de Rally por etapas. ","Rallye","Rennen im Stadion. ","Rally","Singola prova di Rally ","ラリー","ステージレース "
"http://cv.iptc.org/newscodes/subjectcode/15040002","subj:15040002",,,"subj:15040002",,,"pursuit","Cross-country race with mass start, first half of the distance in classic and the other half in free style. ","Rallyes-raid","courses à étapes où la notion d'aventures s'joutent à la performance sportive ","raid","Carrera por etapas donde el cárater de aventura se suma al desempeño deportivo. ","Angriff","Querfeldein-Rennen im Massenstart, erste Hälfte der Distanz im klassischen Stil und die andere Hälfte im Freistil. ","Inseguimento","Gara con partenza in gruppo, la prima metà della distanza prevista si percorre in modo classico, la seconda in stile libero ","パーシュート","前半はクラッシック、後半はフリースタイルとなる一斉スタートのクロスカントリー競技 "
"http://cv.iptc.org/newscodes/subjectcode/15040003","subj:15040003",,,"subj:15040003",,,"rallycross","Stage races over dirt tracks ","Rallycross","courses à étapes se déroulant en tout terrain ","rallycross","Carrera por etapas sobre caminos todo terreno. ","Crossrallye","Rennen im Stadion über schmutzige Straßen. ","Rallycross","Corse a tappe su piste battute ","ラリークロス","ダートトラックによるステージレース "
"http://cv.iptc.org/newscodes/subjectcode/15041000","subj:15041000",,"subj:15041000",,,,"motorcycling","Races with 2, 3 or 4 wheels vehicles with a saddle and handlebars ","Moto","Course de véhicules à moteur avec 2, 3 ou 4 roues et sur lesquels le conducteur s'installe à califourchon et se dirige à l'aide d'un guidon. ","motociclismo","Carrera con vehículos de 2, 3 o 4 ruedas con sillín y manillar. ","Motorradrennen","Rennen mit 2,3 oder 4 rädrigen Fahrzeugen mit Sattel und Lenkstangen. ","Motociclismo","Gare su motoveicoli forniti di sellino e manubri ","オートバイレース","サドルおよびハンドルを備えた2輪、3輪あるいは4輪の乗り物によるレース "
"http://cv.iptc.org/newscodes/subjectcode/15041001","subj:15041001",,,"subj:15041001",,,"speed-Grand-Prix","A fast and furious race where every second counts ","Grand-Prix de vitesse","compétition où la vitesse est le seul facteur de compétition ","gran premio de velocidad","Exigente carrera donde la velocidad es fundamental y cada segundo cuenta. ","Speed Grand Prix","Ein schnelles Rennen bei dem jede Sekunde gezählt wird. ","Gran Premio","Corsa di moto di velocità ","グランプリ","1秒も無駄に出来ないような、速くて猛烈なレース "
"http://cv.iptc.org/newscodes/subjectcode/15041002","subj:15041002",,,"subj:15041002",,,"enduro","A race of speed, endurance and regularity over varied surfaces such as through forests and on dirt tracks ","enduro","épreuve de vitesse, de régularité et d'endurance qui se déroule sur terrain variés tels que sentiers forestiers ou chemins de terre ","enduro","Carrera de velocidad, resistencia y regularidad sobre variadas superficies, tales como bosques y caminos de tierra. ","Enduro","Geschwindigkeitsrennen, Ausdauer und Regeln über verschiedene Oberflächen, z.B durch den Wald und auf schmutzigen Straßen. ","Enduro","Corsa di velocità, resistenza e regolarità su varie superfici come ad esempio attraverso foreste e su piste battute ","エンデューロ","森林を抜けたりダートトラックなどの多彩な路面を走行して、スピード、耐久性および正確さを競う "
"http://cv.iptc.org/newscodes/subjectcode/15041003","subj:15041003",,,"subj:15041003",,,"grass-track","A race competed on turf ","Course sur herbe","épreuve se déroulant sur herbe ","carrera sobre césped","Carrera de moto sobre césped. ","Grasbahn","Rennen, was auf Gras ausgetragen wird. ","Pista erbosa","Una corsa disputata su prati ","グラストラック","芝生で競技するレース "
"http://cv.iptc.org/newscodes/subjectcode/15041004","subj:15041004",,,"subj:15041004",,,"moto-ball","Team sport where drivers play a ball ","moto-ball","compétition par équipes dans laquelle les pilotes manœuvrent un ballon ","moto-ball","Deporte de equipo sobre motos, donde los competidores juegan con una pelota para anotar en valla contraria. ","Motoball","Mannschaftssport bei dem die Fahrer mit einem Ball spielen. ","Motopalla","Uno sport di squadra in cui i piloti giocano a palla ","モトボール","ドライバーがボールを競うチームスポーツ "
"http://cv.iptc.org/newscodes/subjectcode/15041005","subj:15041005",,,"subj:15041005",,,"moto-cross","Raced over dirt tracks featuring severe mounds ","Motocross","course en terrain varié qui présente de fortes dénivellations ","motocross","Carrera de motos todoterreno en area con fuertes y variables desniveles. ","Motocross","Rennen über schmutzige Straßen und enge Dämme. ","Motocross","Corsa su un fondo battuto di vario tipo e che presenta dei forti dislivelli ","モトクロス","過酷な盛り土が特徴であるダートトラックのレース "
"http://cv.iptc.org/newscodes/subjectcode/15041006","subj:15041006",,,"subj:15041006",,,"rallying","Races run over regular roads ","Rallyes","épreuves disputées sur routes libres ","rally","Carrera de moto sobre rutas regulares. ","Rallye","Rennen über reguläre Straßen. ","Rallying","Prove disputate su strade normali ","ラリー","公道を走るレース "
"http://cv.iptc.org/newscodes/subjectcode/15041007","subj:15041007",,,"subj:15041007",,,"trial","A race of consistency and endurance over varied terrain ","Trial","épreuve de régularité et d'endurance organisée en terrain varié ","trial","Carrera de resistencia y regularidad en todo terreno. ","Trial","Rennen mit Belastung und Ausdauer durch unterschiedliches Gelände. ","Trial","Prova di regolarità ed equilibrio disputata su terreni di vario tipo ","トライアル","変化に富んだ地形を通って一貫性と耐久性を競う "
"http://cv.iptc.org/newscodes/subjectcode/15041008","subj:15041008",,,"subj:15041008",,,"endurance","A road race of consistency and endurance ","Endurance","épreuve de régularité et d'endurance organisée sur piste ","resistencia","Carrera de resistencia y regularidad pero en ruta. ","Endurance","Straßenrennen mit Belastung und Ausdauer. ","Endurance","Prova di regolarità e resistenza disputata su strada ","耐久","耐久ロードレース "
"http://cv.iptc.org/newscodes/subjectcode/15041009","subj:15041009",,,"subj:15041009",,,"superbike","Engine size ","superbike","catégorie d'engins ","superbike","Categoría de Moto por potencia de la máquina o motor. ","Superbike","Motorenstärke ","Superbike","Categoria di motori in base alla quale si disputa il campionato ","スーパーバイク","エンジン容量 "
"http://cv.iptc.org/newscodes/subjectcode/15041010","subj:15041010",,,"subj:15041010",,,"125 cm3","Engine size ","125cm3","catégorie d'engins ","125 cm3","Tamaño del motor. ","125ccm","Motorenstärke ",125,"Categoria di motori in base alla quale si disputa il campionato ","１２５ｃｃ","エンジン容量 "
"http://cv.iptc.org/newscodes/subjectcode/15041011","subj:15041011",,,"subj:15041011",,,"250 cm3","Engine size ","250cm3","catégorie d'engins ","250 cm3","Tamaño del motor. ","250ccm","Motorenstärke ",250,"Categoria di motori in base alla quale si disputa il campionato ","２５０ｃｃ","エンジン容量 "
"http://cv.iptc.org/newscodes/subjectcode/15041012","subj:15041012",,,"subj:15041012",,,"500 cm3","Engine size ","500cm3","catégorie d'engins ","500 cm3","Tamaño del motor. ","500ccm","Motorenstärke ",500,"Categoria di motori in base alla quale si disputa il campionato ","５００ｃｃ","エンジン容量 "
"http://cv.iptc.org/newscodes/subjectcode/15041013","subj:15041013",,,"subj:15041013",,,"side-cars","Of different engine sizes but attached to a side car featuring a passenger ","side-cars","catégorie d'engins où la moto est lié à un habitable à une roue pour un passager ","carrera de sidecars","Con diferentes tamaños de motor, pero con la característica de llevar adherido en su costado otra sección con un acompañante. ","Beiwagen","Mit verschiedenen Motorenstärken aber an der Seite mit einer Sitzmöglichkeit für einen Beifahrer. ","Sidecar","Motoveicolo che su un lato ha attaccato un altro veicolo per portare un passeggero ","サイドカー","様々なエンジン容量があるが、人を乗せるためのサイドカーが付いている "
"http://cv.iptc.org/newscodes/subjectcode/15041014","subj:15041014",,,"subj:15041014",,,"motoGP","Capacity class 1000ccm ","MotoGP","Catégorie des 1000 cm3 ","1000 cm3","Tamaño del motor. ","MotoGP","Hubraumklasse 1000 Kubikzentimeter. ","Moto GP","Categoria di motori in base alla quale si disputa il campionato ","モトＧＰ","1000ccの容量のクラス "
"http://cv.iptc.org/newscodes/subjectcode/15042000","subj:15042000",,"subj:15042000",,,,"netball","A woman's sport similar to basketball without a board behind the basket ","Netball","Sport féminin similaire au basket-ball, mais sans planche pour soutenir le panier ","netbol","Deporte de mujeres similar al baloncesto, aunque sin tablero detrás del cesto. ","Netzball","Sportart für Frauen, ähnlich dem Basketball, aber ohne Brett hinter dem Korb. ","Netball","Uno sport femminile simile alla pallacanestro ma senza tabellone dietro al cesto ","ネットボール","バスケットの後ろの板を外したバスケットボールのような女性向けスポーツ "
"http://cv.iptc.org/newscodes/subjectcode/15043000","subj:15043000",,"subj:15043000",,,,"nordic skiing","Practiced in snowy countryside and based on power and endurance. There are classic and free style events with mass or staggered starts. ","Ski nordique","Discipline pratiquée en pleine nature qui repose sur l'endurance et la puissance du mouvement. Elle se pratique soit en style classique soit en style libre, avec départ en ligne ou échelonné et contre-la-montre selon les épreuves ","esquí nórdico","Deporte de esquí practicado en campos nevados y basado en el poder y la resistencia. Hay eventos clásicos o de estilo libre con largada colectiva o individual. ","Ski nordisch","Findet im schneebedeckten Gelände statt und basiert auf Kraft und Ausdauer. Es gibt klassische und Freistil Wettkämpfe mit Massenstart oder gestaffeltem Start. ","Sci nordico","Praticato in campi innevati si basa sulla potenza e la resistenza. Esistono gare con stile classico e con stile libero, con la partenza in massa o a scaglioni ","ノルディックスキー","雪の降る地方で行われ、体力と持久力がベースとなる。一斉スタート方式、またはスタートをずらす方式があり、クラシカルとフリースタイルの種目がある "
"http://cv.iptc.org/newscodes/subjectcode/15043001","subj:15043001",,,"subj:15043001",,,"cross-country","Nordic ski race ","Course de fond","course de ski nordique ","cross country (campo traviesa)","Carrera de esquí nórdico. ","Langlauf","Langlaufrennen Ski nordisch. ","Sci di fondo","Corsa di sci nordico ","クロスカントリー","ノルディック・スキーレース "
"http://cv.iptc.org/newscodes/subjectcode/15043002","subj:15043002",,,"subj:15043002",,,"5 km classical time","A 5km classic race in that the competitor keeps his skis parallel except on steep inclines where the scissor move is used ","5 km Style classique","course de 5km style classique : le skieur garde les skis parallèles, sauf dans les montées à fort pourcentage, où il utilise le pas de ciseaux ","estilo clásico 5 km.","Carrera clásica de 5 km. en la que los competidores mantienen sus esquís paralelos, excepto en pendientes pronunciadas, las que se usa el movimiento de tijera. ","5 km klassisch","5 km Rennen im klassichen Stil bei dem der Wettkämpfer seine Skier parallel führen muss außer in der freien Technik (Skating) bei Benutzung des scissor move"". ""","5 km tecnica classica","Corsa di 5 km durante la quale i concorrenti gareggiano con gli sci che scorrono paralleli eccetto su pendii scoscesi dove possono procedere con movimento a forbice ","５ｋｍクラシカル","5Kmのクラシック・スタイルレース。競技者は、逆ハの字が使われるような急勾配を除くと、スキー板を並行に保つ "
"http://cv.iptc.org/newscodes/subjectcode/15043003","subj:15043003",,,"subj:15043003",,,"10 km classical style","A 10km classic race in that the competitor keeps his skis parallel except on steep inclines where the scissor move is used ","10 km style classique","course de 10 km de style classique : le skieur garde les skis parallèles, sauf dans les montées à fort pourcentage, où il utilise le pas de ciseaux ","10 km. estilo clásico","Clásica carrera de 10 km. en la que los competidores mantienen sus esquís paralelos, excepto en pendientes, donde es usado el movimiento de tijera. ","10 km klassisch","10 km Rennen im klassichen Stil bei dem der Wettkämpfer seine Skier parallel führen muss außer bei Benutzung des scissor move"". ""","10 km tecnica classica","Corsa tipica di 10 km in cui i concorrenti gareggiano tenendo i loro sci paralleli eccetto nei pendii scoscesi dove possono muoversi con gli sci a forbice ","１０ｋｍクラシカル","10Kmのクラシックスタイル・レース。競技者は、逆ハの字にするような急勾配を除くと、スキー板を並行に保つ "
"http://cv.iptc.org/newscodes/subjectcode/15043004","subj:15043004",,,"subj:15043004",,,"10 km pursuit free style","Staggered start depending on positions with competitors using a skating like technique on skis ","10 km poursuite libre","Course de 10 km à départ échelonné où les concurrents utilisent une technique semblable à du patinage ","10 km. persecución estilo libre","Competencia en dos mangas en 10km, una estilo clásico contra reloj y partida escalonada, la otra estilo libre y con salida de acuerdo al tiempo de la primera fase. El que atraviesa primero la línea de meta gana. ","10 km Freistil","10 km Rennen im Freistil mit Verfolgungsstart abhängig von Positionen, bei der die Wettkämpfer eine eislaufähnliche Technik auf Skiern (Skating) benutzen. ","10 km inseguimento in stile libero","Partenza a scaglioni in base alle posizioni dei concorrenti, i quali, possono usare la tecnica di pattinaggio sugli sci ","１０ｋｍフリースタイル追い抜き","競技者間の位置に依存する時間差でスタートし、スキーでスケーティングのようなテクニックを使う "
"http://cv.iptc.org/newscodes/subjectcode/15043005","subj:15043005",,,"subj:15043005",,,"15 km classical style","A 15km race using the classical style of keeping skies parallel ","15 km style classique","course de 15km style classique : le skieur garde les skis parallèles, sauf dans les montées à fort pourcentage, où il utilise le pas de ciseaux ","15 km. estilo clásico","Carrera de 15 km., usando el clásico estilo de mantener los esquís paralelos, salvo en pendientes pronunciadas, donde se usa movimiento de tijera. ","15 km klassisch","15 km Rennen im klassischen Stil, bei dem die Skier parallel geführt werden. ","15 km tecnica classica","Corsa di 15 km nella quale si usa lo stile classico di tenere gli sci paralleli ","１５ｋｍクラシカル","15kmのクラシックスタイル+W1097レース。スキーを平行に保つ "
"http://cv.iptc.org/newscodes/subjectcode/15043006","subj:15043006",,,"subj:15043006",,,"15 km pursuit free style","15km race with staggered start using free style technique similar to a skating motion ","15 km poursuite libre","Course de 15 km à départ échelonné où les concurrents utilisent une technique semblable à du patinage ","15 km. persecución estilo libre","Carrera de 15 km. Con dos mangas en un día (estilo clásico contrarreloj y libre). ","15 km Freistil","15 km Rennen im Freistil mit Verfolgungsstart abhängig von Positionen, bei der die Wettkämpfer eine eislaufähnliche Technik auf Skiern (Skating) benutzen. ","15 km inseguimento in stile libero","Corsa di 15 km con partenza in scaglioni e nella quale si usa la tecnica dello stile libero, un moto simile a quello del pattinaggio ","１５ｋｍフリースタイル追い抜き","15Kmのフリースタイル・レースで、時間差でスタートする。スケーティング動作のようなテクニックを使う "
"http://cv.iptc.org/newscodes/subjectcode/15043007","subj:15043007",,,"subj:15043007",,,"10 km + 15 km combined","10km classic followed by 15km free-style race ","10 km + 15 km combiné","les 2 manches le même jour sur 10km, la manche classique en contre-la-montre avec départ échelonné, la manche libre disputée en fonction des temps de la 1re (le meilleur temps en 1er, suivi du 2e temps, etc), le premier à franchir la ligne a gagné. ","10km + 15km combinado","10 km clasicos seguidos de 15km de estilo combinado ","10 km+15 km Kombination","10 km Rennen im klasssichen Stil gefolgt von 15 km im Freistil. ","10 km + 15 km combinata","Corsa classica di 10 km seguita da una corsa di 15 km in stile libero ","１０＋１５ｋｍ複合","10kmクラシック。15kmフリースタイル・レースに準拠 "
"http://cv.iptc.org/newscodes/subjectcode/15043008","subj:15043008",,,"subj:15043008",,,"30 km classical style","A 30km classic race in that the competitor keeps his skis parallel except on steep inclines where the scissor move is used ","30 km style classique","course de 30km style classique : le skieur garde les skis parallèles, sauf dans les montées à fort pourcentage, où il utilise le pas de ciseaux ","30 km. estilo clásico","Carrera clásica de 30 km. donde los competidores dejan sus esquís paralelos, excepto en pendientes donde se utiliza el movimiento tijera. ","30 km klassisch","30 km Rennen im klassichen Stil bei dem der Wettkämpfer seine Skier parallel führen muss außer bei Benutzung des scissor move"". ""","30 km tecnica classica","Corsa di 30 km in cui gli sciatori tengono i loro sci paralleli eccetto sui pendii scoscesi dove possono usare il moto a forbice ","３０ｋｍクラシカル","30kmのクラシック・レース。急勾配ではスキー逆ハの字に開くが、それ以外はスキーを平行に保つ "
"http://cv.iptc.org/newscodes/subjectcode/15043009","subj:15043009",,,"subj:15043009",,,"30km free style","A 30km free-style race where the most common style is the skate style where competitors slide and the skis do not need to be parallel ","30 km libre","course de 30km style libre : tous les pas sont permis, le plus utilisé étant le pas du patineur dans lequel le skieur se laisse glisser sur ses skis qui ne sont plus parallèles ","30 km estilo libre","Carrera de 30 Km. de estilo libre, donde se permiten todos los pasos y en la cual se emplea comúnmente el estilo de patinaje, con el que los competidores se dejan deslizar en el descenso sin necesidad de mantener los esquíes paralelos. ","30 km Freistil","30 km Rennen im Freistil, bei dem der meist verwendete Stil das Skating ist, bei dem die Wettkämpfer gleiten und die Skier nicht parallel führen müssen. ","30 km stile libero","Corsa di 30 km in stile libero in cui lo stile più comune è quello del pattinaggio, gli sciatori procedono scivolando e non obbligatoriamente con gli sci paralleli ","３０ｋｍフリースタイル","30kmのフリースタイル・レース。最も一般的なスタイルで、競技者が滑走するスケートスタイル。スキー板を平行にする必要はない "
"http://cv.iptc.org/newscodes/subjectcode/15043010","subj:15043010",,,"subj:15043010",,,"50 km free style","A 50km free style race where the most common style is the skate style where competitors slide and the skis do not need to be parallel ","50 km libre","course de 50km style libre : tous les pas sont permis, le plus utilisé étant le pas du patineur dans lequel le skieur se laisse glisser sur ses skis qui ne sont plus parallèles ","50 km estilo libre","Igual que anterior, pero en carrera de 50 Km. de estilo libre. ","50 km Freistil","30 km Rennen im Freistil, bei dem der meist verwendete der eiskunstlaufähnliche Stil ist, bei dem die Wettkämpfer gleiten und die Skier nicht parallel führen müssen. ","50 km stile libero","Corsa di 50 km in stile libero dove lo stile più comune è quello del pattinaggio e gli sciatori procedono scivolando e non obbligatoriamente con gli sci paralleli ","５０ｋｍフリースタイル","50kmのフリースタイル･レース。最も一般的なスタイルで、競技者が滑走するスケートスタイル。スキー板を平行にする必要はない "
"http://cv.iptc.org/newscodes/subjectcode/15043011","subj:15043011",,,"subj:15043011",,,"4x5 km relay","Teams of four competitors ski 5km each in relay fashion ","4x5 km relais","quatre fois 5 km. Les 2 premiers relayeurs skient en style classique, les 2 derniers en style libre ","4x5km relevos","Equipos de cuatro esquiadores corren 5 Km. cada uno, en la modalidad de relevos, los dos primeros en estilo clásico y los últimos en estilo libre. ","4x5 km Staffel","Teams mit jeweils vier Skifahrern, die jeweils 5 km in gestaffelter Form zurücklegen müssen. ","Staffetta 4 x 5 km","Le squadre, ciascuna di quattro sciatori, portano a termine una corsa di staffetta di 5 km ","２０ｋｍリレー","チームは４名で、それぞれ5kmをリレー方式で滑る "
"http://cv.iptc.org/newscodes/subjectcode/15043012","subj:15043012",,,"subj:15043012",,,"4x10 km relay","Teams of four competitors ski 10km each in relay fashion ","4x10 km relais","quatre fois 10km. Les 2 premiers relayeurs skient en style classique, les 2 derniers en style libre ","4x10km relevos","Igual que anterior pero 10 km. ","4x10 km Staffel","Teams mit jeweils vier Skifahrern, die jeweils 10 km in gestaffelter Form zurücklegen müssen. ","Staffetta 4 x 10 km","Le squadre, composta ciascuna da quattro sciatori, portano a termine una corsa di staffetta di 10 km ","４０ｋｍリレー","チームは４名で、それぞれ10kmをリレー方式で滑る "
"http://cv.iptc.org/newscodes/subjectcode/15043013","subj:15043013",,,"subj:15043013",,,"nordic combined","A two day competition combining the ski jump and a cross-country race. ","Combiné nordique","discipline réservée aux hommes allie le saut et le ski de fond et se déroule sur 2 jours. ","nórdico combinado","Competencia reservada a los hombres, con combinación de salto de esquí y carreras a campo traviesa, durante dos días. ","Nordische Kombination","Wettkampf über 2 Tage, der das Skispringen und das Langlaufrennen kombiniert. ","Combinata nordica","Competizione che dura due giorni e combina salto con gli sci e sci di fondo ","ノルディック複合","スキージャンプとクロスカントリーレースを組み合わせて、2日間競う "
"http://cv.iptc.org/newscodes/subjectcode/15043014","subj:15043014",,,"subj:15043014",,,"raid","NA ","Raid","NA ","raid","NA ","Angriff","--- ","Raid","NA ","レイド",
"http://cv.iptc.org/newscodes/subjectcode/15043015","subj:15043015",,,"subj:15043015",,,"5 km pursuit free style","Cross-country skiing over a 5km course in a pursuit format ","5 km poursuite libre","Course de 5 km à départ échelonné où les concurrents utilisent une technique semblable à du patinage ","campo traviesa 5 km. persecución libre","Esquí de fondo a lo largo de una pista de 5 Km. en formato de persecución. ","5 km Freistil","Langlauf über 5 km im Verfolgungsstart. ","5 km inseguimento in stile libero","Gara di sci su un percorso di 5 km in stile da inseguimento ","５ｋｍフリースタイル","追い抜き形式の5Kコースのクロスカントリースキー "
"http://cv.iptc.org/newscodes/subjectcode/15043016","subj:15043016",,,"subj:15043016",,,"1.5 km sprint free","Cross-country skiing over a 1.5km course in a sprint format ","1.5 km style libre","course de 1,5km style libre tous les pas sont permis ","campo traviesa 1,5 km. embalaje libre","Esquí de fondo a lo largo de una pista de 1,5 Km. en formato de embalaje libre. ","1.5 km Sprint Freistil","Langlauf über 1,5 km als Sprint. ","1,5 km sprint","Gara di sci di fondo in velocità su un percorso di 1,5 km ","１．５ｋｍスプリント","スプリント形式の1.5Kコースのクロスカントリースキー "
"http://cv.iptc.org/newscodes/subjectcode/15043017","subj:15043017",,,"subj:15043017",,,"50 km classic style","Cross-country skiing over a 50km course in a classic style format ","50 km style classique","course de 50km style classique : le skieur garde les skis parallèles, sauf dans les montées à fort pourcentage, où il utilise le pas de ciseaux ","50 km. estilo clásico","Esquí de fondo a lo largo de una cancha de 50 Km. en formato clásico. ","50 km klassisch","Langlauf über 50 km im klassischen Stil. ","50 km stile classico","Gara di 50 km in tecnica classica ","５０ｋｍクラシカルスタイル","クラシック形式の50Kコースのクロスカントリースキー "
"http://cv.iptc.org/newscodes/subjectcode/15044000","subj:15044000",,"subj:15044000",,,,"orienteering","An individual time-trial over a route marked out by beacons. The competitor has to search out and find in a specific order. The contestant makes his way with the help of a compass and map ","Course d'orientation","Course individuelle contre la montre sur un parcours matérialisé par des balises que le concurrent doit découvrir dans un ordre imposé. Le coureur définit son chemin à l'aide d'une boussole et d'une carte. ","carrera de orientación","Prueba individual por tiempo en una ruta marcada por balizas. El competidor tiene que buscar y encontrar las marcas en un orden específico, con la ayuda de una brújula y un mapa. ","Orientierung","Einzelzeitrennen über eine mit Fackeln markierte Strecke, die der Wettkämpfer mithilfe von Kompass und Karte in einer bestimmten Reihenfolge finden muss. ","Orientamento","Gara individuale a tempo su un itinerario segnato da segnali che gli sciatori devono cercare e trovare in un ordine determinato con l'aiuto di una bussola e una mappa ","オリエンテーリング","標識で印を付けたルートを回る個人のタイムトライアル。競技者は標識を特定の順序で探索する必要がある。競技者はコンパスと地図の助けを借りて前進する "
"http://cv.iptc.org/newscodes/subjectcode/15044001","subj:15044001",,,"subj:15044001",,,"ski orienteering","An individual ski time-trial over a route marked out by beacons, that the competitor has to search out and find in a specific order. The contestant makes his way with the help of a compass and map ","Course d'orientation à skis","Course individuelle contre la montre à ski, sur un parcours matérialisé par des balises que le concurrent doit découvrir dans un ordre imposé. Le coureur définit son chemin à l'aide d'une boussole et d'une carte. ","orientación en esquí","Prueba individual por tiempo sobre esquís en una ruta marcada por balizas. El competidor tiene que buscar y encontrar las marcas en un orden específico, con la ayuda de una brújula y un mapa. ","Ski Orientierung","Einzelzeitrennen auf Skiern über eine mit Fackeln markierte Strecke, die der Wettkämpfer mithilfe von Kompass und Karte in einer bestimmten Reihenfolge finden muss. ","Sci Orientamento","Gara a tempo sugli sci su un itinerario segnato da ostacoli che i concorrenti devono cercare e trovare in uno specifico ordine con l'aiuto di una bussola e una mappa ","スキーオリエンテーリング","標識で印を付けたルートを回る個人のスキーのタイムトライアル。競技者は標識を特定の順序で探索する必要がある。競技者はコンパスと地図の助けを借りて前進する "
"http://cv.iptc.org/newscodes/subjectcode/15045000","subj:15045000",,"subj:15045000",,,,"polo","With the aid of a mallet two teams of four horsemen try and knock a bamboo ball into the opponents goal over a pitch 250m long and 150m wide. The game is divided into 4, 6, or 8 time periods of 7min 30sec called chukkas. ","Polo","A l'aide d'un maillet, deux équipes de 4 cavaliers tentent de lancer dans les buts adverses une balle en racine de bambou sur un terrain de 250 m de long sur 150 de large. Une partie est divisée en 4, 6 ou 8  chukkas "", périodes de 7 mn et 30 s. ""","polo","Con la ayuda de un mazo con bastón, dos equipos de cuatro hombres a caballo, tratan de introducir una pelota de bambú dentro del arco rival, en una cancha de 250m de largo y 150m de ancho. El juego está dividido en tiempos de 7,30 minutos. ","Polo","Mithilfe eines Schlägers versuchen zwei Teams mit je vier Reitern einen Bambusball in das gegnerische Tor zu schießen über ein Feld von 250 m Länge und 150 m Breite. Das Spiel ist unterteilt in 4,6 oder 8 Zeitperioden von 7 min 30 sec. chukkas"" genannt. ""","Polo","Con l'aiuto di un martello di legno due squadre, composta ciascuna da quattro fantini, cercano e colpiscono una palla di bambù verso la porta avversaria in un campo lungo 250 m e largo 150 m. Il gioco è diviso in 4, 6, o 8 tempi, chiamati chukkas, di 7 minuti e 30 secondi ","ポロ","木づちを使って、4人の騎手からなる2チームが縦250m、横150mのピッチ上で、相手ゴールに竹ボールを打ち込もうとする。試合は7分30秒の、チョーカーと呼ばれる4つ、6つ、あるいは8つのピリオドに分割される "
"http://cv.iptc.org/newscodes/subjectcode/15046000","subj:15046000",,"subj:15046000",,,,"power boating","Races between motor boats on rivers or lakes ","Motonautisme","Les courses entre les embarcations motorisées en mer, sur rivière ou sur lac. ","motonáutica","Carreras entre motos de agua en el mar, ríos o lagos. ","Motorbootsport","Rennen zwischen Motorbooten auf Flüssen oder Seen. ","Motonautica","Gara tra barche a motore ","モーターボート","川や湖でのモーターボートレース "
"http://cv.iptc.org/newscodes/subjectcode/15046001","subj:15046001",,,"subj:15046001",,,"F1","Sprint race ","F1","épreuve de vitesse ","f1","Carreras de velocidad en motonáutica. ","F1","Sprint-Rennen. ","F1","Gara di velocità tra barche a motore ","Ｆ１","スプリントレース "
"http://cv.iptc.org/newscodes/subjectcode/15046002","subj:15046002",,,"subj:15046002",,,"F2","Long distance race ","F2","épreuve d'endurance ","f2","Carreras de larga resistencia y distancia en motonaútica. ","F2","Langstrecken-Rennen. ","F2","Gara di velocità tra barche a motore ","Ｆ２","長距離レース "
"http://cv.iptc.org/newscodes/subjectcode/15047000","subj:15047000",,"subj:15047000",,,,"rowing","Boat racing usually on flat calm waters with boats for 1, 2, 4 or 8 rowers ","Aviron","sport de glisse qui se déroule sur un plan d'eau, de préférence sans vent et sans courant dans des embarcations de 1, 2, 4 ou 8 rameurs. ","remo","Carrera de botes, usualmente en aguas tranquilas y calmas, con embarcaciones de 1, 2, 4 u 8 remeros. ","Rudern","Bootsrennen meist in flachen ruhigen Gewässern mit Booten für 1,2,4,oder 8 Ruderern. ","Canottaggio","Gara su fiumi o laghi con barche per 1, 2, 4, o 8 rematori ","ボート","通常は平たんで静かな水面で、1人、2人、4人、または8人のこぎ手によるボートレース "
"http://cv.iptc.org/newscodes/subjectcode/15047001","subj:15047001",,,"subj:15047001",,,"single sculls","Single person boats with two oars ","Skiff","embarcation avec un rameur et un aviron dans chaque main ( couple) ","single scull","Bote para una persona con dos remos. ","Einer","Boot für eine Person mit zwei Rudern. ","Singolo","Barche per una persona con due remi ","シングルスカル","2本のオールを使う1人用ボート "
"http://cv.iptc.org/newscodes/subjectcode/15047002","subj:15047002",,,"subj:15047002",,,"double sculls","Two person boats with two oars each ","Double sculls","embarcation avec deux rameurs ayant un aviron dans chaque main ","doble scull","Bote para dos personas con dos remos cada uno. ","Doppelzweier","Boot für zwei Personen mit je zwei Rudern. ","Doppio","Barche per due persone con due remi a testa ","ダブルスカル","各自が2本のオールを使う2人用ボート "
"http://cv.iptc.org/newscodes/subjectcode/15047003","subj:15047003",,,"subj:15047003",,,"quadruple sculls","Four person boats with two oars each and without a team mate to give directions ","Quatre en couple sans barreur","embarcation avec quatre rameurs ayant un aviron dans chaque main et sans un équipier qui donne des ordres aux rameurs ","cuádruple scull","Bote para cuatro personas con dos remos cada uno y sin compañero de equipo para dar direcciones. ","Doppelvierer","Boot für vier Personen mit je zwei Rudern und ohne den Steuermann. ","Quattro di coppia","Barche per quattro persone con due remi a testa e senza un compagno di squadra che indichi la direzione ","４人スカル","各自が2本のオールを使う指示者なしの4人用ボート "
"http://cv.iptc.org/newscodes/subjectcode/15047004","subj:15047004",,,"subj:15047004",,,"coxless pair","Two person boats with just one oar each and without a team mate to give directions ","Deux sans barreur","embarcation avec deux rameurs ayant en mains qu'un aviron (en pointe) et sans un équipier qui donne des ordres aux rameurs ","par sin timonel","Bote para dos personas, con solamente un remo para cada uno y sin compañero de equipo para dar direcciones. ","Zweier ohne Steuermann/Steuerfrau","Boot für zwei Personen mit einem Ruder für jeden und ohne Steuermann. ","Due senza","Barche per due persone con un remo a testa e senza un compagno che indichi la direzione ","かじなしペア","各自が1本のオールを使う指示者なしの2人用ボート "
"http://cv.iptc.org/newscodes/subjectcode/15047005","subj:15047005",,,"subj:15047005",,,"coxless four","Four person boats with just one oar each and without a team mate to give directions ","Quatre sans barreur","embarcation avec quatre rameurs ayant en mains qu'un aviron (en pointe) et sans un équipier qui donne des ordres aux rameurs ","cuatro sin timonel","Bote para cuatro personas, con un remo para cada uno y sin compañero de equipo para dar direcciones. ","Vierer ohne Steuermann/Steuerfrau","Boot für vier Personen und einem Ruder für jeden ohne Steuermann. ","Quattro senza","Barche per quattro persone con un remo a testa e senza un compagno che indichi la direzione ","かじなしフォア","各自が1本のオールを使う指示者なしの4人用ボート "
"http://cv.iptc.org/newscodes/subjectcode/15047006","subj:15047006",,,"subj:15047006",,,"eight","Eight person boats with just one oar each and without a team mate to give directions ","Huit","embarcation avec huit rameurs ayant en mains qu'un aviron (en pointe) et avec un équipier qui donne des ordres aux rameurs ","ocho","Bote para ocho personas, con solamente un remo para cada uno y sin compañero de equipo para dirigir. ","Achter","Boot für acht Personen und einem Ruder pro Person ohne Steuermann. ","Otto","Barche per otto persone con un remo a testa e senza un compagno che indichi la direzionee ","エイト","各自が1本のオールを使う指示者なしの8人用ボート "
"http://cv.iptc.org/newscodes/subjectcode/15047007","subj:15047007",,,"subj:15047007",,,"lightweight","Where a weight category is imposed on competitors ","Poids léger","catégorie de poids imposée aux compétiteurs ","peso ligero","Categoría de peso impuesta a los competidores. ","Leichtgewicht","Gewichtsklasse die bestimmt wird von den Wettkämpfern. ","Peso leggero","Quando ai concorrenti è imposta una categoria di peso ","軽量級","競技者に課せられる重量のカテゴリー "
"http://cv.iptc.org/newscodes/subjectcode/15048000","subj:15048000",,"subj:15048000",,,,"rugby league","Two teams of 13 compete on a pitch where they score tries and penalties by running with and passing an oval ball to be touched down behind the goal line or kicked between goal posts in a tough physical contest ","Jeu à XIII","Deux équipes de 13 joueurs essaient de marquer le plus d'essais et de pénalités possibles en portant, passant ou bottant un ballon ovale. ","liga de rugby (rugby 13)","Dos equipos de 13 jugadores compiten en una cancha de césped durante dos tiempos, anotando tries, conversiones y penales, corriendo y pasándose un balón ovalado, que debe ser apoyado detrás de la línea de anotación, o pateado entre los postes. ","Rugbyliga","Zwei Teams mit je 13 Spielern kämpfen um Punktabstand, indem sie Versuche und Strafpunkte bekommen durch Rennen und werfen eines ovalen Balles, der hinter der Torlinie den Boden berühren muss oder zwischen zwei Torpfosten geschossen wird in einem harten körperlichen Wettkampf. ","Lega del rugby","Due squadre, composta ciascuna da 13 concorrenti, competono su un campo dove segnano punti e penalità correndo con una palla ovale che si passano e devono farla toccare a terra nell'area di meta avversaria o calciata tra i pali della porta ","１３人制ラグビー","13人からなる2つのチームがピッチで競い、選手は楕円形のボールをパスしながら走り、ゴールラインの後ろでタッチダウンするか、相手のペナルティで得点するか、またはボールをキックしてゴールポストの間を通過させることで得点する、屈強な肉体競技 "
"http://cv.iptc.org/newscodes/subjectcode/15049000","subj:15049000",,"subj:15049000",,,,"rugby union","Two teams of 15 compete on a pitch where they score tries and penalties by running with and passing an oval ball to be touched down behind the goal line or kicked between goal posts in a tough physical contest ","Rugby à XV","Deux équipes de 15 joueurs essaient de marquer le plus d'essais et de pénalités possibles en portant, passant ou bottant un ballon ovale. ","unión de rugby (rugby 15)","Dos equipos de 15 jugadores compiten en una cancha de césped durante dos tiempos, anotando tries, conversiones y penales, corriendo y pasándose un balón ovalado, que debe ser apoyado detrás de la línea de anotación, o pateado entre los postes. ","Rugby Union","Zwei Teams mit je 15 Spielern kämpfen um Punktabstand, indem sie Versuche und Strafpunkte bekommen durch Rennen und werfen eines ovalen Balles, der hinter der Torlinie den Boden berühren muss oder zwischen zwei Torpfosten geschossen wird in einem harten körperlichen Wettkampf. ","Union rugby","Due squadre, composta ciascuna da 15 giocatori, competono su un campo dove segnano punti e penalità correndo con una palla ovale che si passano e devono farla toccare a terra nell'area di meta avversaria o calciata tra i pali della porta ","ラグビー","15人からなる2つのチームがピッチで競い、選手は楕円形のボールをパスしながら走り、ゴールラインの後ろでタッチダウンするか、相手のペナルティで得点するか、またはボールをキックしてゴールポストの間を通過させることで得点する、屈強な肉体競技 "
"http://cv.iptc.org/newscodes/subjectcode/15049001","subj:15049001",,,"subj:15049001",,,"rugby 7","A more fun and exciting variety where two teams of 7 compete on a pitch where they score tries and penalties by running with and passing an oval ball to be touched down behind the goal line or kicked between goal posts in a tough physical contest ","Rugby à VII","Deux équipes de 7 joueurs essaient de marquer le plus d'essais et de pénalités possibles en portant, passant ou bottant un ballon ovale. ","rugby 7 (seven)","Modalidad en la que dos equipos de 7 jugadores compiten en una cancha, anotando tries, conversiones y penales, corriendo y pasándose un balón ovalado, que debe ser apoyado detrás de la línea de anotación, o pateado entre los postes. ","Rugby 7","Ein lustigere und aufregendere Variante, bei der zwei Teams mit je 7 Spielern um Punktabstand kämpfen, indem sie Versuche und Strafpunkte bekommen durch Rennen und werfen eines ovalen Balles, der hinter der Torlinie den Boden berühren muss oder zwischen zwei Torpfosten geschossen wird in einem harten körperlichen Wettkampf. ","Rugby 7","Due squadre, ciascuna composta da sette giocatori, competono su un campo dove segnano punti e penalità correndo con una palla ovale che si passano e devono farla toccare a terra nell'area di meta avversaria o calciata tra i pali della porta ","７人制ラグビー","より楽しく刺激的な種類の競技で、7人からなる2つのチームがピッチで競い、選手は楕円形のボールをパスしながら走り、ゴールラインの後ろでタッチダウンするか、相手のペナルティで得点するか、またはボールをキックしてゴールポストの間を通過させることで得点する、屈強な肉体競技 "
"http://cv.iptc.org/newscodes/subjectcode/15050000","subj:15050000",,"subj:15050000",,,,"sailing","Sail boat racing over a route marked by buoys. ","Voile","compétitition consistant à parcourir une distance donnée dans un minimum de temps avec un voilier ","vela","Carrera de barcos de vela, sobre una ruta marcada por boyas. ","Segeln","Segelboot Rennen auf einer Rute die durch Bojen gekennzeichnet ist. ","Vela","Regate di barche a vela lungo un percorso segnato da boe ","ヨット","ブイでマークされたルートを廻る帆船競技 "
"http://cv.iptc.org/newscodes/subjectcode/15050001","subj:15050001",,,"subj:15050001",,,"Tornado","Boat Category: two man catamaran (21m/sq mainsail) Olympic sport ","Tornado","catégorie d'embarcation : catamaran à deux équipiers ","tornado","Categoría de embarcación: catamarán de 2 hombres (21m cuadrados vela mayor). Deporte Olímpico. ","Tornado","Bootskategorie: zwei-Männer Katamaran (21 m / Hauptsegel) Olympische Disziplin. ","Tornado","Categoria di barca: sport olimpico su catamarano per due persone (la randa misura 21 mq) ","トルネード級","ヨット・カテゴリ:2人乗りの、いかだ(21平方メートル主帆)オリンピック・スポーツ "
"http://cv.iptc.org/newscodes/subjectcode/15050002","subj:15050002",,,"subj:15050002",,,"soling","Boat Category: three man keel boat ","Soling","catégorie d'embarcation : quillard à trois équipiers ","soling","Categoría embarcación: barcaza fluvial con quilla para 3 hombres. ","Soling","Bootskategorie; Drei-Männer Kielboot. ","Soling","Deriva per tre persone ","ソリング級","ヨット・カテゴリ:3人乗りキール艇(竜骨ボート) "
"http://cv.iptc.org/newscodes/subjectcode/15050003","subj:15050003",,,"subj:15050003",,,"49er","Boat Category: two man dinghy (8.23m/sq mainsail) Olympic sport ","49er","catégorie d'embarcation : dériveur à deux équipiers ","49er","Categoría de embarcación: Para dos hombres con vela mayor. Deporte Olímpico. ","49er","Bootskategorie: zwei-Männer Dinghy (8.23/ Hauptsegel). Olympische Disziplin. ","49 er","Deriva olimpica per due persone (randa 8,23 mq) ","４９ｅｒ級","ヨット・カテゴリ:2人乗り競走用小型ヨット(8.23平方メートル主帆)オリンピック・スポーツ "
"http://cv.iptc.org/newscodes/subjectcode/15050004","subj:15050004",,,"subj:15050004",,,"Europe","Boat Category: one man dinghy (4.57m/sq mainsail) Olympic sport ","Europe","catégorie d'embarcation : dériveur solitaire ","europa","Categoría de embarcación: Navegación de velero individual (4,57m cuadrados vela mayor). Deporte Olímpico. ","Europe","Bootskategorie: Einmann Dinghy (4.57 m / Hauptsegel). Olympische Disziplin. ","Europa","Deriva olimpica per una persona (randa 4,57 mq) ","ヨーロッパ級","ヨット・カテゴリ:1人乗り競走用小型ヨット(4.57平方メートル主帆)オリンピック・スポーツ "
"http://cv.iptc.org/newscodes/subjectcode/15050005","subj:15050005",,,"subj:15050005",,,"Laser","Boat Category: one man dinghy (4.6m/sq mainsail) Olympic sport ","Laser","catégorie d'embarcation : dériveur solitaire ","láser","Categoría de embarcación: Navegación individual (4,6m cuadrados vela mayor). Deporte Olímpico. ","Laser","Bootskategorie: Einmann-Dinghy (4.6m/sq Hauptsegel) Olympische Disziplin ","Laser","Deriva olimpica per una persona (randa 4,6 mq) ","レーザー級","ヨット・カテゴリ:1人乗り競走用小型ヨット(4.6平方メートル主帆)オリンピック・スポーツ "
"http://cv.iptc.org/newscodes/subjectcode/15050006","subj:15050006",,,"subj:15050006",,,470,"Boat Category: two man dinghy (7.10m/sq mainsail) Olympic sport ",470,"catégorie d'embarcation : dériveur à deux équipiers ",470,"Categoría de embarcación: veleros de a dos competidores (7,10m cuadrados vela mayor). Deporte Olímpico. ","470er","Bootskategorie: zwei-Männer Dinghy (7.10 m / Hauptsegel). Olympische Disziplin. ",470,"Deriva olimpica per due persone (randa 7,10 mq) ","４７０級","ヨット・カテゴリ:2人乗り競走用小型ヨット(7.10平方メートル主帆)オリンピック・スポーツ "
"http://cv.iptc.org/newscodes/subjectcode/15050007","subj:15050007",,,"subj:15050007",,,"Finn","Boat Category: one man dinghy (10m/sq mainsail) Olympic sport ","Finn","catégorie d'embarcation : dériveur solitaire ","finlandesa","Categoría de embarcación: Navegación individual (10m cuadrados vela mayor). Deporte Olímpico. ","Finn","Bootskategorie: ein-Mann Dinghy (10 m / Hauptsegel). Olympische Disziplin. ","Finn","Deriva olimpica per una persona (randa 10 mq) ","フィン級","ヨット・カテゴリ:1人乗り競走用小型ヨット(10平方メートル主帆)オリンピック・スポーツ "
"http://cv.iptc.org/newscodes/subjectcode/15050008","subj:15050008",,,"subj:15050008",,,"Star","Boat Category: two man keel boat (7.10m/sq mainsail) Olympic sport ","Star","catégorie d'embarcation : quillard à deux équipiers ","estrella","Categoría de embarcación: embarcación con quilla para dos competidores (7,10 m cuadrados vela mayor). Deporte Olímpico. ","Star","Bootskategorie: zwei-Mann Kielboot (7.10 m / Hauptsegel). Olympische Disziplin. ","Star","Barca olimpica con chiglia a due posti (randa 7,10 mq) ","スター級","ヨット・カテゴリ:2人乗りキール艇(竜骨ボート)　(7.10平方メートル主帆)オリンピック・スポーツ "
"http://cv.iptc.org/newscodes/subjectcode/15050009","subj:15050009",,,"subj:15050009",,,"flying dutchmann","Boat Category: two man dinghy ","Flying dutchmann","catégorie d'embarcation : dériveur à deux équipiers ","holandés volador","Categoría de embarcación: velero para dos competidores. ","Flying Dutchmann","Bootskategorie: Zwei-Mann Dinghy ","Flying dutchmann","Barca da lago ","フライングダッチマン級","ヨット・カテゴリ:2人乗り競走用小型ヨット "
"http://cv.iptc.org/newscodes/subjectcode/15050010","subj:15050010",,,"subj:15050010",,,505,"Boat Category: two man dinghy ",505,"catégorie d'embarcation : dériveur à deux équipiers ",505,"Categoría de embarcación: otra variante de velero para dos competidores. ",505,"Bootskategorie: Zwei-Mann Dinghy ",505,"Deriva ","５０５級","ヨット・カテゴリ:2人乗り競走用小型ヨット "
"http://cv.iptc.org/newscodes/subjectcode/15050011","subj:15050011",,,"subj:15050011",,,"staging race","Sea racing ","Course à étape","catégorie de course en mer ","carrera por etapas","Carrera en el mar por etapas. ","Staging Race","Seerennen ","Gara a tappe","Regata in mare a tappe ","ステージレース","海上競技 "
"http://cv.iptc.org/newscodes/subjectcode/15050012","subj:15050012",,,"subj:15050012",,,"around the world","Open seas racing ","Autour du monde","catégorie de course en mer ","travesía alrededor del mundo","Carrera de embarcaciones en mar abierto. ","Rund um die Welt","Rennen auf offener See. ","Intorno al mondo","Regata in mare aperto, giro del mondo ","世界一周","外洋ボート競技 "
"http://cv.iptc.org/newscodes/subjectcode/15050013","subj:15050013",,,"subj:15050013",,,"monohull","Single hull craft ","Monocoque","bateau à une coque ","monocasco","Barco de un casco ","Einmaster","Boot mit einem Mast. ","Monoscafo","Barca composta da un singolo scafo o monocarena ","単胴船","船体が一つの船 "
"http://cv.iptc.org/newscodes/subjectcode/15050014","subj:15050014",,,"subj:15050014",,,"multihulls","Multi hull craft ","Multicoques","bateau à plusieurs coques ","multicasco","Barco de varios cascos ","Mehrmaster","Boot mit mehreren Masten. ","Multiscafo","Barca multiscafo o catamarano ","多胴船","船体が複数の船 "
"http://cv.iptc.org/newscodes/subjectcode/15050015","subj:15050015",,,"subj:15050015",,,"yngling","Olympic boat-class. A race around different courses in a boat of 6.35 metres (20ft 10in) long and 1.73 metres (5ft 8in) wide, crewed in Olympic competition only by women. The number of races and the length of the courses varies. ","Yngling","Voilier de classe olympique, de 6,35 metres de long et de 1,73 mètre de large. Les compétitions olumpiques de yngling sont réservées aux femmes ","yngling","Competición de vela Olímpica. Carrera feminina con barcos de 6,35 metros de largo y 1,73 metros de ancho. ","Yngling","Olympische Bootsklasse, nur für Damen. Die Boote sind 6.35 Meter lang und 1.73 Meter breit. Die Anzahl der Rennen und die Länge der Strecken variiert. ","Yngling","Categoria olimpica. ","イングリング級","オリンピックのボート競技の階級。全長6.35m(20フィート10インチ)、全幅1.73m(5フィート8インチ)のボートを使用し、オリンピック競技での乗組員は女性のみ。競争の回数とコースの距離は変動する "
"http://cv.iptc.org/newscodes/subjectcode/15050016","subj:15050016",,,"subj:15050016",,,"mistral","Olympic boat class. A staged race using boats of the mistral type, which are 4.24 metres (13ft 11in) long and 1.3 metres (4ft 3in) wide. The number of races and the length of the courses varies. ","Mistral","Voilier de classe olympique, de 4,24 metres de long et de 1,3 mètre de large. ","mistral","Competición de vela olímpica con barcos de 4,24 metros de largo y 1,3 metros de ancho. ","Mistral","Olympische Bootsklasse. Die Boote sind 4.24 Meter lang und 1.3 Meter breit. Die Anzahl der Rennen und die Länge der Strecken variiert. ","Mistral","Categoria olimpica. ","ミストラル級","オリンピックのボート競技の階級。全長4.24m(13フィート11インチ)全幅1.3m(4フィート3インチ)のミストラルタイプのボートを使用した競技。競技の回数とコースの距離は変動する "
"http://cv.iptc.org/newscodes/subjectcode/15051000","subj:15051000",,"subj:15051000",,,,"shooting","Precision sport using a hand gun, rifle or shotgun ","Tir","Sport de précision utilisant une arme de poing ou d'épaule ","tiro","Deporte de precisión, usando un revólver, rifle o escopeta. ","Schießen","Präzisionssport unter Benutzung einer Handfeuerwaffe, Gewehr oder Pistole. ","Tiro a segno","Sport di precisione in cui si usano fucile, carabina e pistole ","射撃","手銃、ライフル銃または猟銃を用い正確さを競うスポーツ "
"http://cv.iptc.org/newscodes/subjectcode/15051001","subj:15051001",,,"subj:15051001",,,"10 m air rifle","Shooting event ","Carabine à air comprimé 10 m","discipline du tir ","10 m rifle de aire comprimido","Prueba de tiro. ","10 m Luftgewehr","Schießwettkampf. ","10 m carabina ad aria","Gara di tiro a segno sui 10 m con carabina ","１０ｍエアライフル","射撃競技 "
"http://cv.iptc.org/newscodes/subjectcode/15051002","subj:15051002",,,"subj:15051002",,,"10 m air pistol","Shooting event ","Pistolet à air comprimé à 10 m","discipline du tir ","10 m pistola de aire comprimido","Prueba de tiro. ","10 m Luftpistole","Schießwettkampf. ","10 m pistola ad aria","Gara di tiro a segno su 10 m con pistola ","１０ｍエアピストル","射撃競技 "
"http://cv.iptc.org/newscodes/subjectcode/15051003","subj:15051003",,,"subj:15051003",,,"10 m running target","Shooting event ","10 m cible mouvante","discipline du tir ","10 m blanco en movimiento","Prueba de tiro. ","10 m Laufende Scheibe","Schießwettkampf. ","10 m bersaglio mobile","Gara di tiro a segno sui 10 m con sagoma a scomparsa ","１０ｍランニングターゲット","射撃競技 "
"http://cv.iptc.org/newscodes/subjectcode/15051004","subj:15051004",,,"subj:15051004",,,"25 m rapid fire pistol","Shooting event ","Pistolet 25 m","discipline du tir ","25 m pistola de fuego graneado","Prueba de tiro. ","25 m Schnellfeuerpistole","Schießwettkampf. ","Pistola automatica","Gara di tiro a segno con pistola automatica ","２５ｍラピドファイアピストル","射撃競技 "
"http://cv.iptc.org/newscodes/subjectcode/15051005","subj:15051005",,,"subj:15051005",,,"25 m sport pistol","Shooting event ","25 m pistolet sport","discipline du tir ","25 m pistola deportiva","Prueba de tiro. ","25 m Sportpistole","Schießwettkampf. ","25 m pistola sportiva","Gara di tiro a segno con pistola ","２５ｍスポーツピストル","射撃競技 "
"http://cv.iptc.org/newscodes/subjectcode/15051006","subj:15051006",,,"subj:15051006",,,"50 m free pistol","Shooting event ","Pistolet libre à 50 m","discipline du tir ","50 m pistola libre","Prueba de tiro. ","50 m Freie Pistole","Schießwettkampf. ","50 m Pistola libera","Gara di tiro a segno con pistola ","５０ｍフリーピストル","射撃競技 "
"http://cv.iptc.org/newscodes/subjectcode/15051007","subj:15051007",,,"subj:15051007",,,"50 m free rifle prone","Shooting event ","50 m carabine libre couché","discipline du tir ","50 m rifle libre boca abajo","Prueba de tiro. ","50 m Kleinkalibergewehr liegend","Schießwettkampf. ","50 m carabina libera a terra","Gara di tiro a segno sdraiati ","５０ｍフリーライフル伏射","射撃競技 "
"http://cv.iptc.org/newscodes/subjectcode/15051008","subj:15051008",,,"subj:15051008",,,"50 m free rifle 3x40","Shooting event ","50 m carabine libre 3x40","discipline du tir ","50 m rifle libre 3x40","Prueba de tiro. ","50 m Kleinkalibergewehr, Dreistellungskampf (3x40)","Schießwettkampf. ","50 m carabina libera 3 x 40","Gara di tiro a segno ","５０ｍフリーライフル３姿勢","射撃競技 "
"http://cv.iptc.org/newscodes/subjectcode/15051009","subj:15051009",,,"subj:15051009",,,"50 m sport rifle 3x20","Shooting event ","50 m carabine sport 3x20","discipline du tir ","50m rifle libre 3x20","Prueba de tiro. ","50 m Kleinkalibergewehr-Standardgewehr, Dreistellungskampf (3x20)","Schießwettkampf. ","50 m carabina sportiva 3 x 20","Gara di tiro a segno ","５０ｍスポーツライフル３姿勢","射撃競技 "
"http://cv.iptc.org/newscodes/subjectcode/15051010","subj:15051010",,,"subj:15051010",,,"trap","Shooting event with moving targets ","Trap","épreuve de tir sur cible mouvante ","trampa","Prueba de tiro con blancos en movimiento ","Trap","Schießwettkampf mit sich drehenden Zielscheiben. ","Fossa olimpica","Gara di tiro a segno con bersagli mobili - tiro a piattello ","トラップ","動くターゲットを撃つ射撃競技 "
"http://cv.iptc.org/newscodes/subjectcode/15051011","subj:15051011",,,"subj:15051011",,,"double trap","Shooting event with two moving targets launched at the same time ","Double trap","épreuve de tir sur deux cibles mouvantes lancées en même temps ","trampa doble","Prueba de tiro con dos blancos en movimiento, lanzados al mismo tiempo. ","Doppeltrap","Schießwettkampf mit zwei sich drehenden Zielscheiben zur gleichen Zeit. ","Tiro a 2 piattelli","Gara di tiro a segno con due bersagli mobili lanciati contemporaneamente ","ダブルトラップ","同時に発射された2つの動くターゲットを撃つ射撃競技 "
"http://cv.iptc.org/newscodes/subjectcode/15051012","subj:15051012",,,"subj:15051012",,,"skeet","Shooting event with moving targets, competitor shoots from a series of positions ","Skeet","épreuve de tir sur plateaux ","skeet","Prueba de tiro con blancos en movimiento, en la que los competidores disparan desde diferentes posiciones. ","Skeet","Schießwettkampf mit sich drehenden Zielscheiben, der Wettkämpfer schießt aus verschiedenen Positionen. ","Skeet","Gara di tiro a segno con bersagli mobili in cui i concorrenti sparano da varie posizioni ","スキート","各競技者が一連の射台から動く目標を撃つ射撃競技 "
"http://cv.iptc.org/newscodes/subjectcode/15052000","subj:15052000",,"subj:15052000",,,,"ski jumping","Competitors descend a snow covered elevated ramp on skis and try to fly off it as far as possible, receiving marks for distance, style of flight and landing ","Saut à skis","Descendre à skis un tremplin couvert de neige, parcourir dans les airs la plus longue distance possible. Les concurrents sont notés sur la distance parcourue, le style du saut et la qualité de la réception ","salto con esquí","Competidores descienden sobre esquíes, desde una elevada rampa cubierta de nieve y tratan de llegar lo más lejos posible, recibiendo marcas por distancia, estilo de vuelo y aterrizaje. ","Skispringen","Wettkämpfer gleiten auf Skiern eine schneebedeckte Rampe herunter und versuchen so weit wie möglich zu fliegen. Bewertet wird die Distanz, der Flugstil und die Landung ","Salto con gli sci","I concorrenti scendono lungo la rampa di un trampolino coperta di neve cercando di atterrare il più lontano possibile, ricevendo dei punti per la distanza, lo stile nel volo e nell'atterraggio ","スキージャンプ","雪で覆われたジャンプ台を競技者がスキーで滑り降り、できるだけ遠い距離をジャンプして、飛距離と飛型点を競う競技 "
"http://cv.iptc.org/newscodes/subjectcode/15052001","subj:15052001",,,"subj:15052001",,,"K90 jump","Competitors jump from 70m and must clear 90m distance in their jump before scoring points for it ","K90","saut à skis d'un tremplin haut de 90m ","salto k90","Competidores saltan desde 90 metros en caída libre y tratan de superar la distancia sin intervalo (limpia), para lograr puntaje. ","90-m-Schanze","Wettkämpfer springen von 90 m und müssen mindestens 90 m springen bevor sie Punkte bekommen. ","K 90 salto","Gli sciatori saltano da 70 m e devono raggiungere almeno 90 m di distanza nel loro salto per guadagnare punti ","ノーマルヒル","競技者は70mからジャンプし、その得点ポイントより前方である90m以上の飛距離をクリアしなければならない "
"http://cv.iptc.org/newscodes/subjectcode/15052002","subj:15052002",,,"subj:15052002",,,"K120 jump","Competitors jump from 90m and must clear 120m distance in their jump before scoring points for it ","K120","saut à skis d'un tremplin haut de 120m ","salto k120","Competidores saltan desde 90 metros en caída libre y tratan de superar 120m sin intervalo (limpia), para lograr puntaje. ","120-m-Schanze","Wettkämpfer springen von 120 m und müssen mindestens 120 m springen bevor sie Punkte bekommen. ","K 120 salto","Gli sciatori saltano da 90 m e devono raggiungere almeno 120 m di distanza nel loro salto per guadagnare punti ","ラージヒル","競技者は90mからジャンプし、その得点ポイントより前方である120m以上の飛距離をクリアしなければならない "
"http://cv.iptc.org/newscodes/subjectcode/15052003","subj:15052003",,,"subj:15052003",,,"K180 (flying jump)","Competitors jump from 180m and must clear 180m in their jump before scoring points for it ","K180","saut à skis d'un tremplin haut de 180m ","salto aéreo k180","Competidores saltan desde 180 metros en caída libre para lograr puntaje. ","180-m-Schanze (Skifliegen)","Wettkämpfer springen von 180 m und müssen mindestens 180 m springen bevor sie Punkte bekommen. ","K 180","Gli sciatori saltano da 180 m e devono raggiungere almeno 180 m nel loro salto prima di guadagnare punti ","フライング","競技者は180mからジャンプし、その得点ポイントより前方である180m以上の飛距離をクリアしなければならない "
"http://cv.iptc.org/newscodes/subjectcode/15053000","subj:15053000",,"subj:15053000",,,,"snow boarding","Practiced with a single board (rather than two skis) ","Surf des neiges","sport de glisse pratiqué avec une planche sur des pistes enneigées ","tabla de nieve (snowboard)","Deporte similar al surf o skate, descenso en la nieve practicado en una tabla individual, en vez de dos esquíes. ","Snowboarden","Ausgeübt auf einem Brett (anstatt zwei Ski). ","Snowboard","Tavola singola cui sono assicurati i piedi per gare di discesa e di stile sulla neve ","スノーボード","2枚のスキー板でなく1枚の板で雪上を滑走する競技 "
"http://cv.iptc.org/newscodes/subjectcode/15053001","subj:15053001",,,"subj:15053001",,,"giant slalom","Knock-out head-to-head downhill racing ","Slalom géant parallèle","éliminer son adversaire direct en descendant plus vite que lui une pente neigeuse jalonnée de portes sur une planche spéciale. ","slalom gigante.","Carrera en velocidad sobre nieve, colina abajo, con eliminación directa del adversario utilizando una tabla especial. ","Riesenslalom","Kopf an Kopf Abfahrtsrennen ","Slalom gigante","Discesa testa a testa con eliminazione diretta dell'avversario ","大回転","勝ち抜きで対戦する滑降レース "
"http://cv.iptc.org/newscodes/subjectcode/15053002","subj:15053002",,,"subj:15053002",,,"half-pipe","Over a semi-cylindrical tube of 100m competitors must perform a series of moves that are marked for style by 5 judges ","Half-pipe","obtenir de 5 juges les meilleures notes possibles en réalisant des figures sur une planche, sur une piste d'une centaine de mètres de long et de forme semi-cylindrique. ","half-pipe","Sobre una pista nevada semi-cilíndrica, de 100m, los competidores deben efectuar una serie de movimientos que cinco jueces evalúan por su estilo. ","Half-Pipe","Über einen halb-zylindrischen Schlauch von 100 m müssen die Wettkämpfer eine Serie von Figuren zeigen, deren Stil von 5 Jurymitgliedern bewertet wird. ","Half-pipe","Su una pista innevata semicilindrica di 100 m i concorrenti devono eseguire una serie di movimenti che vengono giudicati in base allo stile da cinque giudici ","ハーフパイプ","100mのパイプを半分にしたような斜面を滑りながら行う演技を、5人の審判が判定する "
"http://cv.iptc.org/newscodes/subjectcode/15054000","subj:15054000",,"subj:15054000",,,,"soccer","Two teams of eleven try to kick or head a ball into the opponents goal over a match usually of 90 minutes ","Football","jeu de ballon disputé entre deux équipes de onze joueurs qui ne peuvent toucher le ballon ni avec les mains ni avec les bras (à l'exception du gardien de but). Le but du jeu est de marquer le plus de buts possible au cours de deux périodes de 45 minutes. ","fútbol","Dos equipos compuestos por once jugadores tratan de patear o cabecear la pelota dentro del arco contrario, en un partido que usualmente se desarrolla en 90 minutos y sin utilizar las manos, entre sus numerosas reglas. ","Fußball","Zwei Teams mit jeweils 11 Spielern versuchen den Ball in das gegenerische Tor zu schießen oder zu köpfen über eine Spieldauer von 90 Minuten. ","Calcio","Due squadre, ognuna di undici giocatori, cercano di calciare una palla nella porta avversaria in una partita che di solito dura 90 minuti ","サッカー","11人構成の2つのチームで、90分間の対戦で足または頭でボールを操り、相手側ゴールにボールを入れられるかを競う "
"http://cv.iptc.org/newscodes/subjectcode/15055000","subj:15055000",,"subj:15055000",,,,"softball","Similar to baseball but with a larger and softer ball, a thinner bat, shorter gaps between bases and less innings ","Softball","Jeu similaire au baseball qui se pratique avec une balle plus grosse et moins dure, une batte plus fine et des distances de terrain plus courtes. ","sóftbol","Similar al béisbol pero con una pelota más grande y liviana, un bate más delgado, espacios más cortos entre las bases y con menos entradas. ","Softball","Ähnlich dem Baseball aber mit größeren und weicheren Bällen, dünneren Schlägern, kürzeren Lücken zwischen den Stationen und weniger Innenfelder. ","Softball","Simile al baseball ma con una palla più grossa e meno dura, una mazza più sottile, distanze inferiori tra una base e l'altra, e meno innings ","ソフトボール","野球に似ているが、より大きな柔らかいボールと細いバットを使い、塁同士の間隔が短く、イニング数も少ない "
"http://cv.iptc.org/newscodes/subjectcode/15056000","subj:15056000",,"subj:15056000",,,,"speed skating","Timed races competed by two skaters at a time on an oval ice track ","Patinage de vitesse","courses disputées par paires sur une piste de glace selon le système du contre-la-montre. ","patinaje de velocidad","Carrera de duración limitada donde compiten dos patinadores al mismo tiempo sobre una pista ovalada de hielo. ","Eisschnelllauf","Zeitrennen, asugeübt von zwei Läufern zur gleichen Zeit auf einer ovalen Eisbahn. ","Pattinaggio di velocità","Corsa a tempo su ghiaccio nella quale due concorrenti pattinano insieme su una pista ovale ","スピードスケート","2人のスケーターが楕円形のスケートリンクで時間を競う "
"http://cv.iptc.org/newscodes/subjectcode/15056001","subj:15056001",,,"subj:15056001",,,"500 m","Speed skating race over 500m ","500m","course de patinage de vitesse sur 500 m ","500 m","Carrera de velocidad de patinaje sobre 500 m ","500 m","Rennen im Eisschnelllauf über 500 m. ","500 m","Gara di 500 m di pattinaggio di velocità ","５００ｍ","500mスピードスケートレース "
"http://cv.iptc.org/newscodes/subjectcode/15056002","subj:15056002",,,"subj:15056002",,,"1000 m","Speed skating race over 1000m ","1000m","course de patinage de vitesse sur 1000 m ","1.000 m","Carrera de velocidad de patinaje sobre 1.000 m ","1000 m","Rennen im Eisschnelllauf über 1000 m. ","1000 m","Gara di 1000 m di pattinaggio di velocità ","１０００ｍ","1000mスピードスケートレース "
"http://cv.iptc.org/newscodes/subjectcode/15056003","subj:15056003",,,"subj:15056003",,,"1500 m","Speed skating race over 1500m ","1500m","course de patinage de vitesse sur 1500 m ","1.500 m","Carrera de velocidad de patinaje sobre 1.500 m ","1500 m","Rennen im Eisschnelllauf über 1500 m. ","1500 m","Gara di 1500 m di pattinaggio di velocità ","１５００ｍ","1500mスピードスケートレース "
"http://cv.iptc.org/newscodes/subjectcode/15056004","subj:15056004",,,"subj:15056004",,,"3000 m","Speed skating race over 3000m ","3000m","course de patinage de vitesse sur 3000 m ","3.000 m","Carrera de velocidad de patinaje sobre 3.000 m ","3000 m","Rennen im Eisschnelllauf über 3000. ","3000 m","Gara di 3000 m di pattinaggio di velocità ","３０００ｍ","3000mスピードスケートレース "
"http://cv.iptc.org/newscodes/subjectcode/15056005","subj:15056005",,,"subj:15056005",,,"5000 m","Speed skating race over 5000m ","5000m","course de patinage de vitesse sur 5000 m ","5.000 m","Carrera de velocidad de patinaje sobre 5.000 m ","5000 m","Rennen im Eisschnelllauf über 5000 m. ","5000 m","Gara di 5000 m di pattinaggio di velocità ","５０００ｍ","5000mスピードスケートレース "
"http://cv.iptc.org/newscodes/subjectcode/15056006","subj:15056006",,,"subj:15056006",,,"10000 m","Speed skating race over 10000m ","10000m","course de patinage de vitesse sur 10000 m ","10.000 m","Carrera de velocidad de patinaje sobre 10.000 m ","10000 m","Rennen im Eisschnelllauf über 10000 m. ","10000 m","Gara di 10000 m di pattinaggio di velocità ","１００００ｍ","10000mスピードスケートレース "
"http://cv.iptc.org/newscodes/subjectcode/15056007","subj:15056007",,,"subj:15056007",,,"Short-track","Races of four or more skaters on an oval ice track. Qualifying, semi-finals and finals determine winners. ","Short-track","Course de vitesse 4 concurrents et plus sur une piste de glace de petit périmètre tracée dans une patinoire couverte. L'épreuve se déroule par élimination (séries, demi-finales, finale). ","pista corta","Carrera de cuatro o más patinadores sobre una pista ovalada de hielo. Rondas de clasificaciones, semifinales y finales, determinan los ganadores. ","Kurzstrecke","Rennen von vier oder mehr Läufern auf einer ovalen Eisbahn. Qualifiziert Gewinner für das Halbfinale und das Finale. ","Short Track","Corse su ghiaccio di quattro o più pattinatori su una pista ovale. Il vincitore si determina attraverso qualificazione, semi-finali e finali ","ショートトラック","一つの楕円形のスケートリンクで4人またはそれ以上のスケーターより予選、準決勝、決勝を行い勝者を決定する "
"http://cv.iptc.org/newscodes/subjectcode/15056008","subj:15056008",,,"subj:15056008",,,"st 500 m","Short track speed skate race over 500m ","st500m","course de short track sur 500m ","st 500 m","Carrera corta de velocidad de patinaje sobre 500 m ","st 500 m","Kurzstrecken Rennen über 500 m. ","Short track 500 m","Gara di pattinaggio dove un certo numero di pattinatori (solitamente da 4 a 6) pattinano contemporaneamente su una breve pista al coperto (111 m). ","５００ｍ","500mショートトラックスケートレース "
"http://cv.iptc.org/newscodes/subjectcode/15056009","subj:15056009",,,"subj:15056009",,,"st 1000m","Short track speed skate race over 1000m ","st1000m","course de short track sur 1000m ","st 1.000m","Carrera corta de velocidad de patinaje sobre 1.000 m ","st 1000 m","Kurzstrecken Rennen über 1000 m. ","Short track 1000 m","Gara di pattinaggio dove un certo numero di pattinatori (solitamente da 4 a 6) pattinano contemporaneamente su una breve pista al coperto (111 m). ","１０００ｍ","1000mショートトラックスケートレース "
"http://cv.iptc.org/newscodes/subjectcode/15056010","subj:15056010",,,"subj:15056010",,,"st 1500m","Short track speed skate race over 1500m ","st1500m","course de short track sur 1500m ","st 1.500m","Carrera corta de velocidad de patinaje sobre 1.500 m ","st 1500 m","Kurzstrecken Rennen über 1500 m. ","Short track 1500 m","Gara di pattinaggio dove un certo numero di pattinatori (solitamente da 4 a 6) pattinano contemporaneamente su una breve pista al coperto (111 m). ","１５００ｍ","1500mショートトラックスケートレース "
"http://cv.iptc.org/newscodes/subjectcode/15056011","subj:15056011",,,"subj:15056011",,,"st 3000m","Short track speed skate race over 3000m ","st3000m","course de short track sur 3000m ","st 3.000m","Carrera corta de velocidad de patinaje sobre 3.000 m ","st 3000 m","Kurzstrecken Rennen über 3000 m. ","Short track 3000 m","SGara di pattinaggio dove un certo numero di pattinatori (solitamente da 4 a 6) pattinano contemporaneamente su una breve pista al coperto (111 m). ","３０００ｍ","3000mショートトラックスケートレース "
"http://cv.iptc.org/newscodes/subjectcode/15056012","subj:15056012",,,"subj:15056012",,,"st 3000m relay","Short track relay speed skate race over 3000m ","st 3000m relais","course relais de short track sur 3000m ","st 3.000m relevos","Carrera corta de velocidad de patinaje con relevos sobre 3.000 m ","st 3000 m Staffel","Kurzstrecken Rennen in der Staffel über 3000 m. ","Short track 3000 m staffetta","4 atleti, che si danno il cambio ogni giro e mezzo (circa 167 metri), mentre gli ultimi due giri vengono percorsi da uno stesso pattinatore. Il cambio si esegue spingendo il proprio compagno, che entra in pista dalla parte interna della stessa. ","３０００ｍリレー","3000mリレーショートトラックスケートレース "
"http://cv.iptc.org/newscodes/subjectcode/15056013","subj:15056013",,,"subj:15056013",,,"st 5000m","Short track speed skate race over 5000m ","st5000m","course de short track sur 5000m ","st 5.000m","Carrera corta de velocidad de patinaje sobre 5.000 m ","st 5000 m","Kurzstrecken Rennen über 5000 m. ","Short track 5000 m","Gara di pattinaggio dove un certo numero di pattinatori (solitamente da 4 a 6) pattinano contemporaneamente su una breve pista al coperto (111 m). ","５０００ｍ","5000mショートトラックスケートレース "
"http://cv.iptc.org/newscodes/subjectcode/15056014","subj:15056014",,,"subj:15056014",,,"st 5000m relay","Short track relay speed skate race over 5000m ","st 5000m relais","course relais de short track sur 5000m ","st 5.000m relevos","Carrera corta de velocidad de patinaje con relevos sobre 5.000 m ","st 5000 m Staffel","Kurzstrecken Rennen in der Staffel über 5000 m. ","Short track 5000 m staffetta","4 atleti, che si danno il cambio ogni giro e mezzo (circa 167 metri), mentre gli ultimi due giri vengono percorsi da uno stesso pattinatore. Il cambio si esegue spingendo il proprio compagno, che entra in pista dalla parte interna della stessa. ","５０００ｍリレー","5000mリレーショートトラックスケートレース "
"http://cv.iptc.org/newscodes/subjectcode/15057000","subj:15057000",,"subj:15057000",,,,"speedway","Fast track ","Speedway","piste de vitesse ","vía rápida","Pista de velocidad ","Speedway","Schnelle Strecke ","Speedway","Specialità motociclistica che si corre su piste ovali in terra battuta della lunghezza minima di 340 metri e massima di 420 metri (misurate a 1 metro dalla corda). ","スピードウエー","高速トラック "
"http://cv.iptc.org/newscodes/subjectcode/15058000","subj:15058000",,"subj:15058000",,,,"sports organisations","Organisations responsible for a specific sport ","Organisations sportives","Organisation responsable d'un sport en particulier ","organizaciones deportivas","Organizaciones responsables para un determinado deporte ","Sportorganisationen","Organisationen, die für spezielle Sportarten verantwortlich sind. ","Organizzazioni sportive","Organizzazioni responsabili di uno sport specifico ","スポーツ組織","特定スポーツに責任を負う組織 "
"http://cv.iptc.org/newscodes/subjectcode/15058001","subj:15058001",,,"subj:15058001",,,"IOC","International Olympic Committee ","CIO","Comité International Olympique ","coi","Comité Olímpico Internacional ","IOC","Internationales Olympisches Komitee. ","IOC","Comitato Olimpionico Internazionale ","ＩＯＣ","国際オリンピック委員会 "
"http://cv.iptc.org/newscodes/subjectcode/15058002","subj:15058002",,,"subj:15058002",,,"international federation","A body responsible for the international coordination of a specific sport ","Fédération internationale","Fédération responsable de la coordination internationale d'un sport en particulier ","fi","Federación Internacional ","Internationale Förderation","Ein Gremium, das verantwortlich ist für die internationale Koordination eines spezifischen Sports. ","Federazione Internazionale","Un ente responsabile del coordinamento internazionale di uno specifico sport ","国際競技連盟","特定スポーツの国際的な調整に責任を負う組織 "
"http://cv.iptc.org/newscodes/subjectcode/15058003","subj:15058003",,,"subj:15058003",,,"continental federation","A body responsible for the continental coordination of a specific sport ","Fédération continentale","Fédération responsable de la coordination continentale d'un sport en particulier ","fc","Federación Continental ","Europäische Förderation","Ein Gremium, das verantwortlich ist für die kontinentale Koordination eines spezifischen Sports. ","Federazione continentale","Un ente responsabile per il coordinamento continentale di uno sport in particolare ","大陸競技連盟","特定スポーツの大陸的な調整に責任を負う組織 "
"http://cv.iptc.org/newscodes/subjectcode/15058004","subj:15058004",,,"subj:15058004",,,"national federation","A body responsible for the national coordination of a specific sport ","Fédération nationale","Fédération responsable de la coordination nationale d'un sport en particulier ","fn","Federación Nacional ","Nationale Förderation","Ein Gremium, das verantwortlich ist für die nationale Koordination eines spezifischen Sports. ","Federazione nazionale","Un ente responsabile del coordinamento nazionale di uno specifico sport ","国内競技連盟","特定スポーツの国内的な調整に責任を負う組織 "
"http://cv.iptc.org/newscodes/subjectcode/15058005","subj:15058005",,,"subj:15058005",,,"GAISF","General Association of International Sports Federations ","AGFIS","Association Générale des Fédérations Internationales de Sports ","agfdi","Asociación General de Federaciones Deportivas Internacionales. ","GAISF","Dachverband der Internationalen Sportgremien. ","GAISF","Associazione Generale delle Federazioni Sportive Internazionali ","国際競技連盟連合","国際スポーツ団体総連合 "
"http://cv.iptc.org/newscodes/subjectcode/15059000","subj:15059000",,"subj:15059000",,,,"squash","A racket sport of strategy and endurance played by singles or doubles teams in a walled court with a small rubber ball ","Squash","sport de stratégie et d'endurance qui se pratique à 2 ou 4 joueurs avec une raquette et une balle en caoutchouc dans un court rectangulaire fermé sur 4 côtés. ","squash","Juego de raqueta, de estrategia y resistencia, disputado individualmente o por equipos de dos, en una cancha cerrada, con una pelota de goma. ","Squash","Ein Sport mit Schläger mit Strategie und Ausdauer, Einzeln oder im Doppel in einem Court mit einem kleinen Ball. ","Squash","Sport con racchetta di strategia e resistenza giocato individualmente o in coppia con una palla di plastica in un campo con pareti ","スカッシュ","壁で囲まれたコート内で、小さなゴムボールを使用し、シングルスかダブルスチームで競われる戦略と持久力のラケットスポーツ "
"http://cv.iptc.org/newscodes/subjectcode/15060000","subj:15060000",,"subj:15060000",,,,"sumo wrestling","A combat sport of speed and rapidity with much ceremony where two contestants try to throw or slap a competitor out of a marked area. Generally practiced in Japan by large men. ","Sumo","sport de combat alliant puissance et rapidité pratiqué essentiellement au Japon. Les lutteurs pèsent généralement entre 130 et 200 kg et sont de grande taille ","sumo","Deporte de combate, basado en fuerza y rapidez, donde los dos luchadores tratan de arrojar o dejar a su oponente fuera del área delimitada. Generalmente es practicado en Japón, por hombres de gran peso. ","Sumo","Ein schneller Kampfsport mit viel Zeremonie bei dem zwei Wettkämpfer versuchen den Gegner aus dem markierten Bereich herauszudrängen oder schmeißen. Meist praktiziert von kräftigen Männern in Japan ","Sumo","Forma di lotta nella quale ogni contendente cerca di atterrare o far uscire dalla zona di combattimento l'avversario. Praticata specialmente in Giappone da atleti di grosse proporzioni ","相撲","2人の競技者同士が、囲いを付けた領域外に相手を投げたり、平手打ちをする、たくさんの儀式を伴った迅速な格闘競技。一般に、日本では大きい男性が行う "
"http://cv.iptc.org/newscodes/subjectcode/15061000","subj:15061000",,"subj:15061000",,,,"surfing","Water sport where contestants catch and ride waves upright on a surfboard ","Surf","Sport de glisse sur l'eau. Le surfeur se déplace sur des vagues en se tenant debout sur une planche plate. ","surf","Deporte acuático, donde los participantes corren y se deslizan sobre olas encima de una tabla especial . ","Wellenreiten","Wassersport bei dem die Teilnehmer wellen kreuzen oder reiten auf einem Surfboard. ","Surf","Sport acquatico dove gli atleti cavalcano le onde stando in equilibrio su una tavola ","サーフィン","競技者が、サーフボード上に立ち上がり、波を捕らえて乗るウォータースポーツ "
"http://cv.iptc.org/newscodes/subjectcode/15062000","subj:15062000",,"subj:15062000",,,,"swimming","A water sport where contestants swim as fast as possible in a given style and win races by being the first to touch home ","Natation","sport consistant à nager le plus vite possible dans le style voulu, pour être le premier à toucher le mur d'arrivée après le nombre de longueurs de piscine requis. ","natación","Deporte de agua donde los contendientes nadan tan rápido como pueden en un estilo determinado y ganan carreras si son los primeros en tocar el borde de la pileta. ","Schwimmen","Wassersport bei dem die Wettkämpfer so schnell wie möglich in einem vorgebenen Stil schwimmen. Sieger ist, wer zuerst ankommt. ","Nuoto","Sport acquatico in cui gli atleti nuotano il più velocemente possibile in uno stile stabilito e vince la gara chi tra loro tocca per primo la base ","水泳","競技者は決められたスタイルで、できるだけ速く泳ぎ、壁を最初にタッチすることでレースに勝利するウォータースポーツ "
"http://cv.iptc.org/newscodes/subjectcode/15062001","subj:15062001",,,"subj:15062001",,,"50 m freestyle","Competitors cover 50m in any style, though front crawl is universally employed ","50 m libre","longueur à parcourir dans n'importe quel style de nage ","50m libre","Competidores cubren a nado 50 metros en cualquier estilo, aunque crawl"" es el universalmente más empleado. ""","50 m Freistil","Wettkämpfer schwimmen 50 m egal in welchem Stil, wobei meist das Kraulschwimmen bevorzugt wird. ","50 m sl","I nuotatori coprono 50 metri in stile libero ","５０ｍ自由形","競泳者は自由な泳法で50mを泳ぐ。通常クロール泳法を選ぶ "
"http://cv.iptc.org/newscodes/subjectcode/15062002","subj:15062002",,,"subj:15062002",,,"100 m freestyle","Competitors cover 100m in any style, though front crawl is universally employed ","100 m libre","longueur à parcourir dans n'importe quel style de nage ","100m libre","Competidores cubren a nado 100 metros en cualquier estilo, aunque crawl"" es el universalmente más empleado. ""","100 m Freistil","Wettkämpfer schwimmen 100 m egal in welchem Stil, wobei meist das Kraulschwimmen bevorzugt wird. ","100 m sl","I concorrenti coprono 100 m in stile libero ","１００ｍ自由形","競泳者は自由な泳法で100mを泳ぐ。通常クロール泳法を選ぶ "
"http://cv.iptc.org/newscodes/subjectcode/15062003","subj:15062003",,,"subj:15062003",,,"200 m freestyle","Competitors cover 200m in any style, though front crawl is universally employed ","200 m libre","longueur à parcourir dans n'importe quel style de nage ","200m libre","Competidores cubren a nado 200 metros en cualquier estilo, aunque crawl"" es el universalmente más empleado. ""","200 m Freistil","Wettkämpfer schwimmen 200 m egal in welchem Stil, wobei meist das Kraulschwimmen bevorzugt wird. ","200 m sl","I concorrenti coprono 200 m in stile libero ","２００ｍ自由形","競泳者は自由な泳法で200mを泳ぐ。通常クロール泳法を選ぶ "
"http://cv.iptc.org/newscodes/subjectcode/15062004","subj:15062004",,,"subj:15062004",,,"400 m freestyle","Competitors cover 400m in any style, though front crawl is universally employed ","400 m libre","longueur à parcourir dans n'importe quel style de nage ","400m libre","Competidores cubren a nado 400 metros en cualquier estilo, aunque crawl"" es el universalmente más empleado. ""","400 m Freistil","Wettkämpfer schwimmen 400 m egal in welchem Stil, wobei meist das Kraulschwimmen bevorzugt wird. ","400 m sl","I concorrenti coprono 400 m in stile libero ","４００ｍ自由形","競泳者は自由な泳法で400mを泳ぐ。通常クロール泳法を選ぶ "
"http://cv.iptc.org/newscodes/subjectcode/15062005","subj:15062005",,,"subj:15062005",,,"800 m freestyle","Competitors cover 800m in any style, though front crawl is universally employed ","800 m libre","longueur à parcourir dans n'importe quel style de nage ","800m libre","Competidores cubren a nado 800 metros en cualquier estilo, aunque crawl"" es el universalmente más empleado. ""","800 m Freistil","Wettkämpfer schwimmen 800 m egal in welchem Stil, wobei meist das Kraulschwimmen bevorzugt wird. ","800 m sl","I concorrenti coprono 800 m in stile libero ","８００ｍ自由形","競泳者は自由な泳法で800mを泳ぐ。通常クロール泳法を選ぶ "
"http://cv.iptc.org/newscodes/subjectcode/15062006","subj:15062006",,,"subj:15062006",,,"1500 m freestyle","Competitors cover 1500m in any style, though front crawl is universally employed ","1500 m libre","longueur à parcourir dans n'importe quel style de nage ","1.500m libre","Competidores cubren a nado 1.500 metros en cualquier estilo, aunque crawl"" es universalmente más empleado. ""","1500 m Freistil","Wettkämpfer schwimmen 1500 m egal in welchem Stil, wobei meist das Kraulschwimmen bevorzugt wird. ","1500 m sl","I concorrenti coprono 1500 m in stile libero ","１５００ｍ自由形","競泳者は自由な泳法で1500mを泳ぐ。通常クロール泳法を選ぶ "
"http://cv.iptc.org/newscodes/subjectcode/15062007","subj:15062007",,,"subj:15062007",,,"relay 4x50 m freestyle","Teams of four swimmers cover 50m freestyle in a 200m race ","Relais 4x50 m libre","relais de quatre nageurs devant parcourir la longueur en utilisant n'importe quel style de nage ","relevo 4 x 50 metros libre","Equipos de cuatro nadadores cubren 50 metros libre cada uno, en una carrera de 200 metros. ","Staffel 4x50 m Freistil","Teams mit 4 Schwimmern legen je 50 m Freistil zurück über eine 200 m Strecke. ","4 x 50 m sl","Squadre di quattro nuotatori che coprono 50 m ciascuno in stile libero in una gara di 200 m ","２００ｍリレー","4人競泳者のチームが、各50mを分担する自由形200mレース "
"http://cv.iptc.org/newscodes/subjectcode/15062008","subj:15062008",,,"subj:15062008",,,"relay 4x100 m freestyle","Teams of four swimmers cover 100m freestyle in a 400m race ","Relais 4x100 m libre","relais de quatre nageurs devant parcourir la longueur en utilisant n'importe quel style de nage ","relevo 4 x 100 metros libre","Equipos de cuatro nadadores cubren 100 metros libre cada uno, en una carrera de 400 metros. ","Staffel 4x100 m Freistil","Teams mit 4 Schwimmern legen je 100 m Freistil zurück über eine 400 m Strecke. ","4 x 100 m sl","Squadre di quattro nuotatori che coprono ciascuno 100 m in stile libero in una gara di 400 m ","４００ｍリレー","4人競泳者のチームが、各100mを分担する自由形400mレース "
"http://cv.iptc.org/newscodes/subjectcode/15062009","subj:15062009",,,"subj:15062009",,,"relay 4x200 m freestyle","Teams of four swimmers cover 200m freestyle in a 800m race ","Relais 4x200 m libre","relais de quatre nageurs devant parcourir la longueur en utilisant n'importe quel style de nage ","relevo 4 x 200 metros libre","Equipos de cuatro nadadores cubren 200 metros libre cada uno, en una carrera de 800 metros. ","Staffel 4x200 m Freistil","Teams mit 4 Schwimmern legen je 200 m Freistil zurück über eine 800 m Strecke. ","libero 4 x 200 m sl","Squadre di quattro nuotatori che coprono ciascuno 200 m in stile libero in una gara di 800 m ","８００ｍリレー","4人競泳者のチームが、各200mを分担する自由形800mレース "
"http://cv.iptc.org/newscodes/subjectcode/15062010","subj:15062010",,,"subj:15062010",,,"50 m backstroke","Competitors cover 50m in the backstroke style ","50m dos","longueur à parcourir en nageant sur le dos ","50m espalda","Competidores cubren 50 metros estilo espalda. ","50 m Rückenschwimmen","Wettkämpfer legen 50 m im Rückenschwimmen zurück. ","50 m dorso","I concorrenti coprono 50 m in stile dorso ","５０ｍ背泳ぎ","競泳者は背泳で50mを泳ぐ "
"http://cv.iptc.org/newscodes/subjectcode/15062011","subj:15062011",,,"subj:15062011",,,"100 m backstroke","Competitors cover 100m in the backstroke style ","100m dos","longueur à parcourir en nageant sur le dos ","100m espalda","Competidores cubren 100 metros estilo espalda. ","100 m Rückenschwimmen","Wettkämpfer legen 100 m im Rückenschwimmen zurück. ","100 m dorso","I concorrenti coprono 100 m in stile dorso ","１００ｍ背泳ぎ","競泳者は背泳で100mを泳ぐ "
"http://cv.iptc.org/newscodes/subjectcode/15062012","subj:15062012",,,"subj:15062012",,,"200 m backstroke","Competitors cover 200m in the backstroke style ","200m dos","longueur à parcourir en nageant sur le dos ","200m espalda","Competidores cubren 200 metros estilo espalda. ","200 m Rückenschwimmen","Wettkämpfer legen 200 m im Rückenschwimmen zurück. ","200 m dorso","I concorrenti coprono 200 m in stile dorso ","２００ｍ背泳ぎ","競泳者は背泳で200mを泳ぐ "
"http://cv.iptc.org/newscodes/subjectcode/15062013","subj:15062013",,,"subj:15062013",,,"50 m breaststroke","A 50m race in the breaststroke style, on the front, effecting forward and outward push movements with the arms and backward and outward pushes with the legs ","50m brasse","longueur à parcourir en nageant la brasse: le corps est allongé sur la poitrine. Les mouvements de bras et de jambes doivent être simultanés dans le même plan horizontal et les mains poussées ensemble en avant à partir de la poitrine. ","50m pecho","Una carrera de 50 metros en estilo pecho, realizando movimientos de empuje hacia adelante y atrás con los brazos y hacia atrás y hacia afuera con las piernas ","50 m Brustschwimmen","50 m Strecke im Brustschwimmen. Auf dem Bauch liegend sich vorwärts und außerhalb mit den Armen und rückwärts mit den Beinen bewegend. ","50 m rana","Una gara di 50 m in stile rana, frontale, con movimenti in avanti e indietro con le braccia, e movimenti indietro e in avanti con le gambe ","５０ｍ平泳ぎ","50m平泳ぎレース。水中で腕を前方から外側に押し出したり、脚を外側から後方に蹴り出して前に進む "
"http://cv.iptc.org/newscodes/subjectcode/15062014","subj:15062014",,,"subj:15062014",,,"100 m breaststroke","A 100m race in the breaststroke style, on the front, effecting forward and outward push movements with the arms and backward and outward pushes with the legs ","100m brasse","longueur à parcourir en nageant la brasse: le corps est allongé sur la poitrine. Les mouvements de bras et de jambes doivent être simultanés dans le même plan horizontal et les mains poussées ensemble en avant à partir de la poitrine. ","100m pecho","Una carrera de 100 metros en estilo pecho, realizando movimientos de empuje hacia adelante y atrás con los brazos y hacia atrás y hacia afuera con las piernas. ","100 m Brustschwimmen","100 m Strecke im Brustschwimmen. Auf dem Bauch liegend sich vorwärts und außerhalb mit den Armen und rückwärts mit den Beinen bewegend. ","100 m rana","Una gara di 100 m in stile rana, frontale, con movimenti di spinta in avanti e indietro con le braccia, e con movimenti di spinta in avanti e indietro con le gambe ","１００ｍ平泳ぎ","100m平泳ぎレース。水中で腕を前方から外側に押し出したり、脚を外側から後方に蹴り出して前に進む "
"http://cv.iptc.org/newscodes/subjectcode/15062015","subj:15062015",,,"subj:15062015",,,"200 m breaststroke","A 200m race in the breaststroke style, on the front, effecting forward and outward push movements with the arms and backward and outward pushes with the legs ","200m brasse","longueur à parcourir en nageant la brasse: le corps est allongé sur la poitrine. Les mouvements de bras et de jambes doivent être simultanés dans le même plan horizontal et les mains poussées ensemble en avant à partir de la poitrine. ","200m pecho","Una carrera de 200 metros en estilo pecho, realizando movimientos de empuje hacia adelante y atrás con los brazos y hacia atrás y hacia afuera con las piernas. ","200 m Brustschwimmen","200 m Strecke im Brustschwimmen. Auf dem Bauch liegend sich vorwärts und außerhalb mit den Armen und rückwärts mit den Beinen bewegend. ","200 m rana","Gara di 200 m in stile rana, frontale, con movimenti di spinta in avanti e indietro con le braccia e la schiena, e movimenti di spinta indietro e in avanti con le gambe ","２００ｍ平泳ぎ","200m平泳ぎレース。水中で腕を前方から外側に押し出したり、脚を外側から後方に蹴り出して前に進む "
"http://cv.iptc.org/newscodes/subjectcode/15062016","subj:15062016",,,"subj:15062016",,,"50 m butterfly","A 50m butterfly race, swum on the front with the shoulders remaining parallel to the water both arms moving in simultaneous windmill fashion, the legs remain together and are moved in a flapping motion. The most physical of all styles. ","50m papillon","longueur à parcourir en nageant la brasse: le corps est allongé sur la poitrine. Les mouvements de bras et de jambes doivent être simultanés dans le même plan horizontal et les mains poussées ensemble en avant à partir de la poitrine. ","50m mariposa","Una carrera de 50 metros mariposa, donde el nadador mantiene los hombros paralelos al agua y mueve los brazos en forma de molino. Las piernas permanecen juntas y se mueven juntas. La más exigente de todas las pruebas. ","50 m Schmetterling","50 m Strecke Schmetterling. Bauchlage, bei der beide Schultern parallel zum Wasser bleiben und die Arme sich simultan in Schmetterlingsform bewegen. Die Beine werden zusammengehalten und flossenartig bewegt. Der kraftaufwendigste aller Schwimmstile. ","50 m farfalla","Una gara di 50 m in stile farfalla, di nuoto frontale con le spalle parallele all'acqua ed entrambe le braccia si muovono simultaneamente come un mulino mentre le gambe restano unite in un movimento di spinta verso il basso e poi verso l'alto ","５０ｍバタフライ","正面で肩を水面に平行にしたまま両腕を風車のように動かし、両足を合わせたままフラップ運動のように動かす、50mのバタフライ競争。全ての泳法の中でもっとも肉体的に負担がある "
"http://cv.iptc.org/newscodes/subjectcode/15062017","subj:15062017",,,"subj:15062017",,,"100 m butterfly","A 100m butterfly race, swum on the front with the shoulders remaining parallel to the water both arms moving in simultaneous windmill fashion, the legs remain together and are moved in a flapping motion. The most physical of all styles ","100m papillon","longueur à parcourir en nage papillon: le corps doit être allongé sur la poitrine, les épaules parallèles à la surface. Les bras doivent être amenés en avant ensemble au-dessus de l'eau et ramenés en arrière en même temps de même que les pieds. ","100m mariposa","Una carrera de 100 metros mariposa, donde el nadador mantiene los hombros paralelos al agua y mueve los brazos en forma de molino. Las piernas permanecen juntas y se mueven juntas. La más exigente de todas las modalidades. ","100 m Schmetterling","100 m Strecke Schmetterling. Bauchlage, bei der beide Schultern parallel zum Wasser bleiben und die Arme sich simultan in Schmetterlingsform bewegen. Die Beine werden zusammengehalten und flossenartig bewegt. Der kraftaufwendigste aller Schwimmstile. ","100 m farfalla","Una gara di 100 m in stile farfalla, nuotando frontalmente con le spalle tenute parallele all'acqua ed entrambe le braccia si muovono simultaneamente come un mulino, le gambe restano unite in un movimento di spinta verso il basso e poi verso l'alto. ","１００ｍバタフライ","正面で肩を水面に平行にしたまま両腕を風車のように動かし、両足を合わせたままフラップ運動のように動かす、100mのバタフライ競争。全ての泳法の中でもっとも肉体的に負担がある "
"http://cv.iptc.org/newscodes/subjectcode/15062018","subj:15062018",,,"subj:15062018",,,"200 m butterfly","A 200m butterfly race, swum on the front with the shoulders remaining parallel to the water both arms moving in simultaneous windmill fashion, the legs remain together and are moved in a flapping motion. The most physical of all styles ","200 m papillon","longueur à parcourir en nage papillon: le corps doit être allongé sur la poitrine, les épaules parallèles à la surface. Les bras doivent être amenés en avant ensemble au-dessus de l'eau et ramenés en arrière en même temps de même que les pieds. ","200m mariposa","Una carrera de 200 metros mariposa, donde el nadador mantiene los hombros paralelos al agua y mueve los brazos en forma de molino. Las piernas permanecen juntas y se mueven juntas. La más exigente de todas las modalidades. ","200m Schmetterling","200 m Strecke Schmetterling. Bauchlage, bei der beide Schultern parallel zum Wasser bleiben und die Arme sich simultan in Schmetterlingsform bewegen. Die Beine werden zusammengehalten und flossenartig bewegt. Der kraftaufwendigste aller Schwimmstile. ","200 m farfalla","Una gara di 200 m in stile farfalla, nuotando frontalmente mantenendo le spalle parallele all'acqua e con entrambe le braccia che si muovono simultaneamente come un mulino a vento, le gambe restano unite in un movimento di spinta verso il basso e verso l'alto ","２００ｍバタフライ","正面で肩を水面に平行にしたまま両腕を風車のように動かし、両足を合わせたままフラップ運動のように動かす、200mのバタフライ競争。全ての泳法の中でもっとも肉体的に負担がある "
"http://cv.iptc.org/newscodes/subjectcode/15062019","subj:15062019",,,"subj:15062019",,,"100 m medley","Swimmers complete four laps, each in a different style and in this order: butterfly, backstroke, breaststroke and freestyle, covering a total of 100m. ","100 m 4 nages","le nageur parcourt la longeur en utilisant les 4 styles dans l'ordre suivant : papillon, dos, brasse et libre. ","100m combinados","Los nadadores completan cuatro recorridos en diferentes estilos y en el siguiente orden: mariposa, espalda, pecho y libre, cubriendo un total de 100 metros. ","100 m Lagen","Schwimmer legen in vier Runden 100 m zurück, jede davon in einem anderen Stil in der folgenden Reihenfolge: Schmetterling, Rücken, Brust und Freistil. ","100 m Misti (individuale)","I nuotatori completano quattro giri con quattro stili in questo ordine: farfalla, dorso, rana e in stile libero, per un totale di 100 m ","１００ｍ個人メドレー","水泳競技でラップ毎に異なるスタイルのバタフライ、背泳、平泳ぎ、自由形の順で100mを完泳する "
"http://cv.iptc.org/newscodes/subjectcode/15062020","subj:15062020",,,"subj:15062020",,,"200 m medley","Swimmers complete four laps, each in a different style and in this order: butterfly, backstroke, breaststroke and freestyle, covering a total of 200m. ","200 m 4 nages","le nageur parcourt la longeur en utilisant les 4 styles dans l'ordre suivant : papillon, dos, brasse et libre. ","200m combinados","Los nadadores completan cuatro recorridos en diferentes estilos y en el siguiente orden: mariposa, espalda, pecho y libre, cubriendo un total de 200 metros. ","200 m Lagen","Schwimmer legen in vier Runden 200 m zurück, jede davon in einem anderen Stil in der folgenden Reihenfolge: Schmetterling, Rücken, Brust und Freistil. ","200 m Misti (individuale)","I nuotatori completano quattro vasche, ognuno in uno stile diverso e in quest'ordine: farfalla, dorso, rana e stile libero, per un totale di 200 m ","２００ｍ個人メドレー","水泳競技でラップ毎に異なるスタイルのバタフライ、背泳、平泳ぎ、自由形の順で200mを完泳する "
"http://cv.iptc.org/newscodes/subjectcode/15062021","subj:15062021",,,"subj:15062021",,,"400 m medley","Swimmers complete eight laps, two in each style and in this order: butterfly, backstroke, breaststroke and freestyle, covering a total of 400m. ","400 m 4 nages","le nageur parcourt la longeur en utilisant les 4 styles dans l'ordre suivant : papillon, dos, brasse et libre. ","400m combinados","Los nadadores completan cuatro recorridos en diferentes estilos y en el siguiente orden: mariposa, espalda, pecho y libre, cubriendo un total de 400 metros. ","400 m Lagen","Schwimmer legen in vier Runden 400 m zurück, jede davon in einem anderen Stil in der folgenden Reihenfolge: Schmetterling, Rücken, Brust und Freistil. ","400 m Misti (individuale)","I nuotatori completano otto vasche, due per stile e in quest'ordine: farfalla, dorso, rana e stile libero, per un totale di 400 m ","４００ｍ個人メドレー","水泳競技で2ラップ毎に異なるスタイルのバタフライ、背泳、平泳ぎ、自由形の順で400mを完泳する "
"http://cv.iptc.org/newscodes/subjectcode/15062022","subj:15062022",,,"subj:15062022",,,"relay 4x50 m medlay","A relay team of four, each of whom completes a single lap and each in a different style in this order: backstroke, breaststroke, butterfly and freestyle in a race of 200m total. ","relais 4x50m 4 nages","relais de quatre nageurs devant parcourir la longueur en utilisant les quatre styles dans l'ordre suivant: dos, brasse, papillon et libre. ","relevo 4 x 50 metros combinados","Relevo de cuatro nadadores, cada uno de los cuales cubre 50 metros en un estilo diferente: espalda, pecho, mariposa y libre en una carrera de 200 metros total ","Staffel 4x50 m Lagen","Staffelteam mit 4 Schwimmern, wobei jeder von Ihnen eine Einzelrunde zurücklegt in verschiedenen Stilen in folgender Reihenfolge: Rücken, Brust, Schmetterling und Freistil auf einer Stecke von insgesamt 200 m. ","Staffetta mista 4 x 50 m","Una squadra di quattro nuotatori, ciascuno dei quali completa una vasca e in uno stile: dorso, rana, farfalla e stile libero, in una gara di 200 m ","２００ｍメドレーリレー","4人構成のリレーチームで、異なるスタイルの背泳ぎ、平泳ぎ、バタフライ、自由形の順で4人が1ラップ毎に代わり200mを完泳する "
"http://cv.iptc.org/newscodes/subjectcode/15062023","subj:15062023",,,"subj:15062023",,,"relay4x100 m medley","A relay team of four, each of whom completes two laps and each in a different style in this order: backstroke, breaststroke, butterfly and freestyle in a race of 400m total. ","Relais 4x100 m 4nages","relais de quatre nageurs devant parcourir la longueur en utilisant les quatre styles dans l'ordre suivant: dos, brasse, papillon et libre. ","relevo 4 x 100 metros combinados","Relevo de cuatro nadadores, cada uno de los cuales cubre 100 metros en un estilo diferente: espalda, pecho, mariposa y libre en una carrera de 400 metros total. ","Staffel 4x100 m Lagen","Staffelteam mit 4 Schwimmern, wobei jeder von Ihnen eine Einzelrunde zurücklegt in verschiedenen Stilen in folgender Reihenfolge: Rücken, Brust, Schmetterling und Freistil auf einer Stecke von insgesamt 400 m ","Staffetta mista 4 x 100 m","Corsa a staffetta di quattro nuotatori, ciascuno dei quali deve completare due vasche e in uno stile: dorso, rana, farfalla e stile libero ","４００ｍメドレーリレー","4人構成のリレーチームで、異なるスタイルの背泳ぎ、平泳ぎ、バタフライ、自由形の順で4人が2ラップ毎に代わり400mを完泳する "
"http://cv.iptc.org/newscodes/subjectcode/15062024","subj:15062024",,,"subj:15062024",,,"short course","Races competed in a 25m length pool ","petit bassin","épreuve se déroulant dans un bassin de 25m ","piscina corta","Carreras en piscinas de 25 metros. ","Kurzbahnen","Rennen, was in einer 25 m Bahn ausgetragen wird. ","Vasca corta","Gara in una piscina lunga 25 m ","短水路","25mプールにて行われる水泳競技 "
"http://cv.iptc.org/newscodes/subjectcode/15062025","subj:15062025",,,"subj:15062025",,,"synchronised technical routine","Contestants obtain points from 10 sitting judges by executing certain synchronised artistic shapes and movements in the water. In the technical programme, competitors must execute a range of specific moves in a given order. ","Natation synchronisée programme technique","nager en exécutant des figures artistiques en synchronisation avec la ou les partenaires. Dans le programme technique, les nageuses présentent des figures spécifiques dans un ordre donné. ","rutina técnica sincronizada","Los nadadores obtienen puntos de diez jurados al ejecutar determinados movimientos sincronizados y artísticos. En el programa técnico, los competidores deben ejecutar una serie de movimientos específicos en un orden dado. ","Synchronschwimmen Disziplin","Wettkämpfer erhalten Punkte von einer zehnköpfigen Jury für synchrone artistische Formen und Bewegungen im Wasser. In der technischen Disziplin müssen die Schwimmer eine Rangfolge von speziellen Bewegungen einhalten. ","Nuoto sincronizzato tecnico","I concorrenti ricevono i voti di dieci giudici eseguendo nell'acqua figure e movimenti sincronizzati. Nel programma tecnico i concorrenti devono compiere una serie di mosse specifiche e in un determinato ordine ","シンクロ・テクニカル","競技者は、水中での一連の芸術的な形や動作で10人の着席した審判から点数を得る。テクニカルプログラムでは、競技者は決められた順序と動きの範囲内で演技しなければならない "
"http://cv.iptc.org/newscodes/subjectcode/15062026","subj:15062026",,,"subj:15062026",,,"synchronised free routine","In the free programme, music, movements and their order of execution are not restricted. ","Natation synchronisée programme libre","nager en exécutant des figures artistiques en synchronisation avec la ou les partenaires. Dans le programme libre, la musique, les figures et leur ordre ne comportent aucune restriction. ","rutina libre sincronizada","En el programa libre, la música, los movimientos y su orden no son predeterminados. ","Synchronschwimmen frei","In der freien Disziplin sind die Bewegungen, die Musik und die Reihenfolge nicht vorgegeben. ","Nuoto sincronizzato libero","Nel programma libero la musica, i movimenti e il loro ordine di esecuzione non sono limitati ","シンクロ・フリー","フリープログラムでは、音楽、動き、およびそれらの演奏順序は制限されない "
"http://cv.iptc.org/newscodes/subjectcode/15063000","subj:15063000",,"subj:15063000",,,,"table tennis","A racket sport for two or four (in doubles), who compete at a table divided by a net using a small bat to play a lightweight ball ","Tennis de table","sport où deux joueurs (ou deux équipes de deux) s'affrontent sur une table en renvoyant une balle au dessus d'un filet à l'aide d'une raquette. ","tenis de mesa","Un deporte de raqueta para dos o cuatro (en dobles), que compiten en una tabla dividida por una red utilizando una paleta liviana y una pelota de plástico. ","Tischtennis","Ballsport für zwei oder vier (im Doppel), wird auf einem Tisch ausgeübt, der durch ein Netz geteilt ist mit einem kleinen Schläger und einem leichten Ball. ","Ping pong","Sport con racchetta per due o quattro persone (in coppia) che competono su un tavolo diviso da una rete ","卓球","2人または4人(ダブルス)で、軽量のボールと小さなバットを使用して、ネットで区切られたテーブルで競われるラケット競技 "
"http://cv.iptc.org/newscodes/subjectcode/15064000","subj:15064000",,"subj:15064000",,,,"Taekwon-Do","A martial art of Korean origin ","Taekwondo","art martial d'autodéfense et de combat d'origine coréenne ","taekwondo","Un arte marcial de origen coreano, con especialidad en técnicas de patadas. ","Taekwondo","Kampfsportart, ursprünglich aus Korea. ","Taekwon-Do","I combattimenti di Taekwondo (stile WTF) si svolgono su un campo quadrato di 12x12 m, tra due atleti muniti di protezioni. Il combattimento è articolato in tre round ","テコンドー","朝鮮発祥の武道 "
"http://cv.iptc.org/newscodes/subjectcode/15064001","subj:15064001",,,"subj:15064001",,,"under 49 kg","Weight category in Taekwon-Do","Moins de 49 kg","catégorie de poids ","menos de 49 kg.","Categoría de competencia del Taekwondo. ","unter 49 kg","Gewichtsklasse in Taekwon-Do","Al di sotto dei 49 kg","Categoria di peso ","女子フライ級","テコンドーの重量階級 "
"http://cv.iptc.org/newscodes/subjectcode/15064002","subj:15064002",,,"subj:15064002",,,"under 58 kg","Weight category in Taekwon-Do","Moins de 58 kg","catégorie de poids ","menos de 58 kg.","Categoría de peso ","unter 58 kg","Gewichtsklasse in Taekwon-Do","Al di sotto dei 58 kg","Categoria di peso ","男子フライ級","テコンドーの重量階級 "
"http://cv.iptc.org/newscodes/subjectcode/15064003","subj:15064003",,,"subj:15064003",,,"49-57 kg","Weight category in Taekwon-Do","49-57 kg","catégorie de poids ","49-57 kg","Categoría de peso ","49-57 kg","Gewichtsklasse in Taekwon-Do","49-57 kg","Categoria di peso ","女子フェザー級","テコンドーの重量階級 "
"http://cv.iptc.org/newscodes/subjectcode/15064004","subj:15064004",,,"subj:15064004",,,"58-68 kg","Weight category in Taekwon-Do","58-68kg","catégorie de poids ","58-68 kg","Categoría de peso ","58-68 kg","Gewichtsklasse in Taekwon-Do","58-68 kg","Categoria di peso ","男子フェザー級","テコンドーの重量階級 "
"http://cv.iptc.org/newscodes/subjectcode/15064005","subj:15064005",,,"subj:15064005",,,"57-67 kg","Weight category in Taekwon-Do","57-67kg","catégorie de poids ","57-67 kg","Categoría de peso ","57-67 kg","Gewichtsklasse in Taekwon-Do","57-67 kg","Categoria di peso ","女子ウエルター級","テコンドーの重量階級 "
"http://cv.iptc.org/newscodes/subjectcode/15064006","subj:15064006",,,"subj:15064006",,,"68-80 kg","Weight category in Taekwon-Do","68-80kg","catégorie de poids ","68-80 kg","Categoría de peso ","68-80 kg","Gewichtsklasse in Taekwon-Do","68-80 kg","Categoria di peso ","男子ウエルター級","テコンドーの重量階級 "
"http://cv.iptc.org/newscodes/subjectcode/15064007","subj:15064007",,,"subj:15064007",,,"over 67 kg","Weight category in Taekwon-Do","Plus de 67 kg","catégorie de poids ","más de 67 kg","Categoría de peso ","über 67 kg","Gewichtsklasse in Taekwon-Do","Oltre i 67 kg","Categoria di peso ","女子ヘビー級","テコンドーの重量階級 "
"http://cv.iptc.org/newscodes/subjectcode/15064008","subj:15064008",,,"subj:15064008",,,"over 80 kg","Weight category in Taekwon-Do","Plus de 80 kg","catégorie de poids ","más de 80 kg.","Categoría de peso ","über 80 kg","Gewichtsklasse in Taekwon-Do","Oltre gli 80 kg","Categoria di peso ","男子ヘビー級","テコンドーの重量階級 "
"http://cv.iptc.org/newscodes/subjectcode/15065000","subj:15065000",,"subj:15065000",,,,"tennis","A sport where two players, four in doubles, equipped with a racket compete by hitting the ball over a net into the opponent's side of the court with the aim of putting it out of reach within the regulation lines, thus winning points. ","Tennis","sport où deux joueurs (ou deux équipes de deux) s'affrontent sur un court en renvoyant une balle au dessus d'un filet à l'aide d'une raquette ","tenis","Deporte donde dos jugadores o dos parejas, equipados con raquetas, compiten golpeando una pelota por encima de una red ubicada en la mitad del campo demarcado, con el objetivo de enviarla al lado opuesto y ponerla lejos del alcance rival. ","Tennis","Sportart, bei der zwei Spieler oder vier im Doppel mit einem Schläger ausgestattet, einen Ball über ein Netz auf die gegnerische Seite des Feldes schlagen. Ziel ist es diesen so zu platzieren, dass er unerreicht innerhalb der Linie auf den Boden geht, damit werden Punkte erreicht. ","Tennis","Sport nel quale due giocatori, quattro se in coppia, competono colpendo una palla con una racchetta al di sopra di una rete che divide in due parti il campo allo scopo di ottenere punti lanciando la palla fuori dalla portata dell'avversario ma pur sempre all'interno delle linee del campo ","テニス","2人のプレーヤー(ダブルスでは4人)がラケットでネット越しに対戦相手側のコート内へボールを打つ競技。ラインの内側で相手が届かないところを狙い得点を得る "
"http://cv.iptc.org/newscodes/subjectcode/15065001","subj:15065001",,,"subj:15065001",,,"soft tennis","Tennis with a soft rubber ball. (Programme of National Sports Festival in Japan) ","Soft tennis","tennis avec une balle molle en caoutchouc (au programme du Festival national des Sports au Japon) ","soft tennis","Tennis jugado en Japón con una pelota ligera de gaucho ","Softtennis","Tennis mit einem weichen Ball. (Programm des nationalen Sport Festivals in Japan) ","Soft tennis","Tennis giocato con una palla morbida di gomma ","ソフトテニス","柔らかいゴムボールを使ったテニス(日本の国体競技) "
"http://cv.iptc.org/newscodes/subjectcode/15066000","subj:15066000",,"subj:15066000",,,,"triathlon","An endurance multi-sport where competitors first swim, then cycle and then run a road race. Distances vary according to the competition, the Olympic version being 1.5, 40 and 10km respectively. ","Triathlon","épreuve d'endurance qui comprend trois disciplines différentes enchaînées successivement (nage, cyclisme, course à pied). ","triatlón","Un deporte de resistencia con varias disciplinas, donde los competidores primero nadan, luego afrontan una competencia ciclista y luego corren. Las distancias varían de acuerdo a la competición: la versión olímpica cumple 1,5, 4 y 10 kilómetros. ","Triathlon","Ein Ausdauersport, bei dem die Wettkämpfer erst Schwimmen, dann Radfahren und dann auf der Straße laufen. Je nach Wettbewerb variieren die Distanzen, die olympische Version erfordert 1,5 km, 40 km und 10 km. ","Triathlon","Sport multidisciplinare di resistenza nel quale i concorrenti, in ordine, nuotano, vanno in bicicletta e corrono per strada. Le distanze della competizione olimpica sono di 1, 5, 40 e 10 km ","トライアスロン","競技者は最初に水泳、それから自転車、その後にランニングをする耐久の複合競技。距離は競技会によって様々で、オリンピックではそれぞれ1.5km、40km、10kmになる "
"http://cv.iptc.org/newscodes/subjectcode/15066001","subj:15066001",,,"subj:15066001",,,"triathlon swimming","Triathlon event ","Natation","épreuve du triathlon ","natación-triatlón","Prueba de triatlón ","Triathlon Schwimmen","Triathlon Disziplin ","Nuoto","Gara di triathlon ","水泳","トライアスロン競技(水泳) "
"http://cv.iptc.org/newscodes/subjectcode/15066002","subj:15066002",,,"subj:15066002",,,"triathlon cycling","Triathlon event ","Cyclisme","épreuve du triathlon ","ciclismo-triatlón","Prueba de triatlón ","Triathlon Radfahren","Triathlon Disziplin ","Ciclismo","Gara di triathlon ","自転車","トライアスロン競技(サイクリング) "
"http://cv.iptc.org/newscodes/subjectcode/15066003","subj:15066003",,,"subj:15066003",,,"triathlon run","Triathlon event ","Course","épreuve du triathlon ","prueba pedestre-triatlón","Prueba de triatlón ","Triathlon Laufen","Triathlon Disziplin ","Corsa","Gara di triathlon ","ラン","トライアスロン競技(ランニング) "
"http://cv.iptc.org/newscodes/subjectcode/15067000","subj:15067000",,"subj:15067000",,,,"volleyball","Two teams of six record points by hitting a ball over a net into the opponent's half of the court, keeping it in the air at all times. Points are won when opponents fail to return the ball. ","Volley-ball","2 équipes de 6 joueurs s'affrontent en faisant passer un ballon par-dessus un filet. Le but est d'empêcher le ballon de tomber au sol dans sa partie de terrain. ","vóleibol","Dos equipos de 6 jugadores intentan con sus manos anotar puntos al lanzar una pelota por encima de una red (en mitad del campo) hacia el lado rival. Los puntos se obtienen cuando el oponente falla en responder el envío o cuando la pelota toca el suelo. ","Volleyball","Zwei Teams mit jeweils 6 machen Punkte indem sie den Ball über ein Netz in das gegnerische Spielfeld schlagen und versuchen ihn solange wie möglich in der Luft zu halten. Punkte werden gemacht wenn ein Fehler gemacht wird und der Ball an den Gegner zurück geht. ","Pallavolo","Due squadre di sei giocatori segnano punti mandando una palla nel campo avversario oltrepassando una rete che si trova ad una certa altezza da terra. I punti si guadagnano quando gli avversari non riescono a rinviare la palla ","バレーボール","6人構成の2つのチームがボールを常に空中に保ちながら、ネット越しに対戦相手側となるコートにボールを打つことでポイントを記録する。相手がボールを返せないとポイントを得る "
"http://cv.iptc.org/newscodes/subjectcode/15067001","subj:15067001",,,"subj:15067001",,,"beach volleyball","Two teams of two players compete on a sand court. Unlike indoor volleyball, points are scored only when the serving team wins a rally or forces an error. The sand surface makes it more physically demanding than volleyball. ","Beach volley","Deux équipes de 2 joueurs s'affrontent sur un terrain de sable en faisant passer un ballon par-dessus un filet. Le but est d'empêcher le ballon de tomber au sol dans sa partie de terrain ","vóleibol playa","Dos equipos de dos jugadores juegan en cancha de arena. A diferencia del voleibol de gimnasio, sólo se anotan puntos cuando se tiene el saque. La superficie de arena demanda mayor esfuerzo físico. ","Beachvolleyball","Zwei Teams mit je zwei Spielern spielen auf einem Sandfeld. Anders als beim Volleyball werden nur dann Punkte gemacht, wenn ein Team einen Satz gewinnt oder einen Fehler macht. Der Sanduntergrund macht das Spiel anstrengender als Volleyball. ","Beach volley","Due squadre di due giocatori competono su un campo di sabbia. Diversamente dalla pallavolo al coperto, i punti si guadagnano solo quando la squadra che serve vince un recupero di palla o forza un errore avversario ","ビーチバレー","2人構成の2つのチームが砂のコート上で競う。屋内のバレーボールと異なり、サービス権のあるチームがラリーに勝つか、ミスをさせることでポイントを得る。砂の表面がバレーボールよりも身体的に過酷にさせる "
"http://cv.iptc.org/newscodes/subjectcode/15068000","subj:15068000",,"subj:15068000",,,,"water polo","Played in a pool between two teams of 7, who must stay afloat and can only use one hand to pass the ball or swim with it before trying to throw it into the opponents net to score goals. ","Water polo","sport nautique qui se pratique dans une piscine : deux équipes de 7 joueurs essayent de marquer le plus de buts possibles à l'équipe adverse ","polo acuático","Jugado en una piscina entre dos equipos de siete, que deben mantenerse a flote. Sólo pueden utilizar una mano para pasar el balón e intentar marcar un gol. El equipo que ataca tiene 35 segundos de posesión de balón y no puede hundir el esférico. ","Wasserball","Wird in einem Wasserbecken ausgetragen von zwei Teams mit jeweils 7 Spielern, die sich im Wasser befinden und nur eine Hand benutzen dürfen, um den Ball zu werfen oder mit diesem schwimmen müssen, bevor sie ihn in das gegnerische Netz werfen, um Punkte zu machen. ","Pallanuoto","Si gioca in una piscina tra due squadre di sette giocatori ciascuna che cercano di stare a galla e possono usare soltanto una mano per passarsi la palla o nuotare con essa prima di cercare di tirare la palla nella rete avversaria per segnare ","水球","7人構成の2つのチームがプールで競技する。競技者は水中に浮んでいなくてはならず、片手のみを使ってボールをパスしたり、ゴールを獲得しようとして対戦相手のネットへボールを投げ込むまでボールと一緒に泳ぐ "
"http://cv.iptc.org/newscodes/subjectcode/15069000","subj:15069000",,"subj:15069000",,,,"water skiing","On one or two skis contestants are pulled by a power boat along the water's surface ","Ski nautique","sur un ou deux skis, les concurrents, tirés par un bateau, évoluent sur l'eau ","esquí náutico","Los competidores, con uno o dos esquís, son impulsados por una embarcación a motor sobre la superficie del agua. ","Wasserski","Wettkämpfer wird auf einem oder zwei Skiern von einem Boot am Seil über die Wasseroberfläche gezogen. ","Sci nautico","Uno o due sciatori tirati da una barca a motore su una superficie d'acqua ","水上スキー","1本か2本のスキーを履いた競技者をパワーボートが水面を引っ張る "
"http://cv.iptc.org/newscodes/subjectcode/15069001","subj:15069001",,,"subj:15069001",,,"slalom","Speed event where contestants round a course marked out by buoys ","Slalom","Epreuve de vitesse constistant à se déplacer sur une piste matérialisée par des bouées ","slalom","Deporte de velocidad donde el esquiador debe eludir un trazado de boyas sobre la superficie. ","Slalom","Rennen bei dem die Wettkämpfer einem Kurs folgen, der mit Bojen markiert wird. ","Slalom","Gara di velocità in cui i gareggianti devono terminare un percorso segnato da boe ","スラローム","水上スキーで、ポールによって作られたコースを周るスピード競技 "
"http://cv.iptc.org/newscodes/subjectcode/15069002","subj:15069002",,,"subj:15069002",,,"trick","Skiers perform a maximum of figures in a limited time period ","Figures","le skieur doit effectuer un maximun de figures dans un temps limité ","figuras","Esquiadores ejecutan una serie de figuras en un período de tiempo dado. ","Trick","Skifahrer bilden maximal viele Figuren in einer bestimmten Zeit. ","Acrobatico","Gli atleti eseguono un numero massimo di figure in un tempo limitato ","トリック","水上スキーのフリースタイルスキーで、スキーヤーが決められた時間内に最大限の演技を行う(競技) "
"http://cv.iptc.org/newscodes/subjectcode/15069003","subj:15069003",,,"subj:15069003",,,"jump","Skiers perform as long a jump as possible from a ramp in the water ","Saut","le skieur doit effectuer le plus long saut possible à partir d'un tremplin ","salto","Esquiadores deben saltar lo más lejos posible mediante una rampa ","Sprung","Skifahrer springen so langanhaltend wie möglich von einer Rampe in das Wasser. ","Salto","Gli atleti devono arrivare il più lontano possibile saltando da una rampa situata in acqua ","ジャンプ","水上スキーで、水上にある斜面からできる限り長いジャンプを行う(競技) "
"http://cv.iptc.org/newscodes/subjectcode/15069004","subj:15069004",,,"subj:15069004",,,"combined","A combined event made up of the slalom, jump and trick ","combiné","le résultat du combiné est obtenu par addition des points correspondant aux performances dans chacune des trois disciplines (saut, figures, slalom) ","combinado","Deporte combinado de salto, artístico y slalom ","Kombination","Kombiniertes Ereignis von Slalom, Sprung und Trick. ","Combinato","Una gara combinata fatta da slalom, salto e acrobazie ","複合","水上スキーで、スラローム、ジャンプ、トリックを組み合わせた競技 "
"http://cv.iptc.org/newscodes/subjectcode/15070000","subj:15070000",,"subj:15070000",,,,"weightlifting","A strength test where competitors lift as heavy a weight as possible ","Haltérophilie","sport de force et de vitesse d'exécution qui consiste à soulever la charge la plus lourde ","halterofilia","Un deporte de fuerza donde el competidor debe levantar el máximo de peso posible ","Gewichtheben","Kräftemessen, bei dem die Wettkämpfer eine Gewicht so schwer wie möglich heben. ","Sollevamento pesi","Prova di forza nella quale gli atleti sollevano un peso il più pesante possibile ","重量挙げ","競技者が出来る限り重い錘を持ち上げる力持ち競技 "
"http://cv.iptc.org/newscodes/subjectcode/15070001","subj:15070001",,,"subj:15070001",,,"snatch","The bar must be lifted from floor to above the head in one movement ","Arrachée","amener une barre à disques à bout de bras en un seul temps ","arranque","La barra debe ser elevada desde el piso hasta arriba de la cabeza en un solo movimiento ","Snatch","Die Stange muss vom Boden über den Kopf in einem Zug gehoben werden. ","Strappo","Il bilanciere deve essere sollevato da terra e portato al di sopra della testa con un solo movimento ","スナッチ","バーを一連の動作で床から頭上まで持ち上げなければならない(競技) "
"http://cv.iptc.org/newscodes/subjectcode/15070002","subj:15070002",,,"subj:15070002",,,"clean and jerk","The bar is first lifted to the shoulders and then jerk it above the head and keep it there while maintaining straight legs ","épaulé-jeté","amener une barre à disques à bout de bras en deux temps : d'abord au niveau des épaules ensuite au-dessus de la tête avec les bras tendus ","dos tiempos","La barra es elevada primero hasta los hombros, luego elevada por encima de la cabeza y se debe mantener allí con las piernas estiradas. ","Clean and Jerk","Die Stange wird zu den Schultern gehoben, dann über den Kopf und dort gehalten während die Beine gestreckt werden. ","Due tempi (salto e strappo)","Il bilanciere è prima sollevato all'altezza delle spalle e poi spinto al di sopra della testa con uno strappo deciso e va tenuto mantenendo le gambe unite ","ジャーク","バーを最初に肩まで持ち上げ、その後に頭上に持ち上げて、足をまっすぐ揃えるまで保ち続ける(競技) "
"http://cv.iptc.org/newscodes/subjectcode/15070003","subj:15070003",,,"subj:15070003",,,"48 kg","Competitor weight category in weightlifting","48kg","catégories de poids du compétiteur ","48 kg","Categoría de peso, del competidor de halterofilia. ","48 kg","Gewichtsklasse im Gewichtheben","48 kg","Categoria di peso del concorrente ","４８ｋｇ級","重量挙げの重量階級 "
"http://cv.iptc.org/newscodes/subjectcode/15070004","subj:15070004",,,"subj:15070004",,,"53 kg","Competitor weight category in weightlifting","53kg","catégories de poids du compétiteur ","53 kg","Categoría de peso, del competidor de halterofilia. ","53 kg","Gewichtsklasse im Gewichtheben","53 kg","Categoria di peso del concorrente ","５３ｋｇ級","重量挙げの重量階級 "
"http://cv.iptc.org/newscodes/subjectcode/15070005","subj:15070005",,,"subj:15070005",,,"63 kg","Competitor weight category in weightlifting","63kg","catégories de poids du compétiteur ","63 kg","Categoría de peso, del competidor de halterofilia. ","63 kg","Gewichtsklasse im Gewichtheben","63 kg","Categoria di peso del concorrente ","６３ｋｇ級","重量挙げの重量階級 "
"http://cv.iptc.org/newscodes/subjectcode/15070006","subj:15070006",,,"subj:15070006",,,"75 kg","Competitor weight category in weightlifting","75kg","catégories de poids du compétiteur ","75 kg","Categoría de peso, del competidor de halterofilia. ","75 kg","Gewichtsklasse im Gewichtheben","75 kg","Categoria di peso del concorrente ","７５ｋｇ級","重量挙げの重量階級 "
"http://cv.iptc.org/newscodes/subjectcode/15070007","subj:15070007",,,"subj:15070007",,,"over 75 kg","Competitor weight category in weightlifting","Plus de 75kg","catégories de poids du compétiteur ","más de 75 kg","Categoría de peso, del competidor de halterofilia. ","über 75 kg","Gewichtsklasse im Gewichtheben","Oltre 75 kg","Categoria di peso del concorrente ","７５ｋｇ超級","重量挙げの重量階級 "
"http://cv.iptc.org/newscodes/subjectcode/15070008","subj:15070008",,,"subj:15070008",,,"56 kg","Competitor weight category in weightlifting","56kg","catégories de poids du compétiteur ","56 kg","Categoría de peso, del competidor de halterofilia. ","56 kg","Gewichtsklasse im Gewichtheben","56 kg","Categoria di peso del concorrente ","５６ｋｇ級","重量挙げの重量階級 "
"http://cv.iptc.org/newscodes/subjectcode/15070009","subj:15070009",,,"subj:15070009",,,"62 kg","Competitor weight category in weightlifting","62kg","catégories de poids du compétiteur ","62 kg","Categoría de peso, del competidor de halterofilia. ","62 kg","Gewichtsklasse im Gewichtheben","62 kg","Categoria di peso del concorrente ","６２ｋｇ級","重量挙げの重量階級 "
"http://cv.iptc.org/newscodes/subjectcode/15070010","subj:15070010",,,"subj:15070010",,,"69 kg","Competitor weight category in weightlifting","69kg","catégories de poids du compétiteur ","69 kg","Categoría de peso, del competidor de halterofilia. ","69 kg","Gewichtsklasse im Gewichtheben","69 kg","Categoria di peso del concorrente ","６９ｋｇ級","重量挙げの重量階級 "
"http://cv.iptc.org/newscodes/subjectcode/15070011","subj:15070011",,,"subj:15070011",,,"77 kg","Competitor weight category in weightlifting","77kg","catégories de poids du compétiteur ","77 kg","Categoría de peso, del competidor de halterofilia. ","77 kg","Gewichtsklasse im Gewichtheben","77 kg","Categoria di peso del concorrente ","７７ｋｇ級","重量挙げの重量階級 "
"http://cv.iptc.org/newscodes/subjectcode/15070012","subj:15070012",,,"subj:15070012",,,"85 kg","Competitor weight category in weightlifting","85kg","catégories de poids du compétiteur ","85 kg","Categoría de peso, del competidor de halterofilia. ","85 kg","Gewichtsklasse im Gewichtheben","85 kg","Categoria di peso del concorrente ","８５ｋｇ級","重量挙げの重量階級 "
"http://cv.iptc.org/newscodes/subjectcode/15070013","subj:15070013",,,"subj:15070013",,,"94 kg","Competitor weight category in weightlifting","94kg","catégories de poids du compétiteur ","94 kg","Categoría de peso, del competidor de halterofilia. ","94 kg","Gewichtsklasse im Gewichtheben","94 kg","Categoria di peso del concorrente ","９４ｋｇ級","重量挙げの重量階級 "
"http://cv.iptc.org/newscodes/subjectcode/15070014","subj:15070014",,,"subj:15070014",,,"105 kg","Competitor weight category in weightlifting","105kg","catégories de poids du compétiteur ","105 kg","Categoría de peso, del competidor de halterofilia. ","105 kg","Gewichtsklasse im Gewichtheben","105 kg","Categoria di peso del concorrente ","１０５ｋｇ級","重量挙げの重量階級 "
"http://cv.iptc.org/newscodes/subjectcode/15070015","subj:15070015",,,"subj:15070015",,,"over 105 kg","Competitor weight category in weightlifting","> 105 kg","catégories de poids du compétiteur ","más de 105 kg","Categoría de peso, del competidor de halterofilia. ","über 105 kg","Gewichtsklasse im Gewichtheben","Più di 105 kg","Categoria di peso del concorrente ","１０５ｋｇ超級","重量挙げの重量階級 "
"http://cv.iptc.org/newscodes/subjectcode/15070016","subj:15070016",,,"subj:15070016",,,"powerlifting","A strength test where competitors lift as heavy a weight as possible ","Force athlétique","sport de force qui consiste à soulever des charges les plus lourdes possibles ","powerlifting","Deporte de fuerza donde cada competidor debe elevar el máximo de peso posible ","Kraftdreikampf","Kräftemessen, bei dem die Wettkämpfer eine Gewicht so schwer wie möglich heben. ","Powerlifting","Una prova di forza in cui gli atleti sollevano il massimo peso possibile ","パワーリフティング","競技者が出来る限り重い錘を持ち上げる力持ち競技 "
"http://cv.iptc.org/newscodes/subjectcode/15071000","subj:15071000",,"subj:15071000",,,,"windsurfing","Contestants must complete a marked out course as fast as possible on a windsurf board ","Planche à voile","compétitition consistant à parcourir une distance donnée dans un minimum de temps avec une planche à voile ","windsurf","Contendientes deben completar una curso acuático demarcado tan rápido como puedan desplazándose en una tabla de vela ","Windsurfen","Wettkämpfer müssen so schnell wir möglich einen bestimmten Kurs auf einem Surfboard zurücklegen. ","Windsurf","Gli atleti devono completare il più velocemente possibile un percorso segnato stando su una tavola da windsurf ","ウィンドサーフィン","競技者はウインドサーブボードでできる限り早くコースを完走しなければならない(競技) "
"http://cv.iptc.org/newscodes/subjectcode/15071001","subj:15071001",,,"subj:15071001",,,"ocean","Races on the open seas ","Courses en mer","compétition se déroulant en mer ","océano","Carreraras en mar abierto ","Meer","Rennen auf dem offenen Meer. ","Oceano","Gare in mare aperto ","オーシャン","外洋でのレース "
"http://cv.iptc.org/newscodes/subjectcode/15071002","subj:15071002",,,"subj:15071002",,,"lake","Races competed on lakes ","Régates sur lac","compétition se déroulant sur lac ","lagos","Carreras realizadas en lagos ","See","Rennen auf Seen. ","Lago","Gare disputate su laghi ","レイク","湖で競争するレース "
"http://cv.iptc.org/newscodes/subjectcode/15071003","subj:15071003",,,"subj:15071003",,,"river","Races competed on rivers ","Régates sur fleuve","compétition se déroulant sur fleuve ","ríos","Carreras realizadas en ríos ","Fluß","Rennen auf Flüssen. ","Fiume","Gare disputate su fiumi ","リバー","川で競争するレース "
"http://cv.iptc.org/newscodes/subjectcode/15071004","subj:15071004",,,"subj:15071004",,,"land","Races competed on land with a board equipped with wheels ","Courses sur terre","compétition de planche à voile à roulette ","tierra","Carreras en tierra con una tabla munida de ruedas ","Land","Rennen auf dem Land mit einem Board auf Rädern. ","Terra","Gare disputate sulla terra con una tavola dotata di ruote ","ランド","車輪の付いたボードを使った陸上で競争するレース "
"http://cv.iptc.org/newscodes/subjectcode/15072000","subj:15072000",,"subj:15072000",,,,"wrestling","Combat sport where each wrestler attempts to win over his adversary, by holding both shoulders on the ground (fall) long enough to be in control. Points can also be decisive. ","Lutte","sport de combat où deux lutteurs essaient de se faire tomber ou de maintenir un adversaire à terre sur les épaules ","lucha","Deporte de combate donde cada luchador intenta ganar, apoyando los hombros de su rival contra el piso en un tiempo determinado. Los puntos pueden ser decisivos. ","Ringen","Kampfsport, bei dem jeder Ringer versucht den andern zu besiegen, indem er die beiden Schultern auf dem Boden hält. Punkte können auch entscheidend sein. ","Lotta","Combattimento sportivo in cui ogni lottatore cerca di vincere tenendo l'avversario con le spalle al tappeto il tempo necessario per tenerlo sotto controllo. Anche i punti possono essere decisivi ","レスリング","格闘技でレスリング選手は相手を組み伏せ、十分な時間床に両肩を仰向けに押さえつけ(フォール)て制御する競技、これが決定的になるとポイントになる "
"http://cv.iptc.org/newscodes/subjectcode/15072001","subj:15072001",,,"subj:15072001",,,"freestyle","A style where leg holds are allowed ","Lutte libre","style de lutte qui permet les prises aux jambes ","lucha libre","Un estilo donde sostener con las piernas está permitido ","Freestyle","Stil bei dem auch das Festhalten der Beine erlaubt ist, d.h. Angriffe auf den ganzen Körper. ","Libera","Stile nel quale è permesso l'uso delle gambe ","フリースタイル","レスリングで腰から下の脚部への攻撃もを認めるスタイル "
"http://cv.iptc.org/newscodes/subjectcode/15072002","subj:15072002",,,"subj:15072002",,,"greco-roman","A style where the only holds allowed are those between the head and the belt ","Lutte gréco-romaine","style de lutte où seules les prises entre le tête et la ceinture sont permises ","grecorromana","Un estilo donde las únicas tomas permitidas son aquéllas entre la cabeza y la cintura ","Griechisch-Römisch","Ein Stil bei dem nur Angriffe zwischen Kopf und Gürtellinie erlaubt sind. ","Greco-romana","Stile nel quale le uniche prese permesse sono quelle tra la testa e la cintura ","グレコローマン","レスリングで頭から腰のベルトまでを掴むことが許される(腰から下への攻撃はゆるされない)スタイル "
"http://cv.iptc.org/newscodes/subjectcode/15072003","subj:15072003",,,"subj:15072003",,,"over 130 kg","Competitor weight category in wrestling","Plus de 130 kg","catégorie de poids du lutteur ","más de 130 kg","Categorías de peso de lucha ","über 130kg","Gewichtsklasse im Ringen","Superiore ai 130 kg","Categoria di peso del concorrente ","１３０ｋｇ超","競技者重量区分 "
"http://cv.iptc.org/newscodes/subjectcode/15072004","subj:15072004",,,"subj:15072004",,,"130 kg","Competitor weight category in wrestling","130kg","catégorie de poids du lutteur ","130 kg","Categorías de peso ","130 kg","Gewichtsklasse im Ringen","130 kg","Categoria di peso del concorrente ","１３０ｋｇ級","競技者重量区分 "
"http://cv.iptc.org/newscodes/subjectcode/15072005","subj:15072005",,,"subj:15072005",,,"97 kg","Competitor weight category in wrestling","97kg","catégorie de poids du lutteur ","97 kg","Categorías de peso ","97 kg","Gewichtsklasse im Ringen","97 kg","Categoria di peso del concorrente ","９７ｋｇ級","競技者重量区分 "
"http://cv.iptc.org/newscodes/subjectcode/15072006","subj:15072006",,,"subj:15072006",,,"85 kg","Competitor weight category in wrestling","85kg","catégorie de poids du lutteur ","85 kg","Categorías de peso ","85kg","Gewichtsklasse im Ringen","85 kg","Categoria di peso del concorrente ","８５ｋｇ級","競技者重量区分 "
"http://cv.iptc.org/newscodes/subjectcode/15072007","subj:15072007",,,"subj:15072007",,,"76 kg","Competitor weight category in wrestling","76kg","catégorie de poids du lutteur ","76 kg","Categorías de peso ","76 kg","Gewichtsklasse im Ringen","76 kg","Categoria di peso del concorrente ","７６ｋｇ級","競技者重量区分 "
"http://cv.iptc.org/newscodes/subjectcode/15072008","subj:15072008",,,"subj:15072008",,,"69 kg","Competitor weight category in wrestling","69kg","catégorie de poids du lutteur ","69 kg","Categorías de peso ","69kg","Gewichtsklasse im Ringen","69 kg","Categoria di peso del concorrente ","６９ｋｇ級","競技者重量区分 "
"http://cv.iptc.org/newscodes/subjectcode/15072009","subj:15072009",,,"subj:15072009",,,"63 kg","Competitor weight category in wrestling","63kg","catégorie de poids du lutteur ","63 kg","Categorías de peso ","63kg","Gewichtsklasse im Ringen","63 kg","Categoria di peso del concorrente ","６３ｋｇ級","競技者重量区分 "
"http://cv.iptc.org/newscodes/subjectcode/15072010","subj:15072010",,,"subj:15072010",,,"58 kg","Competitor weight category in wrestling","58kg","catégorie de poids du lutteur ","58 kg","Categorías de peso ","58 kg","Gewichtsklasse im Ringen","58 kg","Categoria di peso del concorrente ","５８ｋｇ級","競技者重量区分 "
"http://cv.iptc.org/newscodes/subjectcode/15072011","subj:15072011",,,"subj:15072011",,,"54 kg","Competitor weight category in wrestling","54kg","catégorie de poids du lutteur ","54 kg","Categorías de peso ","54 kg","Gewichtsklasse im Ringen","54 kg","Categoria di peso del concorrente ","５４ｋｇ級","競技者重量区分 "
"http://cv.iptc.org/newscodes/subjectcode/15072012","subj:15072012",,,"subj:15072012",,,"Swiss wrestling","Traditional Swiss sport similar to wrestling with specific rules ","Lutte suisse","sport de combat traditionnel suisse ","lucha suiza","Lucha de origen suizo con reglas específicas ","Schwingen","Traditionelle Schweizer Sportart, ähnlich dem Ringen mit speziellen Regeln. ","Lotta svizzera","Tradizionale sport svizzero simile al wrestling ma con regole specifiche ","スイスレスリング","特有のルールをもつ、レスリングに類似した、スイスの伝統的なスポーツ "
"http://cv.iptc.org/newscodes/subjectcode/15073000","subj:15073000",,"subj:15073000",,,,"sports event","Sports meeting ","Evènements sportifs","rassemblement de sportifs ","eventos deportivos","eventos deportivos ","Sportereignisse","Sportliche Veranstaltung ","Evento sportivo","Evento sportivo ","スポーツ大会","スポーツ大会 "
"http://cv.iptc.org/newscodes/subjectcode/15073001","subj:15073001",,,"subj:15073001",,,"Summer Olympics","Summer Olympics ","JO d'été","Jeux Olympiques d'été ","juegos olímpicos de verano","juegos olímpicos de verano ","Olympische Sommerspiele","--- ","Olimpiadi","Olimpiadi estive ","夏季五輪","夏季オリンピック大会 "
"http://cv.iptc.org/newscodes/subjectcode/15073002","subj:15073002",,,"subj:15073002",,,"Winter Olympics","Winter Olympics ","JO d'hiver","Jeux Olympiques d'hiver ","juegos olímpicos de invierno","juegos olímpicos de invierno ","Olympische Winterspiele","--- ","Olimpiadi invernali","Olimpiadi invernali ","冬季五輪","冬季オリンピック大会 "
"http://cv.iptc.org/newscodes/subjectcode/15073003","subj:15073003",,,"subj:15073003",,,"Summer universiade","Summer universiade ","Universiade d'été","Universiade d'été ","universiadas de verano","universiadas de verano ","Sommeruniversiade","--- ","Universiade","Universiade (gare mondiali fra atleti universitari) estiva ","夏季ユニバーシアード","夏季ユニバーシアード大会 "
"http://cv.iptc.org/newscodes/subjectcode/15073004","subj:15073004",,,"subj:15073004",,,"Winter Universiade","Winter Universiade ","Universiade d'hiver","Universiade d'hiver ","universiadas de invierno","universiadas de invierno ","Winteruniversiade","--- ","Universiade invernale","Universiade invernale ","冬季ユニバーシアード","冬季ユニバーシアード大会 "
"http://cv.iptc.org/newscodes/subjectcode/15073005","subj:15073005",,,"subj:15073005",,,"Commonwealth Games","Commonwealth Games ","Jeux du Commonwealth","Jeux du Commonwealth ","juegos del commonwealth (comunidad británica)","juegos del commonwealth (comunidad británica) ","Commonwealth Games","--- ","Giochi del Commonwealth","Giochi del Commonwealth ","英連邦競技会","国家競技 "
"http://cv.iptc.org/newscodes/subjectcode/15073006","subj:15073006",,,"subj:15073006",,,"Winter Goodwill Games","Winter Goodwill Games ","Goodwill Games hiver","Goodwill Games hiver ","juegos invernales de la buena voluntad","juegos invernales de la buena voluntad ","Winter Goodwill Games","--- ","Giochi invernali della buona volontà","Giochi invernali della buona volontà ","冬季交歓試合","冬季交歓試合 "
"http://cv.iptc.org/newscodes/subjectcode/15073007","subj:15073007",,,"subj:15073007",,,"Summer Asian Games","Summer Asian Games ","Jeux asiatiques d'été","Jeux asiatiques d'été ","juegos asiáticos de verano","juegos asiáticos de verano ","Asienspiele Sommer","--- ","Giochi Asiatici","Giochi Asiatici ","夏季アジア大会","夏季アジア競技大会 "
"http://cv.iptc.org/newscodes/subjectcode/15073008","subj:15073008",,,"subj:15073008",,,"Winter Asian Games","Winter Asian Games ","Jeux asiatiques d'hiver","Jeux asiatiques d'hiver ","juegos asíaticos de invierno","juegos asíaticos de invierno ","Asienspiele Winter","--- ","Giochi Asiatici Invernali","Giochi Asiatici Invernali ","冬季アジア大会","冬季アジア競技大会 "
"http://cv.iptc.org/newscodes/subjectcode/15073009","subj:15073009",,,"subj:15073009",,,"Panamerican Games","Panamerican Games ","Jeux panaméricains","Jeux panaméricains ","juegos panamericanos","juegos panamericanos ","Panamerikanische Spiele","--- ","Giochi panamericani","Giochi panamericani ","全米競技大会","全米競技大会 "
"http://cv.iptc.org/newscodes/subjectcode/15073010","subj:15073010",,,"subj:15073010",,,"African Games","African Games ","Jeux africains","Jeux africains ","juegos africanos","juegos africanos ","Afrikaspiele","--- ","Giochi africani","Giochi africani ","アフリカ競技大会","アフリカ競技大会 "
"http://cv.iptc.org/newscodes/subjectcode/15073011","subj:15073011",,,"subj:15073011",,,"Mediterranean Games","Mediterranean Games ","Jeux méditerranéens","Jeux méditerranéens ","juegos mediterráneos","juegos mediterráneos ","Mediterrane Spiele","--- ","Giochi mediterranei","Giochi mediterranei ","地中海沿岸競技大会","地中海沿岸競技大会 "
"http://cv.iptc.org/newscodes/subjectcode/15073012","subj:15073012",,,"subj:15073012",,,"SouthEast Asiatic Games","SouthEast Asiatic Games ","Jeux du sud est asiatique","Jeux du sud est asiatique ","juegos del sudeste asiático","juegos del sudeste asiático ","Südostasienspiele","--- ","Giochi sudest asiatici","Giochi sudest asiatici ","東南アジア競技大会","東南アジア競技大会 "
"http://cv.iptc.org/newscodes/subjectcode/15073013","subj:15073013",,,"subj:15073013",,,"PanPacific Games","PanPacific Games ","Jeux Panpacifique","Jeux Panpacifique ","juegos pan-pacíficos","juegos pan-pacíficos ","Panpazifische Spiele","--- ","Giochi panpacifici","Giochi panpacifici ","環太平洋競技大会","環太平洋競技大会 "
"http://cv.iptc.org/newscodes/subjectcode/15073014","subj:15073014",,,"subj:15073014",,,"SouthPacific Games","SouthPacific Games ","Jeux du Pacifique sud","Jeux du Pacifique sud ","juegos del pacífico sur","juegos del pacífico sur ","Südpazifische Spiele","--- ","Giochi del sudpacifico","Giochi del sudpacifico ","南太平洋競技大会","南太平洋競技大会 "
"http://cv.iptc.org/newscodes/subjectcode/15073015","subj:15073015",,,"subj:15073015",,,"PanArabic Games","PanArabic Games ","Jeux panarabiques","Jeux panarabiques ","juegos panarábigos","juegos panarábigos ","Panarabische Spiele","--- ","Giochi panarabici","Giochi panarabici ","全アラブ競技大会","全アラブ競技大会 "
"http://cv.iptc.org/newscodes/subjectcode/15073016","subj:15073016",,,"subj:15073016",,,"Summer Goodwill Games","Summer Goodwill Games ","Goodwill Games été","Goodwill Games été ","juegos estivales de la buena voluntad","juegos estivales de la buena voluntad ","Sommer Goodwill Games","--- ","Giochi estivi della buona volontà","Giochi estivi della buona volontà ","夏季交歓試合","夏季交歓試合 "
"http://cv.iptc.org/newscodes/subjectcode/15073017","subj:15073017",,,"subj:15073017",,,"World games","A competition featuring world class athletes ","Mondiaux","rassemblement sportif à l'échelle mondiale ","juegos mundiales","Competencia desarrollada por atletas de clase mundial ","Weltspiele","Wettbewerb, der von Athleten der Weltklasse ausgetragen wird. ","Giochi mondiali","Una competizione in cui gareggiano atleti di classe mondiale ","世界大会","世界レベルで活躍する選手による競技会 "
"http://cv.iptc.org/newscodes/subjectcode/15073018","subj:15073018",,,"subj:15073018",,,"World Cup","Sports meeting with competitors from the five continents ","Coupe du monde","coupe rassemblant des athlètes venant des pays des cinq continents ","copa del mundo","Encuentro deportivo que reúne deportistas de los cinco continentes ","Weltcup","Sportveranstaltung mit Wettkämpfern von den fünf Kontinenten. ","Coppa del mondo","Incontro sportivo con atleti provenienti dai cinque continenti ","ワールドカップ","五大陸からの選手が集まるスポーツ大会 "
"http://cv.iptc.org/newscodes/subjectcode/15073019","subj:15073019",,,"subj:15073019",,,"intercontinental cup","Sports meeting bringing together competitors from different continents ","Coupe intercontinentale","coupe rassemblant des athlètes de plusieurs continents ","copa intercontinental","Encuentro deportivo que reúne competidores de diferentes continentes. ","Interkontinentaler Cup","Sportveranstaltung, die Wettkämpfer aus verschiedenen Kontinenten zusammenbringt. ","Coppa intercontinentale","Incontro sportivo che riunisce atleti di continenti diversi ","インターコンチネンタルカップ","異なる大陸から選手が集まるスポーツ大会 "
"http://cv.iptc.org/newscodes/subjectcode/15073020","subj:15073020",,,"subj:15073020",,,"continental cup","Sports meeting where competitors come from a single continent ","Coupe continentale","coupe rassemblant des athlètes d'un continent ","copa continental","Encuentro deportivo donde se dan cita competidores de un solo continente. ","Kontinentaler Cup","Sportveranstaltung, die Wettkämpfer eines Kontinents zusammenbringt. ","Coppa continentale","Incontro di sport in cui gli atleti provengono da un unico continente ","コンチネンタルカップ","１つの大陸(ヨーロッパ大陸)の選手が集まるスポーツ大会 "
"http://cv.iptc.org/newscodes/subjectcode/15073021","subj:15073021",,,"subj:15073021",,,"international cup","Sports meeting where competitors come from several nations ","Coupe internationale","coupe rassemblant des athlètes de plusieurs nations ","copa internacional","Encuentro deportivo donde se dan cita competidores de varias naciones. ","Internationaler Cup","Sportveranstaltung, bei der die Wettkämpfer aus verschiedenen Ländern kommen. ","Coppa internazionale","Incontro di sport in cui gli atleti provengono da nazioni diverse ","インターナショナルカップ","様々な国から選手が集まるスポーツ大会 "
"http://cv.iptc.org/newscodes/subjectcode/15073022","subj:15073022",,,"subj:15073022",,,"National Cup","Sports meeting where competitors come from a single nation ","Coupe nationale","coupe à l'echelle d'un pays ","copa nacional","Encuentro deportivo del que participan competidores de una nación. ","Nationaler Cup","Sportveranstaltung bei der die Wettkämpfer aus einem Land kommen. ","Coppa nazionale","Incontro sportivo in cui gli atleti sono di un'unica nazione ","ナショナルカップ","１つの国内から選手が集まるスポーツ大会 "
"http://cv.iptc.org/newscodes/subjectcode/15073023","subj:15073023",,,"subj:15073023",,,"interregional cup","Sports meeting where competitors come from several regions ","Coupe interregionale","coupe rassemblant des athlétes de plusieurs régions ","copa interregional","Encuentro deportivo al que se dan cita competidores de dos o más regiones. ","Bundesliga","Sportveranstaltung bei der die Wettkämpfer aus verschiedenen Regionen kommen. ","Coppa interregionale","Incontro sportivo in cui gli atleti sono di regioni diverse ","インターリージョンカップ","様々な地域から選手が集まるスポーツ大会 "
"http://cv.iptc.org/newscodes/subjectcode/15073024","subj:15073024",,,"subj:15073024",,,"regional cup","Sports meeting where competitors come from a single region ","Coupe régionale","compétition rassemblant des athlétes d'une région ","copa regional","Encuentro deportivo del que participan competidores de una región. ","Landesliga","Sportveranstaltung bei die Wettkämpfer aus einer Region kommen. ","Coppa regionale","Incontro sportivo in cui gli atleti sono di una singola regione ","リージョンカップ","１つの地域から選手が集まるスポーツ大会 "
"http://cv.iptc.org/newscodes/subjectcode/15073025","subj:15073025",,,"subj:15073025",,,"league cup","A competition within a sports league ","Coupe de Ligue","compétion au sein d'une ligue sportive ","copa de liga","Competencia dentro de una liga deportiva. ","Liga","Wettkampf innerhalb einer Sportliga. ","Coppa della lega","Una competizione interna ad una lega sportiva ","リーグカップ","スポーツリーグの中での競技会 "
"http://cv.iptc.org/newscodes/subjectcode/15073026","subj:15073026",,,"subj:15073026",,,"world championship","A championship where competitors from the five continents take part ","Championnat du Monde","championnat rassemblant des athlètes venant des pays des cinq continents ","campeonato mundial","Campeonato Mundial. Campeonato donde toman parte competidores de los cinco continentes. ","Weltmeisterschaft","Meisterschaft an der Wettkämpfer aus den fünf Kontinenten teilmehmen. ","Campionato mondiale","Un campionato in cui gli atleti che vi prendono parte provengono da tutti e cinque i continenti ","世界選手権大会","五大陸から選手が集まる選手権 "
"http://cv.iptc.org/newscodes/subjectcode/15073027","subj:15073027",,,"subj:15073027",,,"intercontinental championship","A championship where competitors from the different continents take part ","Championnat intercontinental","championnat au niveau de plusieurs continents ","campeonato intercontinental","Campeonato del que toman parte competidores de diferentes continentes. ","Interkontinentale Meisterschaft","Meisterschaft an der Wettkämpfer aus verschiedenen Kontinenten teilnehmen. ","Campionato intercontinentale","Un campionato in cui gli atleti che vi prendono parte sono di continenti diversi ","インターコンチネンタル選手権大会","異なる大陸から選手が集まる選手権 "
"http://cv.iptc.org/newscodes/subjectcode/15073028","subj:15073028",,,"subj:15073028",,,"continental championship 1st level","A championship where top level competitors from a single continent take part ","Championnat continental 1er niveau","championnat entre pays d'un même continent rassemblant des équipes du niveau le plus élévé ","campeonato continental de primer nivel","Campeonato del que toman parte competidores de máximo nivel de un continente. ","Kontinentale Meisterschaft 1. Stufe","Meisterschaft, an der die besten Wettkämpfer eines Kontinents teilnehmen. ","Campionato continentale di primo livello","Un campionato in cui gli atleti di primo livello che vi prendono parte sono di un unico continente ","大陸選手権大会第１レベル","１つの大陸からトップ級の選手が集まる選手権 "
"http://cv.iptc.org/newscodes/subjectcode/15073029","subj:15073029",,,"subj:15073029",,,"continental championship 2nd level","A championship where second string competitors from a single continent take part ","Championnat continental 2ème niveau","championnat entre pays d'un même continent rassemblant des équipes du 2ème niveau ","campeonato continental de segundo nivel","Campeonato del que toman parte competidores de segundo nivel de un continente. ","Kontinentale Meisterschaft 2. Stufe","Meisterschaft an der die 2. besten Wettkämpfer eines Kontinents teilnehmen. ","Campionato continentale di secondo livello","Un campionato in cui vi partecipano atleti di secondo livello e di un unico continente ","大陸選手権大会第２レベル","１つの大陸から第２級レベルの選手が集まる選手権 "
"http://cv.iptc.org/newscodes/subjectcode/15073030","subj:15073030",,,"subj:15073030",,,"continental championship 3rd level","A championship where third string competitors from a single continent take part ","Championnat continental 3ème niveau","championnat entre pays d'un même continent rassemblant des équipes du 3ème niveau ","campeonato continental de tercer nivel","Campeonato del que toman parte competidores de tercer nivel de un continente. ","Kontinentale Meisterschaft 3. Stufe","Meisterschaft an der die 3. besten Wettkämpfer eines Kontinents teilnehmen. ","Campionato continentale di terzo livello","Un campionato in cui gli atleti che vi prendono parte sono di terzo livello e di un continente in particolare ","大陸選手権大会第３レベル","１つの大陸から第３級レベルの選手が集まる選手権 "
"http://cv.iptc.org/newscodes/subjectcode/15073031","subj:15073031",,,"subj:15073031",,,"national championship 1st level","A championship where top level competitors from a single nation take part ","Championnat national 1er niveau","championnat au sein d'un même pays rassemblant des équipes du niveau le plus élévé ","campeonato nacional de primer nivel","Campeonato del que toman parte competidores de primer nivel de una nación. ","Nationale Meisterschaft 1. Stufe","Meisterschaft an der die besten Wettkämpfer eines Landes teilnehmen. ","Campionato nazionale di I livello","Un campionato in cui gli atleti che vi prendono parte sono di primo livello e di una nazione in particolare ","ナショナル選手権大会第１レベル","１つの国からトップ級の選手が集まる選手権 "
"http://cv.iptc.org/newscodes/subjectcode/15073032","subj:15073032",,,"subj:15073032",,,"national championship 2nd level","A championship where second string competitors from a single continent take part ","Championnat national 2eme niveau","championnat au sein d'un même pays rassemblant des équipes du 2ème niveau ","campeonato nacional de segundo nivel","Campeonato del que toman parte competidores de segundo nivel de una nación. ","Nationale Meisterschaft 2. Stufe","Meisterschaft an der die 2. besten Wettkämpfer eines Landes teilnehmen. ","Campionato nazionale di II livello","Un campionato cui prendono parte concorrenti di II livello di una singola nazione ","ナショナル選手権大会第２レベル","１つの国から第２級の選手が集まる選手権 "
"http://cv.iptc.org/newscodes/subjectcode/15073033","subj:15073033",,,"subj:15073033",,,"national championship3rdlevel","A championship where third string competitors from a single continent take part ","Championnat national 3ème niveau","championnat au sein d'un même pays rassemblant des équipes du 3 ème niveau ","campeonato nacional de tercer nivel","Campeonato del que toman parte competidores de tercer nivel de una nación. ","Nationale Meisterschaft 3. Stufe","Meisterschaft an der die 3. besten Wettkämpfer eines Landes teilnehmen. ","Campionato nazionale di III livello","Un campionato cui prendono parte i concorrenti di III livello di una singola nazione ","ナショナル選手権大会第３レベル","１つの国から第３級の選手が集まる選手権 "
"http://cv.iptc.org/newscodes/subjectcode/15073034","subj:15073034",,,"subj:15073034",,,"national championship 4th level","A championship where fourth string competitors from a single continent take part ","Championnat national 4ème niveau","championnat au sein d'un même pays rassemblant des équipes du 4ème niveau ","campeonato nacional de cuarto nivel","Campeonato del que toman parte competidores de cuarto nivel de una nación. ","Nationale Meisterschaft 4. Stufe","Meisterschaft an der die 4. besten Wettkämpfer eines Landes teilnehmen. ","Campionato nazionale di IV livello","Un campionato cui prendono parte concorrenti di IV livello di una singola nazione ","ナショナル選手権大会第４レベル","１つの国から第４級の選手が集まる選手権 "
"http://cv.iptc.org/newscodes/subjectcode/15073035","subj:15073035",,,"subj:15073035",,,"regional championship","A championship where competitors from a single region take part ","Championnat régional","championnat au sein d'une même région ","campeonato regional","Campeonato del que toman parte competidores de una región. ","Regionalmeisterschaft","Meisterschaft an der die Wettkämpfer einer Region teilnehmen. ","Campionato regionale","Un campionato cui prendono parte concorrenti di una singola regione ","地域選手権大会","１つの地域から選手が集まる選手権 "
"http://cv.iptc.org/newscodes/subjectcode/15073036","subj:15073036",,,"subj:15073036",,,"Grand Prix","High level sports competition, most often motor racing ","Grand Prix","Compétition de haut niveau, la plupart du temps automobile ","gran premio","Competición deportiva de alto nivel, sobre todo carreras ","Grand Prix","Sportwettbewerb auf hohem Niveau, meist im Motorsport. ","Gran Premio","Competizione sportiva di alto livello, molto spesso automobilismo o di ippica ","グランプリ","大抵はモーターレースで行われる、ハイレベルのスポーツ競技 "
"http://cv.iptc.org/newscodes/subjectcode/15073037","subj:15073037",,,"subj:15073037",,,"intercontinental tournament","Tournament where competitors from several continents take part ","Tournoi intercontinental","tournoi entre compétiteurs de plusieurs continents ","circuito intercontinental","Circuito del que toman parte competidores de ciertos continentes. ","Interkontinentales Tunier","Turnier an dem Wettkämpfer von verschiedenen Kontinenten teilnehmen. ","Competizione intercontinentale","Competizione cui prendono parte atleti di diversi continenti ","インターコンチネンタル･トーナメント","様々な大陸から選手が集まるトーナメント大会 "
"http://cv.iptc.org/newscodes/subjectcode/15073038","subj:15073038",,,"subj:15073038",,,"continental tournament","Tournament where competitors from a single continent take part ","Tournoi continental","tournoi entre compétiteurs d'un même continent ","circuito continental","Circuito del que toman parte competidores de un continente. ","Kontinentales Tunier","Turnier an dem Wettkämpfer aus einem Kontinent teilnehmen. ","Competizione continentale","Competizione cui prendono parte atleti di un singolo continente ","コンチネンタル･トーナメント","１つの大陸から選手が集まるトーナメント大会 "
"http://cv.iptc.org/newscodes/subjectcode/15073039","subj:15073039",,,"subj:15073039",,,"international tournament","Tournament where competitors from several nations take part ","Tournoi international","tournoi entre compétiteurs de plusieurs pays ","circuito internacional","Circuito del que toman parte competidores de ciertas naciones. ","Internationales Turnier","Turnier an dem Wettkämpfer aus verschiedenen Ländern teilnehmen. ","Competizione internazionale","Competizione alla quale partecipano concorrenti di diverse nazioni ","インターナショナル･トーナメント","様々な大陸から選手が集まるトーナメント大会 "
"http://cv.iptc.org/newscodes/subjectcode/15073040","subj:15073040",,,"subj:15073040",,,"national tournament","Tournament where competitors from a single nation take part ","Tournoi national","tournoi entre compétiteurs d'un même pays ","circuito nacional","Circuito del que toman parte competidores de una nación. ","Nationales Tunier","Turnier an dem Wettkämpfer aus einem Land teilnehmen. ","Gara nazionale","Competizione cui prendono parte concorrenti di una singola nazione ","ナショナル･トーナメント","１つの国から選手が集まるトーナメント大会 "
"http://cv.iptc.org/newscodes/subjectcode/15073041","subj:15073041",,,"subj:15073041",,,"inter-nations competition","Tournament where athletes from several nations take part ","Compétition internationale","compétition entre athlétes de plusieurs nations ","competencia inter naciones","Circuito del que toman parte atletas de ciertas naciones. ","Inter Nations Competition","Wettbewerb an dem Athleten aus verschiedenen Ländern teilnehmen. ","Gara tra nazioni","Competizione cui prendono parte atleti di diverse nazioni ","国際競技会","様々な国から選手が集まるトーナメント大会 "
"http://cv.iptc.org/newscodes/subjectcode/15073042","subj:15073042",,,"subj:15073042",,,"inter-clubs competition","Tournament where competitors from several clubs take part ","Compétition inter-clubs","compétitions entre plusieurs clubs sportifs ","competencia inter clubes","Circuito del que toman parte competidores de ciertos clubes. ","Inter Clubs Competition","Wettbewerb an dem Wettkämpfer aus verschiedenen Clubs teilnehmen. ","Gara tra circoli","Competizione cui prendono parte concorrenti di diversi circoli ","クラブ間競技会","様々なクラブから選手が集まるトーナメント大会 "
"http://cv.iptc.org/newscodes/subjectcode/15073043","subj:15073043",,,"subj:15073043",,,"friendly competition","Sports played but not in a tournament ","Compétition amicale","Compétition amicale ","competencia amistosa","competencia amistosa ","Freundschaftsspiel","Sport der ausgeübt wird ohne Turnier. ","Gara amichevole","Sports giocati ma non in competizione ","親善試合","トーナメント試合ではないスポーツ "
"http://cv.iptc.org/newscodes/subjectcode/15073044","subj:15073044",,,"subj:15073044",,,"all-stars competition","Competition between teams made up of invited stars ","Compétition all-stars","compétition rassemblant des équipes constituées de vedettes ","competencia de todas las estrellas","Competición entre equipos de estrellas invitadas. ","All-stars Competition","Wettkampf zwischen Teams aus eingeladenen Stars. ","Competizione all-stars","Competizione tra squadre composte da stelle di una particolare disciplina ","オールスター競技会","招待されたスター選手から構成されたチーム間の競技 "
"http://cv.iptc.org/newscodes/subjectcode/15073045","subj:15073045",,,"subj:15073045",,,"exhibition","demonstration ","Exhibition","démonstration ","exhibición","Demonstración ","Vorführung","Demonstration ","Esibizione","Dimostrazione ","公開競技","デモンストレーション "
"http://cv.iptc.org/newscodes/subjectcode/15073046","subj:15073046",,,"subj:15073046",,,"Super Bowl","The American football final that determines the champion ","Super Bowl","finale du championnat de football américain aux Etats-Unis ","super tazón","Final del fútbol americano que determina al campeón de liga. ","Super Bowl","Wettbewerb, in dem die beste Mannschaft der amerikanischen Profi-Football-Liga (NFL=National Football League) ermittelt wird. ","Super Bowl","Finale del football americano che determina il campione (della lega) ","スーパーボウル","チャンピオンを決めるアメリカンフットボールファイナル "
"http://cv.iptc.org/newscodes/subjectcode/15073047","subj:15073047",,,"subj:15073047",,,"paralympic games","Olympic style Games for athletes with a disability ","Jeux paralympiques","Jeux Olympiques pour les athlètes ayant un handicap ","juegos paralímpicos","Juegos Olímpicos para atletas con deficiencias físicas. ","Paralympics","Olympische Spiele für Athleten mit Behinderungen. ","Giochi paraolimpici","Giochi olimpici per atleti disabili ","パラリンピック","障害があるスポーツ選手のためのオリンピック形式の大会 "
"http://cv.iptc.org/newscodes/subjectcode/15074000","subj:15074000",,"subj:15074000",,,,"rodeo","A discipline where wild horses or bulls must be mounted and mastered ","Rodéo","discipline sportive qui consiste à monter et maitriser des chevaux et taureaux sauvages ","rodeo","Disciplina en la que toros o caballos salvajes deben ser montados y domados. ","Rodeo","Disziplin bei der wilde Pferde und Bullen beritten und gezähmt werden. ","Rodeo","Disciplina in cui cavalli, vitelli, tori o altri animali devono essere domati ","ロデオ","野生馬または雄牛に乗って、支配しなければならない競技 "
"http://cv.iptc.org/newscodes/subjectcode/15074001","subj:15074001",,,"subj:15074001",,,"barrel racing","Rodeo discipline ","Barrel racing","discipline du rodéo ","barrel racing","Disciplina de rodeo ","Barrel Racing","Rodeo Disziplin. ","Barrel racing","Disciplina di rodeo ","樽回り競走","ロデオ分野 "
"http://cv.iptc.org/newscodes/subjectcode/15074002","subj:15074002",,,"subj:15074002",,,"calf roping","Rodeo discipline ","Calf roping","discipline du rodéo ","calf roping","Disciplina de rodeo ","Calf Roping","Rodeo Disziplin. ","Vitello al lazo","Disciplina di rodeo ","子牛縛り","ロデオ分野 "
"http://cv.iptc.org/newscodes/subjectcode/15074003","subj:15074003",,,"subj:15074003",,,"bull riding","Rodeo discipline ","Bull riding","discipline du rodéo ","rodeo de toros","Disciplina de rodeo ","Bullenreiten","Rodeo Disziplin. ","Monta del toro","Disciplina di rodeo ","雄牛乗り","ロデオ分野 "
"http://cv.iptc.org/newscodes/subjectcode/15074004","subj:15074004",,,"subj:15074004",,,"bulldogging","Rodeo discipline ","Bulldogging","discipline du rodéo ","bulldogging","Disciplina de rodeo ","Bulldogging","Rodeo Disziplin ","Bulldogging","Disciplina di rodeo ","雄牛追い","ロデオ分野 "
"http://cv.iptc.org/newscodes/subjectcode/15074005","subj:15074005",,,"subj:15074005",,,"saddle bronc","Rodeo discipline ","Saddle bronc","discipline du rodéo ","saddle bronc","Disciplina de rodeo ","Saddle Bronc","Rodeo Disziplin. ","Saddle bronc","Disciplina di rodeo ","鞍かけ野生馬乗り","ロデオ分野 "
"http://cv.iptc.org/newscodes/subjectcode/15074006","subj:15074006",,,"subj:15074006",,,"bareback","Rodeo discipline ","Bareback","discipline du rodéo ","espalda desnuda","Disciplina de rodeo ","Bareback","Rodeo Disziplin. ","Senza sella","Disciplina di rodeo ","裸馬乗り","ロデオ分野 "
"http://cv.iptc.org/newscodes/subjectcode/15074007","subj:15074007",,,"subj:15074007",,,"goat roping","Rodeo discipline ","Goat roping","discipline du rodéo ","enlace de cabra","Disciplina de rodeo ","Goat Roping","Rodeo Disziplin ","Capra al lazo","Disciplina di rodeo ","ヤギ縛り","ロデオ分野 "
"http://cv.iptc.org/newscodes/subjectcode/15075000","subj:15075000",,"subj:15075000",,,,"mini golf sport","A game where balls must be holed on an artificial course in as few strokes from the club as possible ","Mini golf sport","jeu consistant à placer une balle avec un club dans une série de trous répartis le long d'un parcours artificiel, et ce, en moins de coups possible ","mini golf","Juego similar al golf de campo, donde las pelotas deben ser embocadas en hoyos de una cancha artificial en la menor cantidad de golpes posibles. ","Minigolfsport","Spiel bei dem Bälle eingelocht werden in einem speziellen Kurs mit so wenig Versuchen wie möglich. ","Mini golf","Gioco in cui le palle devono essere imbucate con una mazza in un percorso artificiale in meno tiri possibili ","ミニゴルフ","より少ない打数でクラブから人工コース上の穴にボールを打ち込まなければならないゲーム "
"http://cv.iptc.org/newscodes/subjectcode/15076000","subj:15076000",,"subj:15076000",,,,"bandy","Played outdoors on ice. The size of the ice rink is about the size of a soccer field. Skates like ice hockey. A small hard ball is used for playing. Players play with sticks, much like in ice hockey, but the sticks are shorter and more rounded. ","Bandy","sorte de hockey sur glace joué en extérieur sur une surface grande comme un terrain de football ","bandy","Se juega al aire libre, sobre hielo. El tamaño de la pista es aproximadamente el de una cancha de fútbol. Los patines son similares a los de hockey sobre hielo y Se utiliza una pequeña pelota. ","Bandy","Wird im Freien auf Eis gespielt. Die Größe des Spielfeldes entspricht einem Fußballfeld. Benutzt werden Schlittschuhe wie im Eishockey und ein kleiner Kunststoffball. Die Schläger der Spieler ähneln Eishockeyschlägern, sind aber kürzer und stärker gerundet. ","Bandy","Sport di squadra tradizionalmente giocato in Svezia e in Finlandia dal quale è derivato l'hockey su ghiaccio. ","バンディー","屋外の氷上でプレーされる。アイス･リンクの大きさは、サッカー競技場の大きさ。スケート靴はアイスホッケーのようである。小さい堅いボールがプレーするために使われる。選手がスティックでプレーし、極めてアイスホッケーのようである。しかし、スティックはより短くて、そしていっそう丸い "
"http://cv.iptc.org/newscodes/subjectcode/15077000","subj:15077000",,"subj:15077000",,,,"flying disc","A group of events all played with a flying plastic disc. The exact regulation for the disc is different in different events but it has to be unbroken of solid plastic and a production model with no modification. Flying disc is sometimes called Frisbee. ","Frisbee","jeu d'adresse entre des équipes qui se lancent un disque en matière plastique ","disco volador","Un grupo de competencias, todas jugadas con un disco volador de plástico. La regulación exacta del disco difiere en los distintos eventos. También denominado Freesbe Bu. ","Frisbee","Eine Reihe von Wettbewerben, die mit einer fliegenden Kunststoffwurfscheibe gespielt werden. Die genauen Regeln für die Wurfscheiben variieren je nach Wettbewerb, aber verwendet werden unzerbrechliche aus solidem Kunststoff gefertigte Scheiben, deren Aussehen nie verändert ist. Manchmal auch Frisbee genannt. ","Frisbee","Serie di gare tutte con un disco volante di plastica. La grandezza del disco è diversa nelle varie gare ","フライングディスク","全ての競技種目のグループは、フライング･プラスチック･ディスクでプレーされる。ディスクの正確なレギュレーションは、様々な競技種目で異なっている。しかし壊れていない固体のプラスチックで、変更がない生産モデルでなければならない。フライング･ディスクは、時々フリスビーと呼ばれる "
"http://cv.iptc.org/newscodes/subjectcode/15077001","subj:15077001",,,"subj:15077001",,,"ultimate","Team game. Played outdoors on soccer-size field with 7 players per team and indoors with 5 players per team. Games are played to a preset number of goals. Goals are scored by passing the disc to a team-member catching it inside the goal area. ","Ultimate","jeu de fresbee opposants deux équipes de 5 ou 7 joueurs en fonction du terrain en plein air ou couvert ","últimate","Juego en equipo. Se juega al aire libre en una cancha del tamaño de una cancha de fútbol con 7 jugadores por equipo y bajo techo con 5 jugadores por equipo. El juego se disputa hasta un número preestablecido de goles. Los goles se marcan pasando el disco. ","Ultimate","Mannschaftswettbewerb. Wird im Freien gespielt auf einem fußballfeldgroßen Platz mit sieben Spielern pro Mannschaft, in der Halle mit fünf Spielern pro Team. Spiele werden bis zu einem festgelegten Punktestand (manchmal auch Zeitlimit) durchgeführt. Punkte werden gemacht, indem die Wurfscheibe zu einem anderen Spieler des Teams geworfen wird und innerhalb des Torbereichs gefangen wird. ","Finale","Gioco di squadra all'aperto su un campo di dimensioni pari a quello di calcio con sette atleti per squadra, e cinque per quello al coperto. Il gioco termina al raggiungimento di un determinato numero di goal, le quali, sono segnate passando il disco ad un compagno che lo lancia nell'area avversaria di goal. ","アルティメット","チーム･ゲーム。屋外はサッカーサイズのフィールドに1チーム7人で、屋内では1チーム5人でプレーする。ゲームは、あらかじめセットされた数のゴールでプレーされる。ゴールは、ディスクをゴール・エリア内でそれを捕らえるチーム・メンバーへ渡すことにより得点される "
"http://cv.iptc.org/newscodes/subjectcode/15077002","subj:15077002",,,"subj:15077002",,,"guts","Team game where two teams of 5 players each face each other. Teams take turns to throw the disc towards the other team. Points are scored if the opposing team does not catch the disc. ","Guts","jeu de frisbee opposants deux équipes de 5 essayant d'intercepter les lancers ","guts","Juego en equipo donde se enfrentan dos equipos de 5 jugadores cada uno. Los equipos se turnan para lanzar el disco hacia el otro equipo. Se marcan puntos si el equipo contrincante no atrapa el disco. ","Guts","Mannschaftswettbewerb, indem sich fünf Spieler jeder Mannschaft jeweils den gegnerischen Spielern gegenüberstehen. Die Scheibe wird ins gegnerische Feld geworfen. Punkte werden erzielt , wenn das gegnerische Team die Scheibe nicht fangen kann. ","Guts","Gioco di squadra in cui si sfidano due squadre di cinque atleti ciascuna. Le squadre a turno lanciano il disco verso l'altra squadra. I punti si segnano se la squadra avversaria non afferra il disco ","ガッツ","5人づつ2チームが、互いに面するチーム･ゲーム。チームが他のチームに向かってディスクを交代で投げる。対戦チームがディスクをキャッチしないとき、ポイントが得点される "
"http://cv.iptc.org/newscodes/subjectcode/15077003","subj:15077003",,,"subj:15077003",,,"overall","Not an event in itself but in most competitions with individual events the winner of the competition will be awarded to the player with the highest combined score in the events. ","Overall","classement combiné de différentes épreuves ","general","No un evento en sí mismo, pero en la mayoría de las competencias con eventos individuales, el ganador de la misma será premiado como el jugador con el más alto puntaje combinado en los eventos. ","Overall","Kein eigentlicher Wettbewerb, aber in den meisten Einzeldisziplinen wird der Sieger des Wettbewerbs mit der höchsten zusammengerechneten erzielten Punktzahl gekürt. ","Overall","Non un evento in sè ma presente nella maggior parte delle competizioni individuali in cui il vincitore è l'atleta con il punteggio combinato più alto ","オーバーオール","種目ではなく、個人種目競技会。優勝者は、複数の種目で高得点を得たプレーヤーに与えられる(個人総合選手権のようなもの) "
"http://cv.iptc.org/newscodes/subjectcode/15077004","subj:15077004",,,"subj:15077004",,,"distance","The object is to throw the disc as far as possible. Each player get five throws per turn. Throws are made downwind. World record is over 200 meters. ","Distance","jeu de frisbee consistant à lancer le plus loin possible l'engin ","distancia","El objetivo es lanzar el disco lo más lejos posible. Cada jugador tiene cinco lanzamientos por turno. Los lanzamientos se hacen en la dirección del viento. El récord mundial es de más de 200 metros. ","Distance","Ziel ist es die Wurfscheibe so weit wie möglich zu werfen. Jeder Spieler hat fünf Versuche pro Durchgang in Windrichtung. Jeder Spieler hat 5 Würfe pro Runde. Weltrekord liegt bei über 200 Metern. ","Distanza","Lo scopo è lanciare il disco il più lontano possibile. Ogni giocatore ha a disposizione cinque tiri per turno ","ディスタンス","目的は可能な限り、遠くにディスクを投げること。各プレーヤーがターン毎に5回投げる。風下に投げる。世界記録は200メートルを越えている "
"http://cv.iptc.org/newscodes/subjectcode/15077005","subj:15077005",,,"subj:15077005",,,"discathon","The object is to throw and run a park course of about 1 kilometre. Four players compete in each heat. They have two discs each. They may also carry a third disc in reserve. Where one thrown disc stops the second disc must be thrown. ","Discathon","variante du jeu de frisbee ","discatón","El objetivo es lanzar y correr a través de una cancha parque de aproximadamente 1 kilómetro. Cuatro jugadores compiten en cada eliminatoria. Estos tienen dos discos cada uno, y también pueden llevar un tercero de reserva. ","Discathon","Aufgabe ist es einen ein km langen Kurs durch Werfen der Scheibe und Laufen zu bewältigen. Vier Spieler bestreiten ein Rennen. Sie haben jeder zwei Wurfscheiben. Sie können auch eine dritte Wurfscheibe in Reserve mitführen. Die zweite Scheibe muss geworfen werden. ","Discathon","Lo scopo è lanciare il disco e correre lungo un percorso di circa 1 chilometro. In ciascuna eliminatoria competono quattro atleti con due dischi ciascuno, che possono portare un terzo disco di riserva. Il secondo disco viene lanciato dal punto esatto in cui è caduto il primo disco lanciato. ","ディスカソン","目的は約1キロのパークコースを投げて走ること。1回に4人のプレーヤーが競う。彼らはそれぞれ2枚のディスクを持っている。さらに予備として3枚目のディスクを携帯しても構わない。投げられたディスクが停止したところで第2のディスクが投げられなければならない "
"http://cv.iptc.org/newscodes/subjectcode/15077006","subj:15077006",,,"subj:15077006",,,"DDC","Abbreviation for Double Disc Court. Two players per team in a square 13x13 metre. The teams start with one disc per team and throw at each other. Discs are thrown back and forth until one or both hit the ground. ","DDC","variante du jeu de frisbee ","ddc","Abreviación de Double Disc Court (Cancha de Doble Disco). Dos jugadores por equipo en un cuadrado de 13x13 metros. Los equipos comienzan con un disco por equipo y lo lanzan uno al otro. Los discos son lanzados de ida y de vuelta. ","DDC","Abkürzung für Double Disc Court. Zwei Spieler pro Mannschaft stehen sich in je einem 13x13 m großen quadratischen Spielfeld gegenüber. Die Mannschaften werfen jeweils einer Wurfscheibe ins gegnerische Feld. Die Scheiben werden hin- und hergeworfen, bis eine den Boden berührt. Punkte werden gemacht indem die Scheibe gestoppt wird. ","DDC","Abbreviazione per Double Disc Court"" (Campo per il Disco Doppio). Due atleti per squadra in un campo 13 m x 13. Le squadre iniziano con un disco a testa che si lanciano a vicenda. I dischi sono lanciati avanti e dietro finchè uno o entrambi non cadono a terra. ""","ダブルディスクコート","ダブルディスクコートの略語。13メートル四方で、1チームあたり2人のプレーヤー。チームは1つのチームあたり1枚のディスクで始まり、お互いに投げる。ディスクは1つまたは両方が地面にぶつかるまで前後に投げられる "
"http://cv.iptc.org/newscodes/subjectcode/15077007","subj:15077007",,,"subj:15077007",,,"SCF","Abbreviation for Self Caught Flights. Divided into two sub events called MTA (Maximum Time Aloft) and TRC (Throw Run Catch). In both sub events the player throws a disc and then runs to catch it with one hand before it hits the ground. ","SCF","variante du jeu de frisbee ","scf","Abreviación de Self Caught Flights"" (Vuelos Auto Atrapados). Dividido en dos sub-eventos llamados MTA (Maximum Time Aloft) (Tiempo Máximo En el Aire) y TRC (Throw Run Catch) (Lanzar Correr Atrapar). ""","SCF","Abkürzung für Self Caught Flights. Unterteilt in zwei Dsziplinen MTA (Maximum Time Aloft) und TRC (Throw Run Catch) genannt. In beiden Einzeldisziplinen kommt es darauf an, die Scheibe zu werfen, hinterherzulaufen und sie mit einer Hand zu fangen bevor sie den Boden berührt. ","SCF","Abbreviazione per Self Caught Flights"" (Voli Auto Afferrati). Diviso in due sotto-gare chiamate MTA - Maximum Time Aloft (Massimo Tempo in Alto) e TRC - Throw Run Catch (Lanciare Correre Afferrare). In entrambe le sotto-gare i giocatori lanciano un disco che poi afferrano con una mano senza farlo cadere a terra ""","セルフコートフライト","セルフコートフライトの略語。MTA(Maximum Time Aloft)とTRC(Throw Run Catch)の2つのサブイベントに分けられる。両方のサブイベントとも、プレーヤーがディスクを投げ、それが地面を打つ前に、片手で見事にそれをつかむために走る "
"http://cv.iptc.org/newscodes/subjectcode/15077008","subj:15077008",,,"subj:15077008",,,"freestyle","A judged event where groups of two or three players perform as many tricks as possible. In competitions the judges can use either a ranking system or set scores on presentation, execution and difficulty. ","Freestyle","variante du jeu de frisbee ","estilo libre","Un evento con participación de un juez, donde grupos de dos o tres jugadores realizan la mayor cantidad posible de trucos. En las competencias, los jueces pueden usar un sistema de calificación o establecer puntajes para la presentación y ejecución. ","Freistil","Wettbewerb in dem zwei oder drei Spieler ihre Wurf- und Bewegungsakrobatik vorführen, die von einem Wertungsgericht beurteilt werden. Die Bewertung kann durch das Kampfgericht entweder über ein Stufensystem oder durch Punktzahlen für die Präsentation, die Ausführung und den Schwierigkeitsgrad vorgenommen werden. ","Stile libero","Un evento con la presenza di giudici in cui gruppi di due o tre atleti ciascuno realizzano il maggior numero possibile di lanci acrobatici. Nelle competizioni i giudici possono usare il sistema di classificazione o quello di assegnazione dei punti in base a presentazione, esecuzione e difficoltà ","フリースタイル","2人または3人のグループが、可能な限り多くのトリックを行って審査される競技。競技で審判は実行と難しさに、ランキング･システムか、またはプレゼンテーションのセットスコアを使うことができる "
"http://cv.iptc.org/newscodes/subjectcode/15077009","subj:15077009",,,"subj:15077009",,,"accuracy","Each player has 28 throws from various distances and angles to throw the disc through a goal 1.5 x 1.5 meters. World record is 25 of 28 possible. ","Accuracy","variante du jeu de frisbee ","precisión","Cada jugador tiene 28 lanzamientos desde diversas distancias y ángulos para lanzar el disco a través de un arco de 1,5 x 1,5 metros. El récord mundial es de 25 de 28 posibles. ","Accuracy","Jeder Spieler hat 28 Versuche aus verschiedenen Distanzen und Winkeln durch ein Tor von 1,5 m x 1,5 m zu werfen. Weltrekord ist 25 von 28 möglichen. ","Precisione","Ciascun atleta ha a disposizione 28 lanci da varie distanze e angoli per lanciare il disco attraverso una porta di 1,5 metri x 1,5 ","アキュラシー","各プレーヤーは1.5ｍ四方のゴールを通過させるために、様々な距離や角度から28投する。世界記録は28のうちの25 "
"http://cv.iptc.org/newscodes/subjectcode/15077010","subj:15077010",,,"subj:15077010",,,"disc golf","Much like golf but played with discs instead of balls and clubs. Instead of a hole in the ground there is a metal basket with light metal chains to throw the disc at. Players often carry discs specialized for long throws, right or left bends. ","Disc golf","variante du jeu de frisbee ","golf de disco","Muy similar al golf, pero en lugar de pelotas y palos se usan discos. Y en lugar de un hoyo en el suelo hay un canasto metálico con cadenas metálicas livianas al cual se lanza el disco. Los jugadores llevan varios discos especializados para lanzar. ","Disc-golf","Ähnlich dem Golfsport, aber statt Bällen und Golfschlägern werden Wurfscheiben verwendet. Statt einem Golfloch dient ein Metallkorb aus Leichtmetall als Ziel, in der die Wurfscheibe plaziert werden muss. Die Spieler benutzen häufig verschiedene Wurfscheiben, die spezialisiert sind für lange Würfe, links oder rechts gebogen.","Golf con il disco","Molto simile al golf con la palla ma al posto delle mazze e delle palle si usano i dischi. E invece di una buca nel terreno c'è un cesto in metallo (fissato su un'asta) con leggere catene in metallo in cui lanciare il disco. Gli atleti spesso portano con sè¨ diversi dischi specifici per lanci lunghi, curvatura a destra o a sinistra, ecc... ","ディスクゴルフ","ボールゴルフによく似ているが、ボールとクラブの代わりにディスクが使われる。グラウンドのホールの代わりに、ディスクを投げ入れるための軽金属のチェーンがついた金属のバスケットがある。プレイヤーはしばしば長距離投げ用や、右または左カーブ用といったディスクを幾つか携帯する "
"http://cv.iptc.org/newscodes/subjectcode/15078000","subj:15078000",,"subj:15078000",,,,"floorball","Played indoors in a court the size of a basketball court. 6 players per team, of which one is a who plays in a kneeling position without a stick like in ice hockey. The other players use plastic clubs and a light plastic ball to pass and shoot goals. ","Floorball","jeu de football joué sur un parquet couvert ","floorball","Se juega bajo techo, en una cancha del tamaño de una de básquetbol. 6 jugadores por equipo, de los cuales uno es el portero, que opera de rodillas, pero sin un palo como en el hockey sobre hielo. Los jugadores usan palos plásticos y una pelota plástica l ","Unihockey","Wird in der Halle gespielt auf einem Spielfeld in der Größe eines Basketballfeldes. Ein Team besteht aus fünf Feldspielern und einem Torwart. Der Torwart spielt auf Knien, aber nicht mit einem Torwartschläger wie im Eishockey. Die Spieler benutzen Kunststöcke und leichte Plastikbälle um Pässe und Tore zu schießen. ","Floorball","Giocato al coperto in un campo di dimensioni pari a quelle del campo di pallacanestro. Sei atleti per squadra, il portiere gioca in ginocchio, ma non c'è il bastone per il goal come nell'hockey. Gli atleti usano mazze di plastica e una leggera palla di plastica che si passano per segnare goal ","フロアボール","バスケットボールコートのサイズのコートで屋内でプレーする。1チーム6人のプレーヤーで1人がひざまずくが、アイスホッケーのようなゴールスティックはない。他のプレーヤーはパスやシュートをするためにプラスティッククラブと軽プラスティックボールを使用する "
"http://cv.iptc.org/newscodes/subjectcode/15079000","subj:15079000",,"subj:15079000",,,,"casting","Using fishing equipment to hit a target and score points ","Casting","Utilisation d'un équipement de pêche pour atteindre une cible et marquer des points ","lanzamiento","Usando un equipamiento de pesca para alcanzar una diana y anotar puntos ","Casting","Ziel- und Weitwerfen mit Angelgeräten. ","Casting","Si usa un equipaggiamento adatto alla pesca per colpire un bersaglio e segnare punti ","キャスティング","釣具を使用し、目標に当てて得点を得る "
"http://cv.iptc.org/newscodes/subjectcode/15080000","subj:15080000",,"subj:15080000",,,,"tug-of-war","Two teams pulling against each other on a rope ","Tug-of-war","Deux équipes tirent d'une corde chacune de leur côté ","tira y afloja con cuerda","Dos equipos tirando de cada lado de una cuerda ","Tauziehen","Zwei Teams ziehen gegeneinander an einem Tau. ","Tiro alla fune","Due squadre tirano una fune ciascuna nella propria direzione ","綱引き","2つのチームがロープを引っ張り合う "
"http://cv.iptc.org/newscodes/subjectcode/15081000","subj:15081000",,"subj:15081000",,,,"croquette","Using mallets to hit a ball through hoops ","Croquette","Sorte de jeu de maillet ","croquet","Juego en el cual se golpea una pelota con un mazo haciendola pasar por debajo de aros ","Crocket","Mit Schlägern werden Bälle durch kleine Pfostentore geschlagen. ","Croquet","Uso di martello di plastica per colpire una palla attraverso delle porte a forma di archetti ","クロッケー","ボールを打ってフープ(鉄の門)をくぐらせるためにマレット(木槌)を使う "
"http://cv.iptc.org/newscodes/subjectcode/15082000","subj:15082000",,"subj:15082000",,,,"dog racing","Dogs racing around a track ","Course de chiens","course de chiens ","carreras en trineo tirado por perros","Competencia entre perros que corren una distancia determinada. ","Hunderennen","Hunderennen über eine vorgeschriebene Distanz. ","Corsa di cani","Corsa di cani su una pista ","ドッグレース","犬がトラックを走り回る "
"http://cv.iptc.org/newscodes/subjectcode/15082001","subj:15082001",,,"subj:15082001",,,"sled","Harnessed to a sled ","Sled","course de chiens ","trineo","Carrera con perros enganchados a un trineo. ","Schlittenhunderennen","Vor einen Schlitten gespannt. ","Slitta","Corsa di cani imbrigliati ad una slitta ","犬ぞり競技","そりに利用 "
"http://cv.iptc.org/newscodes/subjectcode/15082002","subj:15082002",,,"subj:15082002",,,"oval track","Pursuing an artificial rabbit around an oval track ","Oval track","course de chiens ","pista oval","Persecución de un conejo artificial alrededor de una pista oval. ","Track","Verfolgungsrennen hinter einem falschen Hasen auf einem ovalen Rundkurs. ","Pista ovale","Inseguimento di un coniglio artificiale su una pista ovale ","ハイアライ（トラック）","トラックの回りで人工のウサギを追いかける "
"http://cv.iptc.org/newscodes/subjectcode/15083000","subj:15083000",,"subj:15083000",,,,"skeleton","In skeleton the competitor lays on his/hers stomach when racing down the course. The competitor must be on the sled when crossing the finishing line. The total time of all races in a competition is added together. ","Skeleton","Descendre le plus vite possible une piste glacée sur une luge spéciale, à plat ventre, tête en avant. ","esqueleto (skeleton)","En el Skeleton, el competidor va acostado boca abajo en el trineo durante la carrera. El competidor debe encontrarse dentro del trineo al cruzar la meta. El tiempo total de todas las carreras de una competencia se suma. El Skeleton es considerado el pri ","Skeleton","Im Skeleton-Wettbewerb liegt der Athlet auf dem Bauch, während der Fahrt durch die Bahn (Kunsteis- oder Naturbahn). Der Athlet muss die Ziellinie auf dem Schlitten liegend überqueren. Die Gesamtzeit errechnet sich aus den Einzelzeiten der Läufe ","Skeleton","Sport invernale individuale in cui gli atleti scendono lungo una pista ghiacciata su una slitta dotata di pattini, sdraiati in posizione prona con la testa in avanti ","スケルトン","スケルトンでは、競技者はコース滑走時に、腹ばいになる。競技者はフィニッシュラインを超える時にソリの上にいなければならない。競技会での全レースの総使用時間が合算される "
"http://cv.iptc.org/newscodes/subjectcode/15084000","subj:15084000",,"subj:15084000",,,,"Australian rules football","Football played under Australian rules ","Football australien","variante du football américain appliquant les règles australiennes ","fútbol con reglas australianas","fútbol con reglas australianas ","Australien Rules Football","Football der mit australischen Regeln gespielt wird. ","Football con regole australiane","Football giocato seguendo regole australiane ","オーストラリアフットボール","オーストラリア式ルールの下で行われるフットボール "
"http://cv.iptc.org/newscodes/subjectcode/15085000","subj:15085000",,"subj:15085000",,,,"Canadian football","Football played under Canadian rules ","Football canadien","variante du football américain appliquant les règles canadiennes ","fútbol canadiense","fútbol canadiense ","Canadian Football","Football der mit Kanadischen Regeln gespielt wird. ","Football canadese","Football giocato con regole canadesi ","カナディアンフットボール","カナダ式ルールの下で行われるフットボール "
"http://cv.iptc.org/newscodes/subjectcode/15086000","subj:15086000",,"subj:15086000",,,,"duathlon","Duathlon ","Duathlon","Epreuve de course à pied et de VTT ","duatlón","Duatlón ","Duathlon","Duathlon ","Duathlon","Una variante del triathlon è il duathlon, articolato anch'esso in tre prove, ma con l'alternarsi di due discipine: la sequenza è infatti composta da una prima frazione di corsa, quindi una di ciclismo, per concludere con un'altra di corsa ","デュアスロン","ランニングとバイク(自転車)という２つの種目を組み合わせた競技 "
"http://cv.iptc.org/newscodes/subjectcode/15087000","subj:15087000",,"subj:15087000",,,,"hornuss","Swiss team sport with 16 or 18 men per team. A rubber puck is hit towards the field of the adversary team which tries to hit the puck in the air with a wooden board thrown in the air ","Hornuss","sport suisse ","hornuss","Equipo de deporte suizo compuesto de 16 a 18 personas por equipo. Se lanza un disco de goma al campo de juego de los adversarios, los que tratan de lanzar el disco al aire con un tablero de madera. ","Hornussen","Schweizer Mannschaftsportart mit 16 oder 18 Spielern pro Team. Eine gummierte Scheibe (Hornuss) muss ins Feld der gegnerischen Mannschaft geschlagen werden, die versucht den Hornuss in der Luft mit einem hölzernen Abwehrbrett (Schindel) abzufangen. ","Hornuss","Sport svizzero di squadre formate da 16 o 18 atleti. Un puck di plastica è colpito verso il campo della squadra avversaria che cerca di mandarlo in aria con una mazza di legno ","ホルヌッセン","1チーム16人または18人で行うスイスの競技。投げたゴム製パックを敵陣地に向かって打つために木製の板を投げる "
"http://cv.iptc.org/newscodes/subjectcode/15088000","subj:15088000",,"subj:15088000",,,,"fist ball","Men's team sport similar to volleyball (with a much lower net) executed mainly in gymnastics clubs ","Fist ball","sorte de volleyball ","balon puño","Deporte masculino similar al volleyball (con una red más baja) ejecutado principalmente en clubes de gimnasia ","Faustball","Mannschaftssport ähnlich dem Volleyball (mit einem niedriger gespannten Netz), wird hauptsächlich in Turnvereinen gespielt. ","Sfera del pugno","Sport di squadra maschile simile alla pallavolo (con una rete molto più bassa) ","フィストボール","主にスポーツクラブで行われているバレーボールに似た(大変低いネットを使用)男子の団体競技 "
"http://cv.iptc.org/newscodes/subjectcode/15089000","subj:15089000",,"subj:15089000",,,,"inline skating","Competitive sports using inline skates ","Inline skating","patin à roulettes en ligne ","patinaje en línea","Deporte de Competición de patinaje en línea ","Inline Skating","Sportlicher Wettbewerb auf Inlineskates. ","Pattinaggio in linea","Sport competitivo nel quale si usano pattini in linea ","インラインスケート","インラインスケートを使用する競技 "
"http://cv.iptc.org/newscodes/subjectcode/15090000","subj:15090000",,"subj:15090000",,,,"grass ski","Alpine skiing on roller skis and grass ","Grass ski","ski sur herbe ","esquí sobre césped","Esquí con ruedas sobre césped. ","Grasski","Alpiner Skirennsport mit Rollskiern auf Graspisten. ","Sci su erba","Sci alpino su prato con sci dotati di rotelle ","芝スキー","芝をローラースキーで滑るアルペンスキー "
"http://cv.iptc.org/newscodes/subjectcode/15091000","subj:15091000",,"subj:15091000",,,,"snowbiking","Individual sport on snow on a snow bike, the athlete has two mini skis, previous name: ski bob ","Snowbiking","vélo sur neige ","snowbiking","Deporte individual en la nieve sobre una tabla ","Skibob","Einzelsportart auf Schnee auf einem Skibob, der Athlet benutzt zwei Kurz-Ski, bevorzugter Name: Skibob. ","Snowbiking","Sport individuale sulla neve in sella ad una snow bike (bicicletta con sci al posto delle ruote), gli atleti hanno due mini sci. ","スノーバイク","雪上の個人スポーツ。競技者は短いスキーを履き、前後にスキーが付いたバイクに乗る。以前はスキーボブと呼ばれていた "
"http://cv.iptc.org/newscodes/subjectcode/15092000","subj:15092000",,"subj:15092000",,,,"twirling","Team competition with majorettes and a jury ","Twirling","compétition de majorettes ","twirling","Competencia de equipos con majoretes y un jurado ","Twirling","Mannschaftswettbewerb mit Majoretten und einer Jury - (Tanzsportart mit einem Metallstab, dem Baton). ","Twirling","Competizione in squadra con majorette e una giuria ","トワリング","バトントワリングの団体競技会 "
"http://cv.iptc.org/newscodes/subjectcode/15093000","subj:15093000",,"subj:15093000",,,,"kendo","Japanese traditional martial art using a bamboo sword, sometimes called Japanese fencing. (Programme of National Sports Festival in Japan) ","Kendo","Art martial traditionnel japonais utilisant une épée de bambou ","kendo","Arte marcial tradicional del Japón con una espada de bambú. ","Kendo","Traditionelle japanische Kampfsportart mit einem Bambusschwert, auch Japanisches Fechten genannt. ","Kendo","Tradizionale arte marziale giapponese nella quale si usa una spada in bambù ","剣道","竹刀を用いる日本古来の武道。海外では「Japanese fencing」と呼ばれることもある(国民体育大会競技種目) "
"http://cv.iptc.org/newscodes/subjectcode/15094000","subj:15094000",,"subj:15094000",,,,"jukendo","Japanese traditional martial art using a model rifle made of wood. Juken"" means a rifle or gun with blade (bayonet). (Programme of National Sports Festival in Japan) ""","Jukendo","Art martial traditionnel japonais avec une baïonnette en bois ","jukendo","Arte marcial japonés con una arma de madera que simboliza un rifle con bayoneta ","Jukendo","Japanische traditionelle Kampfsportart mit einem Holzgewehr. Juken"" bedeutet Gewehr oder Waffe mit Bajonett. (Programm des Nationalen Sportfestivals in Japan) ""","Jukendo","Tradizionale arte marziale giapponese nella quale si usa un modello di fucile in legno. La parola Juken"" indica un fucile o una pistola con lama (baionetta). ""","銃剣道","木製のライフル銃を用いる日本古来の武道。「銃剣」は銃に装着する刃を意味する(国民体育大会競技種目) "
"http://cv.iptc.org/newscodes/subjectcode/15095000","subj:15095000",,"subj:15095000",,,,"naginata","Japanese traditional martial art using a pole sword made of wood. Naginata"" means a spear with a curved blade. (Programme of National Sports Festival in Japan) ""","Naginata","Art martial traditionnel japonais avec une longue canne recourbée en bois, le naginata ","naginata","Arte marcial japonés con una espada curvada de madera ","Naginata","Japanische traditionelle Kampfsportart mit einem Holzschwert. Naginata"" bedeutet Speer mit einem gebogenen Blatt. (Programm des nationalen Sportfestivals in Japan) ""","Naginata","Tradizionale arte marziale giapponese nella quale si usa una spada in legno dotata di asta. La parola navigata"" indica una lancia con una lama curva ""","なぎなた","木製の棒状の刀を用いる日本古来の武道。「なぎなた」とは湾曲した刀の付いた槍を意味する(国民体育大会競技種目) "
"http://cv.iptc.org/newscodes/subjectcode/15096000","subj:15096000",,"subj:15096000",,,,"kyudo","Japanese traditional martial art using a bamboo bow and arrows, sometimes called Japanese archery. (Programme of National Sports Festival in Japan) ","Kyudo","Tir à l'arc traditionnel du Japon ","kiudo","Tiro con arco tradicional del Japón. ","Kyodo","Japanische traditionelle Kampfsportart mit einem Bambusbogen und Pfeilen, manchmal auch japanisches Bogenschießen genannt. (Programm des nationalen Sportfestivals in Japan) ","Kyudo","Tradizionale arte marziale giapponese nella quale si usano arco e frecce in legno, a volte è chiamato tiro con l'arco giapponese ","弓道","竹製の弓と矢を用いる日本古来の武道。海外では「Japanese archery」と呼ばれることもある(国民体育大会競技種目) "
"http://cv.iptc.org/newscodes/subjectcode/15097000","subj:15097000",,"subj:15097000",,,,"kabaddi","The attacking side scores by touching, and the side to guard scores by capturing. The attacker continues calling it kabaddi"". ""","Kabaddi","Sport d'équipe d'origine indienne à mi-chemin entre la lutte et le rugby ","kabaddi","Deporte de origen indio donde dos equipos se persiguen tocando o capturando los jugadores contrarios ","Kabaddi","Die angreifende Seite punktet durch Berührung, die andere Seite durch Sicherung. Die wiederholten Angriffe nennt man kabaddi"". ""","Kabaddi","Gioco indiano. Due squadre devono segnare più punti possibili, toccando o bloccando i giocatori della squadra avversaria ","カバディ","攻撃側はタッチすることで、防御側は捕まえることで得点する。攻撃側は「カバディ」と言い続ける "
"http://cv.iptc.org/newscodes/subjectcode/15098000","subj:15098000",,"subj:15098000",,,,"sepak takraw","The game like volleyball which must not use a hand. The ball made of rattan is used. (Programme of National Sports Festival in Japan) ","Sepak takraw","Sport similaire au volley-ball mais sans les mains ","sepak takraw","Juego parecido al voleíbol donde no se usa las manos y la pelota esta hecha de ratán. ","Sepak Takraw","Ein Spiel ähnlich dem Volleyball, bei dem man nicht unbedingt die Hände benutzen muss. Benutzt wird ein Rattanball. ","Sepak Takraw","Gioco molto diffuso in Oriente simile alla pallavolo nel quale però non è permesso usare le mani. ","セパタクロー","手を使ってはいけないバレーボールのような競技。籐製のボールが使用される(訳注：現在はプラスチック製のものを使用)(国民体育大会競技種目) "
"http://cv.iptc.org/newscodes/subjectcode/15099000","subj:15099000",,"subj:15099000",,,,"wushu","Generally, Chinese traditional martial art. (Programme of National Sports Festival in Japan) ","Wushu","Art martial chinois traditionnel (art de la guerre) ","wushu","Arte marcial tradicional de China ","Wushu","Grundsätzliche chinesische traditionelle Kampfkunst. ","Wushu","Arte marziale cinese ","中国武術","中国古来の武術の総称(国民体育大会競技種目) "
"http://cv.iptc.org/newscodes/subjectcode/15100000","subj:15100000",,"subj:15100000",,,,"darts","Two players compete by throwing metal darts at a wall-mounted circular board divided radially into segments of different scores ",,,,,"Dart","Zwei Spieler werfen mit kleinen Pfeilen auf eine runde Scheibe, die in Segmente mit verschiedenen Zahlenwerten aufgeteilt ist. ","Freccette","Competizione fra due giocatori che lanciano dei dardi di metallo su un bersaglio, di forma circolare e diviso radialmente in vari segmenti corrispondenti ai punti, affisso ad un muro ","ダーツ","２人の競技者が金属製の矢を壁に掛けられた円盤に投げる。円盤は放射状に区分され、得点が異なる。 "
"http://cv.iptc.org/newscodes/subjectcode/15101000","subj:15101000",,"subj:15101000",,,,"bodybuilding","A person displays pronounced muscle tone and exaggerated muscle mass and definition for overall aesthetic effect ",,,,,"Bodybuilding","Modellierung des Körpers durch gezielte Muskelübungen und Aufbau von Muskelmasse und der Definition ästhetischer Bewertung. ","Bodybuilding","Attività ginnica che stimola l'accrescimento delle masse muscolari, il cui risultato viene poi valutato in competizioni in cui i giudici si esprimono su sviluppo, simmetria, proporzioni, ecc. ","ボディービル","競技者は隆々たる筋肉を示し、全体としての美的効果を競う "
"http://cv.iptc.org/newscodes/subjectcode/15102000","subj:15102000",,"subj:15102000",,,,"sports disciplinary action","Actions, including fines and suspensions levied by sports organisations and teams ",,,,,"Disziplinarmaßnahme im Sport","Sanktionen, einschließlich Geldstrafen und Suspendierungen, erhoben von Sportorganisationen und Sportmannschaften. ",,,,
"http://cv.iptc.org/newscodes/subjectcode/15103000","subj:15103000",,"subj:15103000",,,,"sports awards","Awards and honors given by sports organisations or won by sports figures ",,,,,"Sportlerehrungen","Preise und Auszeichnungen die durch Sportorganisationen vergeben oder durch Sportler gewonnen werden. ",,,,
"http://cv.iptc.org/newscodes/subjectcode/16000000","subj:16000000","subj:16000000",,,,,"unrest, conflicts and war","Acts of socially or politically motivated protest and/or violence. ","Guerres et conflits","Actes violents ou non de protestation à caractère politique ou social ","disturbios, conflictos y guerra","Actos de protesta y/o violencia motivados por conflictos sociales o políticos. ","Krise, Krieg, Konflikt","Protest- und/oder Gewaltaktionen, die sozial oder politisch motiviert sind. ","Agitazioni,Conflitti, Guerre","Atti di protesta e/ o violenza motivati da conflitti sociali o politici ","戦争・紛争","社会的または政治的な動機による抗議と暴力、またはどちらか一方の行為 "
"http://cv.iptc.org/newscodes/subjectcode/16001000","subj:16001000",,"subj:16001000",,,,"act of terror","Act of violence, often deadly, designed to raise fear and anxiety in a population ","Actes de terrorisme","Actes de violence et/ou de terreur ","terrorismo","Acto de violencia, a menudo mortal, destinado a causar temor y anciedad en la población. ","Terrorismus","Meist tödliche Gewalttat, um Angst und Schrecken in der Bevölkerung auzulösen. ","Terrorismo","Atti o minacce per suscitare paura e ansia tra la popolazione ","テロ","住民に恐れや心配を引き起こすために企てられた行為で、多くの場合が致命的である暴力行為 "
"http://cv.iptc.org/newscodes/subjectcode/16002000","subj:16002000",,"subj:16002000",,,,"armed conflict","Disputes between opposing groups involving the use of weaponry, but not formally declared a war ","Conflits armés","Lutte armée entre groupes opposés ","conflicto armado","Disputas entre grupos opositores que envuelven el uso de armas de fuego, pero noconsiderado una guerra declarada. ","Bewaffneter Konflikt","Auseinandersetzungen zwischen gegensätzlichen Gruppen, mit dem Einsatz von Waffen aber ohne Kriegserklärung. ","Conflitto armato","Lotta armata messa in atto da gruppi o fazioni opposte con l'uso di mezzi e armi da fuoco, pur non essendo una guerra formalmente dichiarata ","武力紛争","武器を使用することを含めた敵対集団同士の争い。しかし正式に戦争を宣言していない "
"http://cv.iptc.org/newscodes/subjectcode/16003000","subj:16003000",,"subj:16003000",,,,"civil unrest","Dissatisfaction among the general population as evidenced by rallies, strikes, demonstrations or sabotage ","Désordres civils","Troubles civils, mécontentement de la population se traduisant par la multiplication de grèves, manifestations, voire des sabotages ","agitación civil","Actividades tales como protestas, marchas, demostraciones públicas o sabotaje que muestran el descontento de la poblacion. ","Unruhen","Unzufriedenheit innerhalb der Bevölkerung, die sich in Versammlungen, Streiks, Demonstrationen oder Sabotagen ausdrückt. ","Disordini","Agitazioni civili attuate per es. attraverso adunate, scioperi, dimostrazioni ma anche sabotaggi ","社会不安","集会、ストライキ、デモ、妨害行為によって証拠付けられるような一般住民の不安 "
"http://cv.iptc.org/newscodes/subjectcode/16003001","subj:16003001",,,"subj:16003001",,,"revolutions","An often violent change in a nation's system of government by internal forces that results in systematic social change. ","Révolutions","Révolution, changement généralement violent de système politique et social dans un pays ","revoluciones","A menudo es un violento cambio en el sistema de gobierno de un país hecho por fuerzas internas dando resultado un cambio social sistemático. ","Revolution","Ein meist gewaltätiger Wechsel der Regierung eines Landes durch interne Kräfte, die in systematische soziale Veränderungen mündet. ","Rivoluzione","Cambiamento spesso attuato in forma violenta del sistema di governo di una nazione realizzato da forze interne, con cambiamenti anche del sistema sociale ","革命","政府が確立した国内体制に対しての内部勢力による劇的な変化であり、結果的に組織的な社会変動をもたらす "
"http://cv.iptc.org/newscodes/subjectcode/16003002","subj:16003002",,,"subj:16003002",,,"rebellions","Armed uprising by citizens of a nation with the intent to overthrow the government, without necessarily achieving social change ","Rébellions","Rébellion, révolte contre le pouvoir en place ","rebeliones","Insurrección armada hecha por ciudadanos de un país con la intención de derrocar al gobierno, sin necesariamente alcanzar un cambio social. ","Rebellion","Bewaffneter Aufruhr der Bevölkerung einer Nation, mit dem Ziel die Regierung zu stürzen ohne zwingend soziale Veränderungen erreichen zu wollen. ","Ribellione","Rivolta contro il potere precostituito, insurrezione con l'intento di rovesciare il governo, senza necessariamente attuare dei cambiamenti sociali ","反乱","必ずしも社会変動の達成を目的としているわけではない、政府を打倒することを意図とした、国民による武装蜂起 "
"http://cv.iptc.org/newscodes/subjectcode/16003003","subj:16003003",,,"subj:16003003",,,"political dissent","Disagreement between political groups, usually organized and sometimes resulting in imprisonment of the dissenters ","Dissidence","Acte de désobéissance à l'ordre établi de la part d'individus ou de groupes politiques ","disenso político","Desacuerdo entre grupos políticos, generalmente organizados y algunas veces dando en resultado en encarcelamiento de los disidentes ","Politische Unruhen","Missverständniss zwischen politischen Gruppen, in der Regel organisiert, die manchmal in Verhaftungen münden. ","Dissenso","Disobbedienza politica rispetto all'ordine precostituito, che a volte porta a persecuzioni dei dissidenti ","政治対立","通常、組織化されて、時折、反対者の投獄をもたらす政治団体間の意見の相違 "
"http://cv.iptc.org/newscodes/subjectcode/16003004","subj:16003004",,,"subj:16003004",,,"religious conflict","Conflicts involving religious differences ","Conflit religieux","Lutte, opposition entre les tenants de croyances différentes ","conflictos religiosos","Conflictos que incluyen diferencias religiosas. ","Religiöser Konflikt","Konflikte, die religiöse Unterschiede miteinbeziehen. ","Conflitti religiosi","Scontri e lotte fra i fedeli di diverse religioni ","宗教紛争","宗教的相違から生じる衝突 "
"http://cv.iptc.org/newscodes/subjectcode/16003005","subj:16003005",,,"subj:16003005",,,"social conflict","Conflicts involving social differences ","Conflit social","Lutte, opposition entre deux groupes sociaux tels que le patronat et les syndicats ","conflictos sociales","Conflictos que incluyen diferencias sociales. ","Sozialer Konflikt","Konflikte, die soziale Unterschiede miteinbeziehen. ","Conflitti sociali","Lotte e opposizioni fra gruppi di diversa estrazione sociale ","社会紛争","社会的相違から生じる衝突 "
"http://cv.iptc.org/newscodes/subjectcode/16004000","subj:16004000",,"subj:16004000",,,,"coup d'etat","The overthrow of an established government by an organized group, often the military or a political party ","Coup d'état","Coup d'Etat, renversement violent ou non des autorités en place par un groupe organisé ","golpe de estado","El derrocamiento de un gobierno establecido mediante un grupo organizado, frecuentemente militar o partido político. ","Staatsstreich","Der Sturz einer etablierten Regierung durch eine organisierte Gruppe, meist das Militär oder eine politische Partei. ","Colpo Stato","Rovesciamento di un governo da parte di un gruppo organizzato, spesso un partito politico o la classe militare; Golpe ","クーデター","多くの場合軍あるいは政党などの組織された集団により、既に確立している政府が転覆させられること "
"http://cv.iptc.org/newscodes/subjectcode/16005000","subj:16005000",,"subj:16005000",,,,"guerrilla activity","Anti-government actions by clandestine groups using hit-and-run techniques or sabotage, kidnapping and the like ","Guérilla","Actions armées de groupes clandestins, y compris contre des civils, dans le but de déstabiliser un gouvernement ","guerrilla","Grupos clandestinos que promueven acciones anti gobierno mediante técnicas de ataques arteros o súbitos, sabotaje, secuestro u otros similares. ","Guerilla","Aktionen von Untergrundgruppen gegen die Regierung, die hit-and-run""-Techniken oder Sabotage, Entführung oder Geiselnahme und ähnliches einsetzen. ""","Guerriglia","Azioni contro il potere compiute da gruppi clandestini mediante l'utilizzo di tecniche di colpisci e scappa o di sabotaggio, sequestro, ecc. ","ゲリラ","秘密組織が電撃的な手法や破壊工作、誘拐およびそれと類似した行為を使って行う反政府行動 "
"http://cv.iptc.org/newscodes/subjectcode/16005001","subj:16005001",,,"subj:16005001",,,"bioterrorism","Use of biological agent to raise the level of fear within a population, whether deaths occur or not. ","Bioterrorisme","Utilisation de substances biologiques ou chimiques dans le but de provoquer la terreur des populations ","bioterrorismo","Uso de un agente biológico para aumentar el nivel de temor dentro de una población, haya o no muerte. ","Bioterrorismus","Einsatz von biologischen Kampfstoffen, um die Angst innerhalb der Bevölkerung zu steigern, ob tödlich oder nicht. ","Bioterrorismo","Uso offensivo di agenti biologici o chimici per aumentare il livello di panico all'interno di una popolazione ","生物テロ","生死に関わらず、人々の恐怖心を増長させる生物製剤の使用 "
"http://cv.iptc.org/newscodes/subjectcode/16005002","subj:16005002",,,"subj:16005002",,,"bombings","Use of explosive devices against people, buildings or structures ","Explosion de bombes","Action d'attaquer par bombes ou obus une cible matérielle ","bombardeo","Uso de aparatos explosivos contra las personas, edificios o estructuras. ","Bombenattentat","Einsatz von explosiven Materialien gegen Menschen, Gebäude oder Bauwerke. ","Attentato dinamitardo","Uso di dispositivi esplosivi contro persone, edifici o strutture ","爆弾テロ","人々、建物あるいは構造物に対する爆発装置の使用 "
"http://cv.iptc.org/newscodes/subjectcode/16006000","subj:16006000",,"subj:16006000",,,,"massacre","The death of a large group of people over a brief period of time ","Massacre","Massacre, tuerie d'un grand nombre de personnes sur une période brève ","matanza","La muerte de un grupo grande de personas sobre un breve periodo de tiempo. ","Massaker","Das Töten einer großen Menschengruppe über einen kurzen Zeitraum. ","Massacro","Morte violenta di un vasto gruppo di persone nell'arco di un breve periodo di tempo ","虐殺","短期間に多数の人間を殺害すること "
"http://cv.iptc.org/newscodes/subjectcode/16006001","subj:16006001",,,"subj:16006001",,,"genocide","Systematic killing of one clan, tribe or ethnic type by another ","Génocide","Elimination ethnique massive ","genocidio","Sistemática matanza de un clan, tribu o clase étnica por otra. ","Völkermord","Systematisches Töten einer Glaubensgemeinschaft, eines Volkstammes oder einer ethnischen Gruppe durch eine andere. ","Genocidio","Sterminio di un clan, tribù, etnia o popolo ","大量虐殺","一族、部族、または少数民族に対する、他者による組織的な殺害 "
"http://cv.iptc.org/newscodes/subjectcode/16007000","subj:16007000",,"subj:16007000",,,,"riots","Violent, destructive demonstrations often involving injury to individuals and destruction of property ","émeutes","Emeute, manifestation violente impliquant souvent blessés et destruction de biens publics ou d'autrui ","disturbios","Desmostraciones violentas y destructivas que normalmente generan heridos y la destrucción de propiedades. ","Aufruhr","Gewaltätige und zerstörerische Demonstration, meist mit Verletzungen von Personen und der Zerstörung von Eigentum verbunden. ","Sommossa","Dimostrazione violenta e distruttiva che spesso implica feriti e distruzioni di proprietà ","暴動","暴力、たいてい個人に危害を加えたり、財産を破壊することを含む破壊的なデモ活動 "
"http://cv.iptc.org/newscodes/subjectcode/16008000","subj:16008000",,"subj:16008000",,,,"demonstration","A public show of feeling or opinion, as by a mass meeting or parade ","Manifestations","Manifestation organisée à caractère politique et/ou social ","manifestaciones violentas","La muestra pública violenta de sentimientos u opinones mediante grandes concentraciones o marchas. ","Demonstration","Öffentliche Meinungsäußerung in Form einer Massenveranstaltung oder Parade. ","Manifestazione","Pubblica dimostrazione organizzata in piazza di carattere politico o sociale, ma anche una riunione di massa o una parata ","デモ","大規模集会や行進によって感情や意見を公に表現すること "
"http://cv.iptc.org/newscodes/subjectcode/16009000","subj:16009000",,"subj:16009000",,,,"war","A formal declaration of hostilities by one country against another ","Guerre","Guerre entre pays ","guerra","La declaracionformal de hostilidades de un país hacia otro. ","Krieg","Eine formale Feindschaftserklärung des einen Landes gegen ein anderes. ","Guerra","Formale dichiarazione di ostilità di un paese nei confronti di un altro ","戦争","一つの国が別の国に対して行う交戦状態の正式な宣言 "
"http://cv.iptc.org/newscodes/subjectcode/16009001","subj:16009001",,,"subj:16009001",,,"civil war","Armed conflict between members of the same nation or geographical region, in some cases with a desire to divide the nation or region. ","Guerre civile","Affrontement violent et armé entre groupes organisés d'un même pays ","guerra civil","Conflicto armado entre miembros de un mismo país o región geográfica, en algunos casos con la intención de dividir a un país o región.. ","Bürgerkrieg","Bewaffneter Konflikt zwischen Mitgliedern einer Nation oder geografischen Region, manchmal mit dem Wunsch, diese zu teilen. ","Guerra civile","Conflitto armato tra membri di una stessa nazione o regione geografica, in alcuni casi finalizzato a dividere la nazione/regione ","内戦","同国または地理的に同一地区の人々の紛争、時に国または地域を分割しようとする紛争 "
"http://cv.iptc.org/newscodes/subjectcode/16009002","subj:16009002",,,"subj:16009002",,,"international military intervention","Temporary use of international forces by invitation or by a decision of an outside body in another country or region for the purpose of resolving a crisis. ","Interventions militaires","Force armée internationale s'interposant temporairement entre des bélligérants dans un processus de paix ","intervenciones militares internacionales","Empleo temporal de fuerzas internacionales por medio de una invitación o decisión de un cuerpo extranjero en otro país región con el propósito de resolver una crisis. ","Internationale militärische Intervention","Temporäre Nutzung von Internationalen Streitkräften durch Aufforderung oder Entscheidung von Außenstehenden eines anderen Landes oder Region mit der Absicht eine Krise aufzulösen. ","Intervento militare internazionale","Uso di forze militari internazionali in una nazione/regione su invito o decisione di una istituzione esterna con lo scopo di risolvere una crisi ","武力介入","危機を解決する目的で、他国や地域における内部からの要請、または外部からの決定による一時的な国際軍事力の使用 "
"http://cv.iptc.org/newscodes/subjectcode/16009003","subj:16009003",,,"subj:16009003",,,"prisoners and detainees","People captured and imprisoned by their enemy during war or armed conflict ","Prisonniers et détenus","Prisonniers et détenus pendant une guerre ou un conflit armé ","prisioneros y detenidos","Personas capturadas y retenidas por sus enemigos durante una guerra o conflicto armado. ","Kriegsgefangene","Menschen, die während eines Krieges oder eines bewaffneten Konflikts von den Gegnern gefangengehalten werden. ","Prigionieri Guerra","Persone catturate e imprigionate durante una guerra o un conflitto armato ","捕虜・抑留者","戦争や武力紛争の期間に敵に捕虜にされたり、投獄された人々 "
"http://cv.iptc.org/newscodes/subjectcode/16010000","subj:16010000",,"subj:16010000",,,,"conflict (general)","A dispute which can be at several levels, ","Conflits","Les différents niveaux d'un conflit ","conflicto (general)","Una disputa que puede generarse en distintos niveles. ","Konflikt","Auseinandersetzung, die auf verschiedenen Ebenen stattfinden kann. ","Conflitti (generico)","Disputa a diversi livelli ","紛争（一般）","いくつかのレベルにあることができる論争 "
"http://cv.iptc.org/newscodes/subjectcode/16010001","subj:16010001",,,"subj:16010001",,,"peacekeeping force","Varied national military forces under unified international command to maintain order in disputed areas. ","Forces de maintien de la paix","Forces armées de plusieurs pays destinées, sous un commandement international unique, à maintenir l'ordre dans des zones en conflit ","fuerza de paz","Fuerzas militares de distinta nacionalidad unificadas bajo un comando Internacional para mantener el orden de áreas en disputa. ","Friedenstruppe","Verschiedene militärische Truppen unter einem internationalen Kommando, um die Stabilität in Konfliktregionen zu sichern. ","Peacekeeping","Forze militari di varie nazioni sotto un comando unificato internazionale incaricate di mantenere l'ordine e la pace in aree in conflitto tra loro ","平和維持軍","紛争が起きている地域で秩序を維持する、国際的な指揮の下で一体になった様々な国立軍事力 "
"http://cv.iptc.org/newscodes/subjectcode/16011000","subj:16011000",,"subj:16011000",,,,"crisis","Conflict of all kinds that rises to a level where, depending on events, governments can fall, war be declared or stock markets crash, or not ","Crise","L'état de crise politique, économique et financière ","crisis","Conflictos de toda clase que pueden generar , dependiendo de los eventos, la caida de gobiernos, declaración de guerra o la caida de los mercados bursatiles. ","Krise","Konflikte aller Art, die sich zu einer Stufe entwickeln können, abhängig von Ereignissen, bei denen Regierungen gestürzt werden können, Kriege erklärt werden können, Börsenmärkte zusammenbrechen können, oder auch nicht. ","Crisi","Stato di crisi politica, economica, finanziaria a vari livelli ","危機","政府が陥落する、戦争が起きる、株式市場が崩壊するなどの事象が起きうるレベルまでに高まったあらゆる摩擦 "
"http://cv.iptc.org/newscodes/subjectcode/16012000","subj:16012000",,"subj:16012000",,,,"weaponry","Armaments of all types used to conduct war ","Armement","armement utilisé pour la guerre ","armas","Armamento de todo tipo utilizado en la conducción de la guerra. ","Waffen","Waffen aller Art, die während des Krieges genutzt werden. ","Armamenti","Armamenti di tutti i tipi usati per condurre una guerra ","軍備","戦争に使用されるあらゆる種類の軍備 "
"http://cv.iptc.org/newscodes/subjectcode/17000000","subj:17000000","subj:17000000",,,,,"weather","The study, reporting and prediction of meteorological phenomena. ","Météo","Etude et prévision des phénomènes météo ","meteorología","El estudio, informe y predicción de fenómenos meteorológicos. ","Wetter","Studien, Berichte und Vorhersagen meteorologischer Phänomene. ","Meteo","Studio, previsione e bollettini riguardanti i fenomeni meteorologici ","気象","気象現象の研究、リポートおよび予測 "
"http://cv.iptc.org/newscodes/subjectcode/17001000","subj:17001000",,"subj:17001000",,,,"forecast","Prediction of the course of the weather in the future either near term or long term ","Prévisions","Prévisions météo ","pronósticos","Predicción del curso del clima en el futuro cercano o a largo plazo. ","Vorhersage","Vorhersage über den Verlauf des Wetters sowohl für einen kürzeren als auch längeren zukünftigen Zeitraum. ","Previsioni","Previsioni sullo stato del tempo a breve o lungo termine ","天気予報","短期間か長期間のどちらかにおける、将来の天気の推移予測 "
"http://cv.iptc.org/newscodes/subjectcode/17002000","subj:17002000",,"subj:17002000",,,,"global change","The determination whether the Earth is getting warm, or colder, whether seas are rising or falling and the like ","évolutions climatiques","Tout ce qui concerne le changement climatique ","cambios climáticos","Situación generada por el calentamiento o enfriamiento de la Tierra, o el cambio en los niveles del océano. ","Klimaveränderung","Ermittlung ob die Erde wärmer oder kälter wird, der Meeresspiegel steigt oder fällt und Ähnliches.","Cambiamenti climatici","Determinazione delle condizioni globali del pianeta e dei cambiamenti globali del clima ","気候変動","地球全体がだんだん暖かくなっているか寒くなっているかどうかや海面がだんだん上昇しているのか低下しているのかなどの変化 "
"http://cv.iptc.org/newscodes/subjectcode/17003000","subj:17003000",,"subj:17003000",,,,"report","Any distributed announcement about the weather ","Bulletins","bulletin météo ","boletines","Cualquier anuncio relacionado a pronosticos del tiempo. ","Wetterbericht","Jede verbreitete Ankündigung über das Wetter. ","Bollettini meteo","Annunci che vengono diffusi in vario modo sulle condizioni meteo ","気象報告","気象に関するあらゆる配布資料 "
"http://cv.iptc.org/newscodes/subjectcode/17003001","subj:17003001",,,"subj:17003001",,,"weather news","General information about weather events ","Informations météorologiques","relevé des données climatiques ","información general sobre el eventos climatológicos","Información general acerca eventos climatologicos. ","Wetternachrichten","Generelle Informationen über Ereignisse das Wetter betreffend. ","Notizie meteo","Informazioni generali sugli eventi meteo ","気象情報","気象に関する一般的な情報 "
"http://cv.iptc.org/newscodes/subjectcode/17004000","subj:17004000",,"subj:17004000",,,,"statistic","Numerical facts about the weather such as temperature, barometric pressure, river levels, humidity, high and low tides and the like ","Statistiques","Informations chiffrées sur la température, la pression barométrique, le niveau des rivières, de l'hydrométrie, des marées ","estadísticas","Información numerica acerca datos climatologicos tales como temperaturas, presión barométrica, nivel de los rios, humedad, mareas altas o bajas u otros similares. ","Wetterdaten","Daten über das Wetter, wie Temperatur, Luftdruck, Flusspegel, Luftfeuchtigkeit, Ebbe und Flut und Ähnliches.","Statistiche","Statistiche con dati meteorologici come temperatura, pressione barometrica, livello dei fiumi, alta e bassa marea, ecc. ","気象統計","温度、気圧、川の水位、湿度、干満潮のような気象に関する数値的事実 "
"http://cv.iptc.org/newscodes/subjectcode/17005000","subj:17005000",,"subj:17005000",,,,"warning","Alerts to the general populace about severe weather coming their way ","Alertes","alertes météorologiques ","advertencia","Alertas a la población general sobre severas condiciones meteorológicas que se aproximan ","Unwetterwarnung","Warnungen an die gesamte Bevölkerung vor heranziehendem Unwetter. ","Allerta meteo","Allarmi generali per avvertire la popolazione sull'arrivo di gravi condizioni meteorologiche ","気象警報","来るべき厳しい気候に関する一般大衆への警告 "
